"ID","区分","機種名","型式名","慣用名","短縮名","メーカー","内規","カテゴリー","型式番号","導入開始日","スマート","遊タイム","有効"
"10508","S","ヤバチバ","LヤバチバZM",,,"ネット","6.5号機","AT","5S1800","2026/7/6","1","0","1"
"10507","P","eワールドダイスター","e/ワールドダイスター/L04",,,"大都技研",,"ライトミドル","610055","2026/7/6","1","0","1"
"10506","P","eF機動戦士ガンダムSEED クライマックス","eフィーバー機動戦士ガンダムSEED2A",,,"SANKYO",,"その他","6P0051","2026/8/3","1","0","1"
"10505","P","e一方通行 最狂","eとある魔術の禁書目録 一方通行 最狂RRA",,"e一方通行 最狂","オレンジ",,"ライトミドル","5P1881","2026/7/6","1","0","1"
"10504","P","e 甲鉄城のカバネリ2 輪廻の果報119ver.","e甲鉄城のカバネリ2SCEA",,"eカバネリ2 119ver.","サミー",,"甘デジ","610287","2026/9/7","1","0","1"
"10503","S","スマスロ リコリス・リコイル","L スマスロ リコリス・リコイル KX",,"Lリコリス・リコイル","サミー","6.5号機","AT","6S0400","2026/9/7","1","0","1"
"10502","P","e結城友奈は勇者である～極限7500～","e結城友奈は勇者であるMP",,"eゆゆゆ～7500～","サンセイR&D",,"ミドル","511230","2026/7/6","1","0","1"
"10501","S","パチスロ見える子ちゃん","L見える子ちゃんSC",,"L見える子ちゃん","パイオニア","6.5号機","AT","6S0265","2026/9/7","1","0","1"
"10500","P","e 東京喰種 超デカ超一撃ver.","e東京喰種MW",,"e東京喰種 超デカ超一撃ver.","ビスティ",,"その他","510747","2026/6/8","1","0","1"
"10499","P","P 魔法少女まどか☆マギカ3 キュゥべえver.","P魔法少女まどか☆マギカ3MAJ1",,"まどマギ3 キュゥべえver.","京楽",,"甘デジ","510753","2026/6/8","0","0","1"
"10498","S","L邪神ちゃんドロップキック","L邪神ちゃんドロップキックTX",,"L邪神ちゃん","サンスリー","6.5号機","AT","5S1821","2026/8/3","1","0","1"
"10497","P","PシャカRUSH Z Jr.","PシャカRUSH ZA",,"シャカRUSH Z Jr.","マルホン",,"甘デジ","4P1649","2026/6/22","0","0","1"
"10496","S","Lすーぱぁびん娘","Lびん娘NY1",,"Lすーぱぁびん娘","ベルコ","6.5号機","AT","5S1500","2026/8/3","1","0","1"
"10495","P","eFブルーロック Light ver.","eフィーバーブルーロックY",,"eFブルーロック甘","SANKYO",,"ライトミドル","6P0044","2026/7/6","1","0","1"
"10494","P","PFブルーロック Light ver.","PフィーバーブルーロックY",,"PFブルーロック甘","SANKYO",,"ライトミドル","5P1468","2026/7/6","0","0","1"
"10493","S","スマスロ とんでもスキルで異世界放浪メシ","LとんでもスキルKM",,"Lとんスキ","コナミアミューズメント","6.5号機","AT","5S1909","2026/8/3","1","0","1"
"10491","S","ローティス","LローティスTN",,"Lローティス","北電子","6.5号機","AT","531154","2026/7/6","1","0","1"
"10490","P","PA花の慶次～傾奇一転 87ver.","PA花の慶次~傾奇一転N",,"花の慶次～傾奇一転 87ver.","ニューギン",,"甘デジ","5P0913","2026/6/8","0","1","1"
"10489","S","スマスロ やじきた道中記参る!","Lやじきた道中記参る!BG",,"Lやじきた道中記参る!","ユニバーサルブロス","6.5号機","AT","5S1948","2026/8/3","1","0","1"
"10488","S","L南国育ち SPECIAL","L南国育ちSPM1",,"L南国育ちSP","アムテックス","6.5号機","AT","531057","2026/7/6","1","0","1"
"10487","P","eガールズ&パンツァー 最終章 159ver.","eガールズ&パンツァー3LBH7",,"eガルパン 159ver.","平和",,"ライトミドル","5P1750","2026/7/6","1","0","1"
"10486","P","e 東京リベンジャーズ 聖夜決戦編","e東京リベンジャーズ聖夜決戦編EREC",,"e東京リベンジャーズ 聖夜決戦編","サミー",,"ライトミドル","6P0264","2026/7/6","1","0","1"
"10485","S","Lパチスロ からくりサーカス2","Lからくりサーカス2jG",,"Lからくりサーカス2","SANKYO","6.5号機","AT","5S1811","2026/7/6","1","0","1"
"10484","P","eソードアート・オンライン オルタナティブ ガンゲイル・オンライン","e/ガンゲイル・オンライン/M08",,"eSAOガンゲイル・オンライン","大都技研",,"ミドル","5P1793","2026/6/8","1","0","1"
"10483","S","スロット ソードアート・オンラインII","L/ソードアート・オンラインII/PA1",,"L SAO2","パオン・ディーピー","6.5号機","AT","531088","2026/6/8","1","0","1"
"10482","P","P 犬夜叉3.0 大入り 甘SPEC","P犬夜叉FH-NF",,"犬夜叉3.0 大入り 甘","D-light",,"ライトミドル","511139","2026/5/25","0","0","1"
"10481","P","遊moreLT PエガブレイブVVV","P遊moreLTエガブレイブAX4",,"LT PエガブレイブVVV","豊丸",,"その他","610163","2026/6/8","0","0","1"
"10480","P","e魔法少女リリカルなのは","e魔法少女リリカルなのはHTEZ2",,"e魔法少女リリカルなのは","サンスリー",,"ミドル","6P0220","2026/7/6","1","0","1"
"10479","S","スマスロケロット5BT","LBケロット5ND05H",,"Lケロット5BT","山佐ネクスト","6.5号機","A","5S1696","2026/7/6","1","0","1"
"10478","P","デカスタP戦国無双 100ver.","P戦国無双N",,"戦国無双 100ver.","ニューギン",,"甘デジ","510848","2026/5/11","0","0","1"
"10477","P","eF デッドマウント・デスプレイ 魂神9000","eフィーバーデッドマウント・デスプレイT",,"eDMDP","SANKYO",,"ミドル","5P1723","2026/6/8","1","0","1"
"10476","P","P入るんスタート×織田信奈の野望","P織田信奈の野望V4A",,"入るんスタート×織田信奈の野望","高尾",,"ライトミドル","5P1015","2026/7/6","0","0","1"
"10475","P","e バイオハザード6","eバイオハザード6APN",,"eバイオハザード6","七匠",,"ライトミドル","5P1286","2026/5/11","1","0","1"
"10474","S","LBスロットGALFY","LBスロットガルフィーA4",,"LB GALFY","オーイズミ","6.5号機","A","5S1315","2026/5/25","1","0","1"
"10473","S","L戦国乙女5 業火を穿つ宿焔の双刃","L戦国乙女5L8",,"L戦国乙女5","オリンピア","6.5号機","AT","6S0006","2026/6/8","1","0","1"
"10472","P","ぱちんこ 必殺仕事人VI","e必殺仕事人VI M2",,"必殺仕事人VI","京楽",,"ミドル","6P0012","2026/7/6","1","0","1"
"10471","S","戦国コレクション6","L戦国コレクション6KS",,"戦コレ6","コナミアミューズメント","6.5号機","AT","5S1589","2026/7/6","1","0","1"
"10470","P","e ライザのアトリエ ～常闇の女王と秘密の隠れ家～","eライザのアトリエK3",,"eライザのアトリエ","京楽",,"ライトミドル","5P1848","2026/5/7","1","0","1"
"10469","P","eひきこまり吸血姫の悶々","eひきこまり吸血姫の悶々FHV",,"eひきこまり吸血姫の悶々","藤商事",,"その他","511107","2026/5/11","1","0","1"
"10468","S","Lパチスロ 機動戦士ガンダムユニコーン 覚醒DRIVE","L機動戦士ガンダムユニコーン2jA",,"Lユニコーン2","ビスティ","6.5号機","AT","5S1377","2026/4/20","1","0","1"
"10467","P","eカケグルイ 7500ver","eカケグルイ~生か死か~LTT-KR",,"eカケグルイ 7500ver","D-light",,"ライトミドル","511222","2026/5/11","1","0","1"
"10466","P","eカケグルイ 219ver","eカケグルイLTT-NV",,"eカケグルイ 219ver","D-light",,"ライトミドル","5P1654","2026/5/11","1","0","1"
"10465","S","スマート沖スロ ダークハイビ","LダークハイビSB",,"Lダークハイビ","パイオニア","6.5号機","AT","6S0070","2026/6/22","1","0","1"
"10464","P","PFクィーンII「2026年」","PAフィーバークィーンIIYS",,"クィーンII「2026年」","SANKYO",,"甘デジ","5P1442","2026/5/11","0","0","1"
"10463","P","eリコリス・リコイル","eリコリス・リコイルM3",,"eリコリス・リコイル","ニューギン",,"ライトミドル","510852","2026/4/6","1","0","1"
"10462","P","PAスーパー海物語IN沖縄6 Withえなこ","PAスーパー海物語IN沖縄6RBD",,"スーパー海物語IN沖縄6 Withえなこ","三洋物産",,"甘デジ","5P1699","2026/6/8","0","0","1"
"10461","P","eルパン三世VSキャッツ・アイ157ver. 極限突破ブッた斬り7500","eルパン三世VSキャッツアイLBM6",,"eルパン三世VSキャッツ・アイ157ver.","アムテックス",,"ライトミドル","5P1547","2026/5/11","1","0","1"
"10460","S","Lタクトオーパス デスティニー","LタクトオーパスM1",,"Lタクトオーパス デスティニー","アムテックス","6.5号機","AT","5S1493","2026/5/11","1","0","1"
"10459","P","e冥妃転生","eメイヒテンセイCMP",,"e冥妃転生","メーシー",,"ライトミドル","5P1957","2026/6/8","1","0","1"
"10458","S","スマスロ BIRDIE WING -Golf Girls' Story-","LバーディーウイングBC",,"L BIRDIE WING","ユニバーサルブロス","6.5号機","AT","5S1538","2026/6/8","1","0","1"
"10457","P","e 学園黙示録ハイスクール・オブ・ザ・デッド3","eハイスクールオブザデッド3V1A",,"eHOTD3","高尾",,"ミドル","510835","2026/6/8","1","0","1"
"10456","P","e リング 最恐領域","eリング 最恐領域RHA",,"eリング 最恐領域","オレンジ",,"その他","5P1458","2026/4/20","1","0","1"
"10455","S","LBトリプルクラウンセブン","LBTCSFG",,"LBトリプルクラウンセブン","岡崎産業","6.5号機","A","5S1007","2026/4/6","1","0","1"
"10454","P","P ウルトラマンメビウス デカヘソ319","PウルトラマンメビウスM4",,"ウルトラマンメビウス 319","オッケー.",,"ミドル","5P1361","2026/4/6","0","0","1"
"10453","P","P にゃんこ大戦争 多様性のネコ 神さまにおまかせ88ver.","Pにゃんこ大戦争~多様性のネコ~88らいとばーじょんM2",,"にゃんこ大戦争 多様性のネコ 88ver.","京楽",,"甘デジ","5P0106","2026/4/6","0","0","1"
"10452","P","e転生したらスライムだった件2","e転生したらスライムだった件2MF",,"e転スラ2","サンセイR&D",,"その他","5P1693","2026/4/6","1","0","1"
"10451","P","e86-エイティシックス-","eエイティシックスMAM2",,"e86","アムテックス",,"ライトミドル","5P1519","2026/4/20","1","0","1"
"10450","P","e 化物語 鬼99ver.","e化物語2GSED",,"e化物語 99ver.","サミー",,"甘デジ","510868","2026/6/8","1","0","1"
"10449","S","スマスロスーパーリオエース2","Lパチスロスーパーリオエース2ND02H",,"Lスーパーリオエース2","山佐ネクスト","6.5号機","AT","5S1634","2026/5/11","1","0","1"
"10448","S","真打 吉宗","L/真打吉宗/A1",,"L真打吉宗","大都技研","6.5号機","AT","530504","2026/4/6","1","0","1"
"10447","P","eまわるん超ワープ ギンギラパラダイス VIVA FESTA","eギンパラVIVAFESTAHTA2",,"eギンパラ VIVA FESTA","サンスリー",,"ミドル","5P1714","2026/5/7","1","0","1"
"10446","S","スマスロ ビッグドリーム THE GOLDEN PUSHER","L ビッグドリーム KR",,"Lビッグドリーム","サミー","6.5号機","AT","531040","2026/5/11","1","0","1"
"10445","P","スマパチ SSSS.GRIDMAN メガSTART 159ver.","eグリッドマンBDN",,"eグリッドマン 159ver.","七匠",,"ライトミドル","510964","2026/3/16","1","0","1"
"10444","P","P モモキュンソード 速撃99ver.","P桃剣鬼神AD",,"モモキュンソード 99ver.","ソフィア",,"甘デジ","510751","2026/3/16","0","0","1"
"10443","P","PキングモンスターRUSH 67Ver.","PキングモンスターRUSH AK",,"キングモンスター 67Ver.","竹屋",,"甘デジ","4P1455","2026/3/16","0","0","1"
"10442","P","e 乃木坂46 II SWEET Version","e乃木坂46II_SweetVer.KA1",,"e 乃木坂46 II SWEET Version","京楽",,"ライトミドル","5P0591","2026/3/16","1","0","1"
"10441","P","PA戦国乙女7 終焉の関ヶ原 ときめき78バージョン「PB機」","PA戦国乙女7~78GO1",,"PA戦国乙女7「PB機」","アムテックス",,"甘デジ","5P0712","2026/3/2","0","0","1"
"10440","S","スマスロ バイオハザードRE:3","LバイオハザードRE:3 ZD",,"LバイオハザードRE:3","エンターライズ","6.5号機","AT","5S1629","2026/5/11","1","0","1"
"10439","P","eワンパンマン2～正義執行","eワンパンマン2~正義執行LM10",,"eワンパンマン2～正義執行","ニューギン",,"ライトミドル","5P1338","2026/3/2","1","0","1"
"10438","P","PAコマコマ倶楽部with坂本冬美89確変ループ10ラウンド極","PAコマコマ倶楽部with坂本冬美VLP1",,"コマコマ倶楽部with坂本冬美89","豊丸",,"甘デジ","5P1485","2026/4/6","0","1","1"
"10437","P","Pクイーンズブレイド奈落ナナエル79Ver.","Pクイーンズブレイド奈落V3B",,"Pクイーンズブレイド奈落79Ver.","高尾",,"甘デジ","511030","2026/5/11","0","0","1"
"10436","S","L虚構推理","L虚構推理ST",,"L虚構推理","D-light","6.5号機","AT","5S1217","2026/4/6","1","0","1"
"10435","P","P Re:ゼロから始める異世界生活 season2 129ver.","P/Re:ゼロから始める異世界生活season2/A10",,"Re:ゼロ2 129ver.","大都技研",,"ライトミドル","5P0968","2026/3/2","0","0","1"
"10434","P","P Re:ゼロから始める異世界生活 season2 249ver.","P/Re:ゼロから始める異世界生活season2/M04",,"Re:ゼロ2 129ver.","大都技研",,"ライトミドル","4P1864","2026/3/2","0","0","1"
"10433","P","e牙狼11～冴島大河～魔戒BURST Ver.","e牙狼トリプルバーストRF",,"e牙狼11","サンセイR&D",,"ミドル","510971","2026/3/2","1","0","1"
"10432","P","eFキン肉マン","eフィーバーキン肉マン",,"eキン肉マン","SANKYO",,"その他","5P1492","2026/4/20","1","0","1"
"10431","P","P攻殻機動隊SAC_2045 LT99ver.","P攻殻機動隊SAC_2045LTD-VS",,"攻殻機動隊SAC_2045 LT99ver.","D-light",,"甘デジ","410950","2026/3/2","0","0","1"
"10430","S","スマスロヨルムンガンド","LパチスロヨルムンガンドND01G",,"Lヨルムンガンド","山佐ネクスト","6.5号機","AT","531070","2026/4/6","1","0","1"
"10429","P","e 魔法少女まどか☆マギカ3 時間遡行～始まりの願い～","e魔法少女まどか☆マギカ3LPM1",,"eまどか3","京楽",,"ミドル","5P1435","2026/3/2","1","0","1"
"10428","P","eラグナドール 妖しき皇帝と終焉の夜叉姫","eラグナドールCMB",,"eラグナドール","メーシー",,"その他","510956","2026/4/6","1","0","1"
"10427","S","アニマルスロットドッチ","LアニマルスロットドッチZT",,"Lドッチ","北電子","6.5号機","AT","530564","2026/4/20","1","0","1"
"10426","P","e 終末のワルキューレ","e終末のワルキューレEREA",,"eワルキューレ","サミー",,"ライトミドル","511081","2026/4/6","1","0","1"
"10425","S","A-SLOT+ 異世界かるてっとBT","LB 異世界かるてっと KR",,"LBいせかる","サミー","6.5号機","A","5S1513","2026/4/6","1","0","1"
"10424","S","スマスロ ミリオンゴッド-神々の軌跡-","L/ミリオンゴッド/CX",,"Lミリオンゴッド","ミズホ","6.5号機","AT","530692","2026/4/20","1","0","1"
"10423","P","P痛いのは嫌なので防御力に極振りしたいと思います。 極振り129ver","P防振り 極振り129verFVZ",,"P防振り 129ver","藤商事",,"ライトミドル","510561","2026/2/16","0","0","1"
"10422","P","PAぱちんこ乗物娘 with CYBERJAPANDANCERS 2nd season 77ver.","PA乗物娘2N",,"乗物娘 77ver.","ニューギン",,"甘デジ","5P0492","2026/2/2","0","1","1"
"10421","P","PAぱちんこ乗物娘 with CYBERJAPANDANCERS 2nd season 59ver.「PB機」","PA乗物娘2GO2",,"乗物娘 59ver.","ニューギン",,"甘デジ","5P1292","2026/2/2","0","1","1"
"10420","P","eAぷらねっとアポロGO","eAぷらねっとアポロGO2-X",,"eAぷらねっとアポロGO","豊丸",,"甘デジ","510903","2026/2/2","1","1","1"
"10419","P","P 俺の妹がこんなに可愛いわけがない。攻略!!スキップ159ver.","P俺の妹がこんなに可愛いわけがない。攻略スキップ159verM6",,"俺妹 159ver.","京楽",,"ライトミドル","5P0896","2026/2/2","0","0","1"
"10418","S","Lアクダマドライブ","LアクダマドライブTP",,"Lアクダマドライブ","サンスリー","6.5号機","AT","530756","2026/4/6","1","0","1"
"10417","P","P戦国乙女7 終焉の関ヶ原 99ver.","P戦国乙女7L0YU1",,"戦国乙女7 99ver.","アムテックス",,"甘デジ","5P0670","2026/3/2","0","0","1"
"10416","P","P冴えない彼女の育てかた 99ver.","P/冴えない彼女の育てかた/A01",,"冴えカノ 99ver.","大都技研",,"甘デジ","5P0172","2026/2/2","0","0","1"
"10415","S","Lパチスロ 炎炎ノ消防隊2","L炎炎ノ消防隊2",,"L炎炎ノ消防隊2","SANKYO","6.5号機","AT","530634","2026/2/2","1","0","1"
"10414","S","スマスロ ゴブリンスレイヤーII","LゴブリンスレイヤーII JZ",,"LゴブスレII","JFJ","6.5号機","AT","530709","2026/2/2","1","0","1"
"10413","P","eアクダマドライブ","eアクダマドライブEHLT",,"eアクダマドライブ","三洋物産",,"ミドル","510887","2026/3/2","1","0","1"
"10412","P","P ゴジラ対エヴァンゲリオン2 超デカシルバー","Pゴジラ対エヴァンゲリオン2LV",,"ゴジエヴァ2超デカシルバー","ビスティ",,"ライトミドル","5P1168","2026/1/5","0","0","1"
"10411","P","e ゴジラ対エヴァンゲリオン2 超デカゴールド","eゴジラ対エヴァンゲリオン2TR",,"eゴジエヴァ2超デカゴールド","ビスティ",,"ミドル","510468","2026/1/5","1","0","1"
"10410","P","e異世界でチート能力を手にした俺は現実世界をも無双する ～レベルアップは人生を変えた～","eいせれべFSZ",,"eいせれべ","藤商事",,"ライトミドル","510549","2026/2/2","1","0","1"
"10409","P","e ULTRAMAN 4500 超ライト","eULTRAMAN-111verK4",,"e ULTRAMAN 111ver.","オッケー.",,"甘デジ","5P1148","2026/1/19","1","0","1"
"10408","P","P閃乱カグラ 189大入りver.","P閃乱カグラLTN-FS",,"閃乱カグラ 189大入りver.","D-light",,"ライトミドル","510677","2026/1/19","0","0","1"
"10407","P","eFダンベル何キロ持てる?2","eフィーバーダンベル何キロ持てる?2F",,"eダン持て2","SANKYO",,"ライトミドル","5P1254","2026/3/2","1","0","1"
"10406","P","Pリングにかけろ1 129ver.","Pリングにかけろ1LM",,"リンかけ1 129ver.","ニューギン",,"ライトミドル","5P0704","2026/1/5","0","0","1"
"10405","S","スマスロ サンダーV","LB/スマスロサンダーVHA",,"LサンダーV","エレコ","6.5号機","A","5S0895","2026/3/2","1","0","1"
"10404","P","Pえとたま2 神祭 干支甘","Pえとたま2SE",,"えとたま2","メーシー",,"甘デジ","4P1727","2026/3/16","0","0","1"
"10403","P","P黄門ちゃま寿限無 99ver.","P黄門ちゃま9AD2",,"黄門ちゃま寿限無 99ver.","平和",,"甘デジ","5P0569","2026/2/2","0","0","1"
"10402","P","P黄門ちゃま寿限無 LLサイズ 259ver.","P黄門ちゃま9ME2",,"黄門ちゃま寿限無 259ver.","平和",,"ライトミドル","5P1014","2026/2/2","0","0","1"
"10401","S","L範馬刃牙","L範馬刃牙L5",,"L範馬刃牙","オリンピア","6.5号機","AT","5S1472","2026/2/2","1","0","1"
"10400","P","e 甲鉄城のカバネリ2 咲かせや燦然","e甲鉄城のカバネリ2GFEA",,"eカバネリ2","サミー",,"ミドル","510891","2026/3/2","1","0","1"
"10399","S","スマスロ 甲鉄城のカバネリ 海門決戦","L 甲鉄城のカバネリ 海門決戦 XX",,"Lカバネリ","サミー","6.5号機","AT","5S1358","2026/3/2","1","0","1"
"10398","P","e ソードアート・オンライン 閃光の軌跡 99Ver.","eソードアート・オンライン~閃光の軌跡~99Ver.K1",,"eSAO 99Ver.","京楽",,"甘デジ","4P1693","2026/1/5","1","0","1"
"10397","P","P【超甘LT】華牌RR 1/49×99de遊タイム","P超甘LT華牌RRAX5",,"LT華牌","豊丸",,"甘デジ","510726","2026/1/5","0","1","1"
"10396","P","e吉宗 極乗3000ver.","e/吉宗極乗3000ver/L06",,"e吉宗 3000ver.","大都技研",,"ライトミドル","510666","2026/1/5","1","0","1"
"10395","S","L 無職転生 ～異世界行ったら本気だす～","L無職転生~異世界行ったら本気だす~NM",,"L無職転生","ニューギン","6.5号機","AT","5S1064","2025/12/22","1","0","1"
"10394","P","eようこそ実力至上主義の教室へ","eようこそ実力至上主義の教室へMA",,"eよう実","サンセイR&D",,"ミドル","510728","2026/1/5","1","0","1"
"10393","P","e範馬刃牙 199ver.","eバキ2LBM4",,"eバキ2","アムテックス",,"ライトミドル","510625","2026/1/19","1","0","1"
"10392","S","スマスロ 攻殻機動隊","L スマスロ攻殻機動隊 ZS",,"L攻殻機動隊","サミー","6.5号機","AT","5S1282","2026/2/2","1","0","1"
"10391","S","スマスロ ハナビ","L/ハナビ/KM",,"Lハナビ","アクロス","6.5号機","RT","530543","2026/2/2","1","0","1"
"10390","S","スマスロ 秘宝伝","L/スマスロ秘宝伝/PA7",,"L秘宝伝","パオン・ディーピー","6.5号機","AT","5S0926","2025/12/22","1","0","1"
"10389","P","PA野生の王国6","PA野生の王国6N2",,"野生の王国6","ニューギン",,"甘デジ","510406","2025/12/8","0","1","1"
"10388","P","e 真・北斗無双 第5章 夢幻闘双","e真北斗無双5夢幻闘双SCEA",,"e真・北斗無双 第5章","サミー",,"ライトミドル","510595","2026/2/2","1","0","1"
"10387","S","Lパチスロうみねこのなく頃に2","Lうみねこのなく頃に2A1",,"Lうみねこ2","オーイズミ","6.5号機","ART","530674","2026/2/2","1","0","1"
"10386","P","e アズールレーン2 THE ANIMATION 超次元","eアズールレーンTHE ANIMATION2K6",,"eアズールレーン2","京楽",,"ライトミドル","5P0983","2025/12/8","1","0","1"
"10385","P","eF BASTARD!! -暗黒の破壊神-","eフィーバーバスタードG",,"eBASTARD!!","SANKYO",,"その他","510640","2026/2/2","1","0","1"
"10384","P","e地獄少女 7500Ver.","e地獄少女7500Ver.RHZ",,"e地獄少女 7500Ver.","オレンジ",,"その他","510656","2025/12/8","1","0","1"
"10383","S","L不二子BT","LB不二子M2",,"L不二子BT","アムテックス","6.5号機","A","5S1046","2025/12/22","1","0","1"
"10382","P","PA清流物語4 ウキウキ79ver.","PA清流物語4HBB",,"清流物語4 79ver.","サンスリー",,"甘デジ","510662","2026/1/5","0","0","1"
"10381","P","PFうたわれるもの LT-Light ver.","PAフィーバーうたわれるものY",,"うたわれるもの LT-Light","SANKYO",,"甘デジ","5P0353","2026/1/5","0","0","1"
"10380","P","PF彼女、お借りします LT-Light ver.","Pフィーバー彼女、お借りしますLR",,"彼女、お借りします LT-Light","SANKYO",,"ライトミドル","5P0526","2026/1/5","0","0","1"
"10379","S","スマスロ鉄拳6","Lパチスロ鉄拳6YD01H",,"L鉄拳6","山佐","6.5号機","AT","5S1078","2026/1/5","1","0","1"
"10378","P","P少女☆歌劇 レヴュースタァライト 99 LT3000","P少女歌劇レヴュースタァライトV3",,"スタァライト99 LT3000","豊丸",,"甘デジ","510041","2025/12/22","0","0","1"
"10377","P","P【超甘LT】この素晴らしい世界に祝福を! 最終クエスト1/49","Pこの素晴らしい世界に祝福を!AX2",,"このすば 1/49","豊丸",,"甘デジ","4P1505","2025/12/8","0","0","1"
"10376","S","L 絶対衝激IV","L絶対衝激フォースFH",,"L絶対衝激IV","アイドル","6.5号機","AT","5S0676","2025/11/4","1","0","1"
"10375","S","ニューキングハナハナV-30","SBニューキングハナハナVPA-30",,"ニューキングハナハナV-30","パイオニア","6.5号機","A","530665","2026/1/5","0","0","1"
"10374","S","スマート沖スロ ニューキングハナハナV","LBニューキングハナハナVPF",,"ニューキングハナハナV","パイオニア","6.5号機","A","5S1036","2026/1/5","1","0","1"
"10373","P","e花の慶次～黄金の一撃","e花の慶次~黄金の一撃H4",,"e花の慶次～黄金の一撃","ニューギン",,"その他","510448","2025/11/4","1","0","1"
"10372","S","プリズムナナ","LプリズムナナCC",,"プリズムナナ","カルミナ","6.5号機","AT","5S0937","2025/12/8","1","0","1"
"10371","P","e 盾の勇者の成り上がり アルティメット199ver.","e盾の勇者の成り上がりEREF",,"e盾の勇者 199ver.","サミー",,"ライトミドル","5P0814","2026/1/5","1","0","1"
"10370","S","スマスロ 北斗の拳 転生の章2","L スマスロ北斗の拳 転生の章2 MW",,"L北斗転生2","サミー","6.5号機","AT","5S1206","2026/1/5","1","0","1"
"10369","P","P沖ドキ!ドキドキ弾丸ツアー","P沖ドキ!LG",,"P沖ドキ!ドキドキ弾丸ツアー","メーシー",,"その他","4P1855","2025/12/22","0","0","1"
"10368","S","スマスロ 沖ドキ!DUO アンコール","L/オキドキデュオ2/FR",,"L沖ドキDUOアンコール","メーシー","6.5号機","AT","530412","2025/12/22","1","0","1"
"10367","P","P転生したらスライムだった件129ver.","P転生したらスライムだった件ARJ",,"P転スラ","サンセイR&D",,"ライトミドル","4P1110","2025/11/4","0","0","1"
"10366","P","eうしおととら～神のせSPEC～399ver.","eうしおととら~月と太陽~FM-JF",,"eうしおととら～神のせSPEC～399ver.","D-light",,"その他","510480","2025/12/8","1","0","1"
"10365","P","eうしおととら～神のせSPEC～150ver.","eうしおととら~月と太陽~FH-FH",,"eうしおととら～神のせSPEC～150ver.","D-light",,"ライトミドル","5P0960","2025/12/8","1","0","1"
"10364","P","P Re:ゼロから始める異世界生活 鬼がかり 99ver.","P/Re:ゼロから始める異世界生活鬼がかりver/A03",,"P Re:ゼロ 鬼がかり 99ver.","大都技研",,"甘デジ","4P1603","2025/11/4","0","0","1"
"10363","P","P Re:ゼロから始める異世界生活 鬼がかり 199ver.","P/Re:ゼロから始める異世界生活鬼がかりver/L07",,"P Re:ゼロ 鬼がかり 199ver.","大都技研",,"ライトミドル","4P1703","2025/11/4","0","0","1"
"10362","P","e 仮面ライダー電王 デカヘソ239","e仮面ライダー電王-239verK2",,"e 仮面ライダー電王239","京楽",,"ライトミドル","5P0702","2025/11/4","1","0","1"
"10361","S","SHAKE BONUS TRIGGER","LB/シェイクボーナストリガー/A1",,"SHAKE BT","大都技研","6.5号機","A","530293","2025/10/20","1","0","1"
"10360","S","L 荒野のコトブキ飛行隊","L荒野のコトブキ飛行隊SS",,"Lコトブキ","スパイキー","6.5号機","AT","5S0846","2025/10/20","1","0","1"
"10359","P","e 北斗の拳11 暴凶星","e北斗の拳11暴凶星SHEF",,"e 北斗の拳11 暴凶星","サミー",,"その他","5P1070","2025/12/8","1","0","1"
"10358","S","スマスロ 化物語","L スマスロ化物語 KH",,"L化物語","サミー","6.5号機","AT","530641","2025/12/8","1","0","1"
"10357","P","PA海物語 極JAPAN Withナギナミ","PA海物語極ジャパンHBD",,"PA海物語 極JAPAN Withナギナミ","三洋物産",,"甘デジ","5P0531","2025/12/8","0","0","1"
"10356","P","Pゴッドイーター199ゴッドトリガーVER.","PLTゴッドイーター199VER-ARB",,"LTゴッドイーター199","サンセイR&D",,"ライトミドル","510086","2025/10/20","0","0","1"
"10355","S","銀河英雄伝説 Die Neue These","LノイエギンエイデンGH",,"Lノイエギンエイデン","コナミアミューズメント","6.5号機","AT","530420","2025/12/8","1","0","1"
"10354","S","スマスロ とある科学の超電磁砲2","Lとある科学の超電磁砲2FV",,"Lレールガン2","藤商事","6.5号機","AT","530447","2025/11/4","1","0","1"
"10353","P","e 新世紀エヴァンゲリオン ～はじまりの記憶～","e新世紀エヴァンゲリオン17 はじまりの記憶R",,"eエヴァ ～はじまりの記憶～","ビスティ",,"その他","5P0685","2025/12/22","1","0","1"
"10352","S","Lパチスロ 革命機ヴァルヴレイヴ2","L革命機ヴァルヴレイヴ2jF",,"Lヴァルヴレイヴ2","SANKYO","6.5号機","AT","5S0736","2025/11/4","1","0","1"
"10351","S","バーニングエクスプレス","LバーニングエクスプレスZN",,"Lバーニングエクスプレス","北電子","6.5号機","AT","5S0259","2025/12/1","1","0","1"
"10350","P","PA GoGo富士山","PAGoGo富士山T",,"GoGo富士山","A-gon",,"その他","5P0026","2025/11/4","0","0","1"
"10349","S","スマスロ 新鬼武者3","L新鬼武者3SA",,"L新鬼武者3","レオスター","6.5号機","AT","5S0507","2025/10/6","1","0","1"
"10348","P","e ベルセルク無双 第2章","eベルセルク無双2H3",,"eベルセルク無双 第2章","ニューギン",,"その他","510362","2025/10/6","1","0","1"
"10347","P","デカスタPシュタインズ・ゲート ゼロ まゆしぃば～じょん","PSTEINS;GATE0N3",,"シュタゲゼロ","ニューギン",,"甘デジ","510196","2025/10/6","0","0","1"
"10346","P","PA義風堂々!!～兼続と慶次～3 99Ver.","PA義風堂々!!~兼続と慶次~3N-X",,"義風堂々!!3 99Ver.","ニューギン",,"甘デジ","510228","2025/10/6","0","0","1"
"10345","P","eルパン三世VSキャッツ・アイ","eルパン三世VSキャッツアイMAH4",,"eルパン三世VSキャッツ・アイ","平和",,"ライトミドル","5P0807","2025/11/4","1","0","1"
"10344","P","Pメイドインアビス 奈落の連環蝕","PメイドインアビスSL",,"メイドインアビス 奈落の連環蝕","メーシー",,"ライトミドル","410919","2025/11/17","0","0","1"
"10343","P","P 冬のソナタ My Memory SWEET Version","P冬のソナタMyMemoryMA2",,"冬ソナ My Memory SWEET Version","京楽",,"甘デジ","5P0292","2025/10/6","0","0","1"
"10342","P","Pはねものファインプレー","PファインプレーH3",,"はねものファインプレー","マルホン",,"その他","5P1020","2025/10/20","0","0","1"
"10341","P","e源外伝 EPISODE OF -大龍-","e源外伝EHLG",,"e源外伝","三洋物産",,"ライトミドル","5P0711","2025/11/4","1","0","1"
"10340","S","スマスロネオプラネット","LネオプラネットSLED",,"Lネオプラネット","セブンリーグ","6.5号機","AT","5S0798","2025/11/17","1","0","1"
"10339","S","L主役は銭形5","L銭形5L2",,"L主役は銭形5","オリンピア","6.5号機","AT","5S0796","2025/10/6","1","0","1"
"10338","P","eFもののがたり","eフィーバーもののがたりF",,"eもののがたり","SANKYO",,"ライトミドル","5P0760","2025/11/4","1","0","1"
"10337","P","PFからくりサーカス2 Light ver.","PAフィーバーからくりサーカス2YF",,"からサー2 Light ver.","SANKYO",,"甘デジ","410768","2025/12/8","0","0","1"
"10336","P","eとある科学の超電磁砲 PHASE NEXT","eとある科学の超電磁砲 LTRSY",,"eレールガンPHASE NEXT","オレンジ",,"ライトミドル","510382","2025/10/6","1","0","1"
"10335","P","P真・座頭市物語 LT99ver.","P真・座頭市物語N2-K",,"真・座頭市物語 LT99ver.","ニューギン",,"甘デジ","5P0159","2025/9/8","0","0","1"
"10334","P","Pいくさの子 戦極最強ドデカ199ver.","Pいくさの子戦極最強GRPJ",,"いくさの子 戦極最強ドデカ199ver.","サミー",,"ライトミドル","5P0888","2025/11/4","0","0","1"
"10333","P","デカスタPデビルマン THE FINAL 179ver.","PデビルマンLM3",,"デカスタPデビルマン THE FINAL 179ver.","ニューギン",,"ライトミドル","5P0364","2025/9/8","0","0","1"
"10332","P","～廻るヘソワイド～PホワイトシャカRUSH","PシャカRUSH ZD",,"～廻るヘソワイド～PホワイトシャカRUSH","マルホン",,"ライトミドル","5P0545","2025/9/22","0","0","1"
"10331","P","ぱちんこ シン・エヴァンゲリオン PREMIUM MODEL","PAシン・エヴァンゲリオンY",,"シンエヴァPREMIUM MODEL","ビスティ",,"甘デジ","3P1780","2025/9/8","0","0","1"
"10330","P","eガールズ&パンツァー 最終章","eガールズ&パンツァー3LAH1",,"eガルパン最終章","平和",,"ライトミドル","5P0311","2025/10/6","1","0","1"
"10329","P","e ノーゲーム・ノーライフ 199Ver.","eノーゲーム・ノーライフV3C",,"eノゲラ199ver.","高尾",,"ライトミドル","5P0829","2025/11/4","1","0","1"
"10328","P","e ノーゲーム・ノーライフ 319Ver.","eノーゲーム・ノーライフV1B",,"eノゲラ319ver.","高尾",,"ミドル","510211","2025/11/4","1","0","1"
"10327","P","eパリピ孔明","eパリピ孔明NB",,"eパリピ孔明","サンセイR&D",,"ミドル","5P0774","2025/9/8","1","0","1"
"10326","P","P アズールレーン THE ANIMATION 異次元トリガー 79ver.","PAアズールレーンTHE ANIMATION~異次元トリガー79Ver.~M2",,"アズレン 異次元トリガー 79ver.","京楽",,"甘デジ","4P0813","2025/9/8","0","0","1"
"10325","S","クレアの秘宝伝 ～はじまりの扉と太陽の石～ ボーナストリガーver.","LB/クレアの秘宝伝ボーナストリガーVER./A2",,"LBクレアの秘宝伝","大都技研","6.5号機","A","530057","2025/9/8","1","0","1"
"10324","P","e 聖戦士ダンバイン3 ZEROSONIC","e聖戦士ダンバイン3GREA",,"eダンバイン3","サミー",,"ライトミドル","5P0673","2025/10/6","1","0","1"
"10323","P","P FAIRY TAIL 超一夜Ver.","P FAIRY TAIL 超一夜Ver.FQY",,"FAIRY TAIL 超一夜Ver.","藤商事",,"ミドル","510006","2025/9/8","0","0","1"
"10322","P","PFダンジョンに出会いを求めるのは間違っているだろうか2 LT-Light ver.","PAフィーバーダンまち2YG",,"ダンまち2LT","SANKYO",,"甘デジ","4P1769","2025/10/6","0","0","1"
"10321","P","Pスーパー海物語IN沖縄6","Pスーパー海物語IN沖縄6LTP",,"スーパー海物語IN沖縄6","三洋物産",,"ミドル","5P0746","2025/10/6","0","0","1"
"10320","P","eGODZILLA7 TYPE-CRASH","eGODZILLA7M5",,"eGODZILLA7 TYPE-CRASH","ニューギン",,"ライトミドル","510194","2025/8/18","1","0","1"
"10319","S","L ダーリン・イン・ザ・フランキス","LダーリンインザフランキスSA",,"Lダリフラ","スパイキー","6.5号機","AT","5S0291","2025/8/4","1","0","1"
"10318","S","マジカルハロウィン ボーナストリガー","LBマジカルハロウィンGN",,"LBマジハロ","コナミアミューズメント","6.5号機","A","5S0016","2025/9/22","1","0","1"
"10317","P","Pルパン三世 ONE COLLECTION 100ver.","Pルパン三世14L0YU1",,"Pルパン三世 ONE COLLECTION 100ver.","アムテックス",,"甘デジ","5P0282","2025/9/22","0","0","1"
"10316","P","P戦国乙女7 終焉の関ヶ原 LLサイズ 299ver.","P戦国乙女7H0YZ3",,"P戦国乙女7 終焉の関ヶ原 LLサイズ 299ver.","アムテックス",,"ミドル","5P0093","2025/9/8","0","0","1"
"10315","S","スマスロ バベル","L/バベル/BA",,"Lバベル","ユニバーサルブロス","6.5号機","AT","4S0446","2025/10/6","1","0","1"
"10314","P","デジハネP頭文字D せかんど","P頭文字D2GCPC",,"頭文字D2","サミー",,"甘デジ","4P1286","2025/9/8","0","0","1"
"10313","S","スマスロ 東京リベンジャーズ","L 東京リベンジャーズ ZF",,"L東リベ","サミー","6.5号機","AT","5S0551","2025/9/8","1","0","1"
"10312","S","L アズールレーン THE ANIMATION","LアズールレーンTHE ANIMATION KN",,"L アズールレーン ","京楽","6.5号機","AT","5S0317","2025/8/4","1","0","1"
"10311","P","e女神のカフェテラス","e女神のカフェテラスJLZ",,"e女神のカフェテラス","JFJ",,"その他","510287","2025/8/18","1","0","1"
"10310","P","e真・一騎当千～軍神覚醒～396ver.","e真・一騎当千~軍神覚醒~LTM-JH",,"e真・一騎当千～軍神覚醒～396ver.","D-light",,"その他","5P0288","2025/8/4","1","0","1"
"10309","P","e真・一騎当千～軍神覚醒～319大入りver.","e真・一騎当千~軍神覚醒~AM-TS",,"e真・一騎当千～軍神覚醒～319大入りver.","D-light",,"ミドル","510289","2025/8/4","1","0","1"
"10308","S","パチスロ 転生したら剣でした","L転生したら剣でしたGT",,"L転剣","コナミアミューズメント","6.5号機","AT","5S0141","2025/8/4","1","0","1"
"10307","S","スマスロ ドルアーガの塔","Lドルアーガの塔ZA",,"Lドルアーガの塔","ミズホ","6.5号機","AT","5S0405","2025/9/8","1","0","1"
"10306","S","SLOTドルアーガの塔","S/ドルアーガの塔/ZU",,"Sドルアーガの塔","ミズホ","6.5号機","AT","4S1143","2025/9/8","0","0","1"
"10305","P","e牙狼12黄金騎士極限","e牙狼12XX-MJ",,"e牙狼12黄金騎士極限","サンセイR&D",,"その他","5P0258","2025/8/4","1","0","1"
"10304","P","デカスタe花の慶次～傾奇一転","e花の慶次~傾奇一転H6",,"e花の慶次～傾奇一転","ニューギン",,"ミドル","5P0045","2025/7/22","1","0","1"
"10303","P","PA CYBORG009 RULE OF SACRIFICE LT99Ver.","PACYBORG009N2-K",,"PA CYBORG009  LT99Ver.","ニューギン",,"甘デジ","410761","2025/7/7","0","0","1"
"10302","P","eFブルーロック","eフィーバーブルーロックMZ",,"eブルーロック","SANKYO",,"その他","5P0439","2025/9/8","1","0","1"
"10301","S","LBパチスロ ヱヴァンゲリヲン ～約束の扉～","LBエヴァンゲリオンsR",,"LBエヴァ約束","ビスティ","6.5号機","A","530121","2025/7/7","1","0","1"
"10300","P","e マギアレコード 魔法少女まどか☆マギカ外伝","eマギアレコード魔法少女まどか☆マギカ外伝KRJ1",,"eマギアレコード","京楽",,"その他","510059","2025/7/22","1","0","1"
"10299","S","LBトリプルクラウン","LBTCSF4",,"LBトリプルクラウン","岡崎産業","6.5号機","A","4S1919","2025/7/7","1","0","1"
"10298","P","e犬夜叉3.0","e犬夜叉LTM-TS",,"e犬夜叉3.0","D-light",,"その他","510142","2025/7/7","1","0","1"
"10297","S","L咲-Saki- 頂上決戦","L咲-Saki-頂上決戦YR",,"L咲","三洋物産","6.5号機","AT","5S0429","2025/8/4","1","0","1"
"10296","S","Sちゅらちゅら","Sちゅらちゅら/G",,"ちゅらちゅら","LUX","6号機","A","2S1834","2023/11/6","0","0","1"
"10295","P","e黄門ちゃま寿限無 LLサイズ","e黄門ちゃま9HC3",,"e黄門ちゃまLL","平和",,"その他","510034","2025/8/4","1","0","1"
"10294","P","P【超甘LT】豊丸のとあるパチンコにしみけん参戦 感度UP1/39","P豊丸のとあるパチンコにしみけん参戦AX2",,"しみけん参戦","豊丸",,"甘デジ","5P0324","2025/8/18","0","0","1"
"10293","P","PF戦姫絶唱シンフォギア4 Light ver.","PAフィーバー戦姫絶唱シンフォギア4AR",,"シンフォギア4 Light","SANKYO",,"甘デジ","5P0453","2025/8/4","0","0","1"
"10292","P","PF戦姫絶唱シンフォギア4 LT-Light ver.","PAフィーバー戦姫絶唱シンフォギア4YS",,"シンフォギア4 LT-Light","SANKYO",,"甘デジ","5P0116","2025/8/4","0","0","1"
"10291","P","PF機動戦士ガンダムユニコーン再来 99ver.","PAフィーバー機動戦士ガンダムユニコーン2 AR",,"ユニコーン再来 99ver.","SANKYO",,"甘デジ","5P0454","2025/7/7","0","0","1"
"10290","S","L 絶対衝激～PLATONIC HEART～","L絶対衝激TK",,"L 絶対衝激","スパイキー","6.5号機","AT","4S1524","2025/6/16","1","0","1"
"10289","P","Pワイの佐野ラーメン","Pワイの佐野ラーメンU",,"ワイの佐野ラーメン","A-gon",,"その他","4P0658","2025/7/28","0","0","1"
"10288","P","PAコマコマ倶楽部with坂本冬美 89STver.","PAコマコマ倶楽部with坂本冬美VS1",,"コマコマ倶楽部  89STver.","豊丸",,"甘デジ","5P0248","2025/7/22","0","1","1"
"10287","S","マタドールIII","LBマタドールIII TT",,"マタドールIII","北電子","6.5号機","A","530169","2025/8/4","1","0","1"
"10286","P","eシャーマンキング でっけぇえなver.","eシャーマンキングLB",,"eマンキン でっけぇえなver.","メーシー",,"その他","510123","2025/8/4","1","0","1"
"10285","P","eシャーマンキング","eシャーマンキングMH",,"eマンキン","メーシー",,"その他","4P1905","2025/8/4","1","0","1"
"10284","P","デカスタP戦国無双","P戦国無双HM3",,"デカスタP戦国無双","ニューギン",,"ミドル","410900","2025/6/2","0","0","1"
"10283","S","パチスロなめ猫～液晶ないけどなめんじゃねぇ～","Sパチスロなめ猫QQ",,"なめ猫","ボーダー","6.5号機","AT","4S1920","2025/8/4","0","0","1"
"10282","P","Pクイーンズブレイド奈落5400","PクイーンズブレイドV1C",,"クイーンズブレイド奈落5400","高尾",,"その他","510079","2025/8/4","0","0","1"
"10281","P","e 新・必殺仕置人 超斬撃99","e新・必殺仕置人~超斬撃99ver.~KA1",,"e 新・必殺仕置人 超斬撃99","京楽",,"甘デジ","4P1567","2025/6/2","1","0","1"
"10280","P","e冴えない彼女の育てかた","e/冴えない彼女の育てかた/LX04",,"e冴えカノ","大都技研",,"ライトミドル","4P1740","2025/6/2","1","0","1"
"10279","P","e一方通行 とある魔術の禁書目録","eとある魔術の禁書目録 一方通行 BIG JKZ",,"e一方通行","JFJ",,"その他","510135","2025/7/7","1","0","1"
"10278","P","PLT激デジ ジューシーハニー極嬢","Pジューシーハニー極嬢77LT-ARB",,"LTジューシーハニー極嬢","サンセイR&D",,"甘デジ","410870","2025/6/2","0","0","1"
"10277","S","スマスロ デビル メイ クライ5 スタイリッシュトライブ","Lデビルメイクライ5ST XA",,"L DMC5","アデリオン","6.5号機","AT","430767","2025/6/2","1","0","1"
"10276","P","e冒険島","e冒険島EHLC2",,"e冒険島","三洋物産",,"ライトミドル","510213","2025/7/7","1","0","1"
"10275","S","いざ!番長","L/いざ番長/SB8",,"Lいざ!番長","サボハニ","6.5号機","AT","430901","2025/6/2","1","0","1"
"10274","P","デジハネPモンスターハンターライズ","PデジハネモンスターハンターライズGSPB",,"モンハンライズ","サミー",,"甘デジ","4P1092","2025/6/2","0","0","1"
"10273","P","eF炎炎ノ消防隊2 紅丸ver.","eフィーバー炎炎ノ消防隊2MS",,"e炎炎ノ消防隊2 紅丸ver.","SANKYO",,"その他","5P0201","2025/7/7","1","0","1"
"10272","P","eF炎炎ノ消防隊2 シンラver.","eフィーバー炎炎ノ消防隊2",,"e炎炎ノ消防隊2 シンラver.","SANKYO",,"その他","5P0290","2025/7/7","1","0","1"
"10271","S","L ULTRAMAN","LパチスロULTRAMAN-KE",,"L ULTRAMAN","オッケー.","6.5号機","AT","4S1311","2025/6/2","1","0","1"
"10270","S","わたしの幸せな結婚","Lわたしの幸せな結婚PN",,"Lわたしの幸せな結婚","コナミアミューズメント","6.5号機","AT","5S0052","2025/7/7","1","0","1"
"10269","S","ネオアイムジャグラーEX","SネオアイムジャグラーEX-KK",,"ネオアイム","北電子","6号機","A","4S0346","2025/9/1","0","0","1"
"10268","P","Pドラムだ!金ドン 花火外伝99ver.","Pドラムだ!金ドンSB",,"ドラムだ!金ドン 99ver.","ミズホ",,"甘デジ","4P1098","2025/7/7","0","0","1"
"10267","S","花笠","LハナガサNA",,"L花笠","ネット","6.5号機","AT","430875","2025/5/19","1","0","1"
"10266","S","アレックス ブライト","LBAREXBRIGHTBA",,"Lアレックス","ユニバーサルブロス","6.5号機","A","5S0110","2025/7/7","1","0","1"
"10265","S","ハイビリターン-30","SハイビリターンPA-30",,"ハイビリターン-30","パイオニア","6.5号機","AT","5S0123","2025/7/7","0","0","1"
"10264","P","P緋弾のアリア～緋緋神降臨～88Ver.","P緋弾のアリア~緋緋神降臨~88Ver.FVA",,"緋弾のアリア～緋緋神降臨～88Ver.","藤商事",,"甘デジ","4P1104","2025/6/2","0","0","1"
"10263","P","P 宇宙戦艦ヤマト2202 超波動 森雪 199LT ver.","P宇宙戦艦ヤマト2202-3MF",,"宇宙戦艦ヤマト2202 199LT ver.","ビスティ",,"ライトミドル","410887","2025/5/7","0","0","1"
"10262","P","e東京リベンジャーズ","e東京リベンジャーズGFEC",,"e東京リベンジャーズ","サミー",,"ミドル","510115","2025/7/7","1","0","1"
"10261","S","LBプレミアムうまい棒","LBプレミアムうまい棒S1",,"LBプレミアムうまい棒","オリンピアエステート","6.5号機","A","4S1818","2025/6/2","1","0","1"
"10260","P","e範馬刃牙","eバキ2XAM2",,"e範馬刃牙","アムテックス",,"その他","410948","2025/6/2","1","0","1"
"10259","S","L ToLOVEるダークネス TRANCE ver.8.7","LToLOVEるダークネスS8",,"L ToLOVEるD TRANCE ver.8.7","オリンピアエステート","6.5号機","AT","530010","2025/5/19","1","0","1"
"10258","S","LBジャックポット","LBジャックポットCY1",,"LBジャックポット","ヤーマ","6.5号機","A","5S0041","2025/6/2","1","0","1"
"10257","P","PA海物語3R3","PA海物語3R3LBA",,"海物語3R3","三洋物産",,"甘デジ","4P1571","2025/6/2","0","0","1"
"10256","P","e 仮面ライダーBLACK","e仮面ライダーBLACK-KRJ2",,"e仮面ライダーBLACK","京楽",,"その他","410830","2025/5/7","1","0","1"
"10255","S","Lパチスロ 機動戦士ガンダムSEED","L機動戦士ガンダムSEED G",,"LガンダムSEED","ビスティ","6.5号機","AT","4S1799","2025/5/7","1","0","1"
"10254","S","スマスロニューパルサーBT","LBニューパルサーBTC9",,"LニューパルサーBT","山佐","6.5号機","A","430949","2025/6/2","1","0","1"
"10253","P","eF彼女、お借りします","eフィーバー彼女、お借りしますH",,"F彼女、お借りします","SANKYO",,"ミドル","5P0066","2025/6/2","1","0","1"
"10252","P","P攻殻機動隊SAC_2045 大入りLTver","P攻殻機動隊SAC_2045AH-RS",,"攻殻SAC_2045 LTver","D-light",,"ライトミドル","410878","2025/5/7","0","0","1"
"10251","S","スマスロ ギルティクラウン2","L/ギルティクラウン2/XF",,"Lギルクラ2","アクロス","6.5号機","AT","430832","2025/6/2","1","0","1"
"10250","S","翔べ!ハーレムエース","LB翔べ!ハーレムエースCF",,"翔べ!ハーレムエース","ネット","6.5号機","A","5S0025","2025/6/2","1","0","1"
"10249","P","e 東京喰種","e東京喰種W",,"e東京喰種","ビスティ",,"その他","410807","2025/4/21","1","0","1"
"10248","P","PLT世界でいちばん強くなりたい!2","PLT世界でいちばん強くなりたいMQ",,"せかつよ2","サンセイR&D",,"ライトミドル","410592","2025/5/7","0","0","1"
"10247","S","LBパチスロ1000ちゃんA","LB1000ちゃんアルファL3",,"LB1000ちゃんA","オーイズミ","6.5号機","A","5S0039","2025/6/2","1","0","1"
"10246","P","PFマクロスフロンティア5 LT-Light ver.","Pフィーバーマクロスフロンティア5YS",,"マクロスF5 LT-Light ver.","SANKYO",,"甘デジ","4P1510","2025/6/2","0","0","1"
"10245","P","～回るヘソワイド～ Pファンキードクター 7200ループver.","PファンキードクターDL",,"ファンキードクター 7200ver.","マルホン",,"甘デジ","4P1927","2025/5/19","0","0","1"
"10244","P","～回るヘソワイド～ Pファンキードクター 11000ver.","PファンキードクターD",,"ファンキードクター 11000ver.","マルホン",,"甘デジ","4P1523","2025/5/19","0","0","1"
"10243","P","P ToLOVEるダークネス 100ver.","PToLOVEるダークネスL0YU1",,"ダークネス 100ver.","平和",,"甘デジ","4P1472","2025/5/7","0","0","1"
"10242","S","吉宗","L/ヨシムネS/SC2",,"L吉宗","サボハニ","6.5号機","AT","430582","2025/4/21","1","0","1"
"10241","P","P DD北斗の拳3 百突99ver.","PDD北斗の拳3V2A",,"DD北斗3 99ver.","高尾",,"甘デジ","4P0656","2025/6/2","0","0","1"
"10240","P","PA異世界魔王と召喚少女の奴隷魔術 敏感99Ver.","PA異世界魔王N2-X",,"異世界魔王 99ver.","ニューギン",,"甘デジ","410846","2025/4/21","0","0","1"
"10239","S","Lゴジラ","LゴジラNS",,"Lゴジラ","ニューギン","6.5号機","AT","430766","2025/4/7","1","0","1"
"10238","P","Pぱちんこ乗物娘 with CYBERJAPANDANCERS 2nd season","P乗物娘2LM3",,"乗物娘2","ニューギン",,"ライトミドル","410737","2025/5/7","0","0","1"
"10237","P","P【超甘LT】江頭2:50inナナシー 奇跡の99%","P江頭2:50 inナナシーAX2",,"江頭2:50 inナナシー","豊丸",,"甘デジ","410828","2025/5/7","0","0","1"
"10236","S","Lうしおととら白面決戦VH","Lうしおととら白面決戦VH",,"Lうしとら白面決戦","Daiichi","6.5号機","AT","4S1786","2025/4/7","1","0","1"
"10235","P","デジハネP北斗の拳 慈母","Pデジハネ北斗の拳慈母SSPC",,"北斗慈母","サミー",,"甘デジ","4P1683","2025/5/7","0","0","1"
"10234","S","L麻雀物語","L麻雀物語S2",,"L麻雀物語","オリンピアエステート","6.5号機","AT","4S1564","2025/4/21","1","0","1"
"10233","P","e牙狼神速神撃3000LT","e牙狼神速神撃3000LT-RB",,"e牙狼神速神撃3000LT","サンセイR&D",,"ライトミドル","410800","2025/4/7","1","0","1"
"10232","S","スマスロ ようこそ実力至上主義の教室へ","Lようこそ実力至上主義の教室へDE",,"Lよう実","DAXEL","6.5号機","AT","4S1658","2025/5/7","1","0","1"
"10231","P","e シン・ウルトラマン","eシン・ウルトラマンK3",,"e シン・ウルトラマン","オッケー.",,"ライトミドル","4P1329","2025/4/7","1","0","1"
"10230","P","P モモキュンソード 速撃3000+","P桃剣鬼神ZC",,"モモキュン速撃3000+","ソフィア",,"ミドル","210299","2025/3/17","0","0","1"
"10229","P","PF機動戦士ガンダムユニコーン再来 129ver.","Pフィーバー機動戦士ガンダムユニコーン2 Y",,"ガンダムUC再来 129ver.","SANKYO",,"ライトミドル","4P1288","2025/5/7","0","0","1"
"10228","P","P痛いのは嫌なので防御力に極振りしたいと思います。","P防振りFHZ",,"P防振り","藤商事",,"その他","410524","2025/4/21","0","0","1"
"10227","P","Pゾンビランドサガ","PゾンビランドサガSCPC",,"ゾンビランドサガ","サミー",,"ライトミドル","4P1637","2025/4/21","0","0","1"
"10226","S","てぃだどんどん","L/てぃだどんどん/PA5",,"Lてぃだどんどん","パオン・ディーピー","6.5号機","AT","430624","2025/3/3","1","0","1"
"10225","P","P織田信奈の野望 下剋上","P織田信奈の野望全国版V1D",,"織田信奈の野望 下剋上","高尾",,"ライトミドル","4P1368","2025/5/7","0","0","1"
"10224","S","スマスロ 緑ドン VIVA!情熱南米編 REVIVAL","L/緑ドン5/FY",,"L緑ドン","ユニバーサルブロス","6.5号機","AT","4S1737","2025/5/7","1","0","1"
"10223","P","P リングにかけろ1","Pリングにかけろ1L5-S",,"リンかけ1","ニューギン",,"その他","4P1422","2025/3/3","0","0","1"
"10222","P","PAひぐらしのなく頃に 輪廻転生99Ver.","PAひぐらしのなく頃に・輪廻転生99FD-TH",,"ひぐらし 輪廻転生99Ver.","D-light",,"甘デジ","310703","2025/3/17","0","1","1"
"10221","P","Pうる星やつら～Eternal Love Song～ 129ver.","Pうる星やつら2N2-K",,"うる星やつら129ver.","ニューギン",,"ライトミドル","4P1533","2025/3/3","0","0","1"
"10220","S","L 仮面ライダー電王","L仮面ライダー電王UD",,"L 仮面ライダー電王","京楽","6.5号機","AT","4S0473","2025/3/3","1","0","1"
"10219","P","P海物語 極JAPAN","P海物語極ジャパンHTH",,"海物語 極JAPAN","三洋物産",,"ミドル","410772","2025/5/7","0","0","1"
"10218","P","e真・北斗無双 第5章 ドデカSTART","e真北斗無双5SFEE",,"e真北斗無双5","サミー",,"ミドル","410853","2025/3/17","1","0","1"
"10217","S","スマスロ バイオハザード5","Lバイオハザード5ZE",,"Lバイオ5","エンターライズ","6.5号機","AT","4S1201","2025/3/3","1","0","1"
"10216","S","スマスロ アイドルマスター ミリオンライブ! ネクストプロローグ","LパチスロアイドルマスターミリオンライブHC",,"Lアイマス","山佐","6.5号機","AT","4S1770","2025/4/21","1","0","1"
"10215","S","スマート沖スロ アメイジングライブ","LアメイジングライブPD",,"Lアメイジングライブ","パイオニア","6.5号機","AT","4S1425","2025/4/7","1","0","1"
"10214","P","eFうたわれるもの","eフィーバーうたわれるものZ",,"eFうたわれるもの","SANKYO",,"その他","410711","2025/4/7","1","0","1"
"10213","P","PFうたわれるもの 199ver.","PフィーバーうたわれるものZ",,"PFうたわれるもの 199","SANKYO",,"ライトミドル","4P1607","2025/4/7","0","0","1"
"10212","P","P少女☆歌劇 レヴュースタァライト ラッキートリガー4500","P少女歌劇レヴュースタァライトLT1",,"スタァライトLT","豊丸",,"ライトミドル","4P1563","2025/4/7","0","0","1"
"10211","S","スマスロ マギアレコード 魔法少女まどか☆マギカ外伝","L/スマスロマギアレコード/RN",,"Lマギアレコード","ミズホ","6.5号機","AT","4S1598","2025/4/7","1","0","1"
"10210","P","Pアナザーゴッドハーデス-獄炎-","Pアナザーゴッドハーデス3SB",,"ハーデス獄炎","メーシー",,"ライトミドル","410215","2025/4/7","0","0","1"
"10209","S","Sister Quest","LシスタークエストCA",,"Sister Quest","カルミナ","6.5号機","AT","430730","2025/3/3","1","0","1"
"10208","P","Pうまい棒2","Pうまい棒2おかわりちょちょちょうだ~いV3",,"うまい棒2","アムテックス",,"その他","410809","2025/3/17","0","0","1"
"10207","S","L 東京喰種","L東京喰種CT",,"L 東京喰種","スパイキー","6.5号機","AT","4S1320","2025/2/3","1","0","1"
"10206","P","ぱちんこ シン・エヴァンゲリオン 129 LT ver.","Pシン・エヴァンゲリオンMV",,"シンエヴァ129LT","ビスティ",,"ライトミドル","410629","2025/2/3","0","0","1"
"10205","P","PAシン・エヴァンゲリオン 99 遊タイム付 ごらくver.「PB機」","PAシン・エヴァンゲリオンGO",,"シンエヴァ99PB","ビスティ",,"甘デジ","3P1855","2025/2/3","0","1","1"
"10204","P","PA魔王学院の不適合者 魔王再臨 99Ver","PA魔王学院の不適合者 魔王再臨99VerFVX",,"魔王学院 魔王再臨99","藤商事",,"甘デジ","410719","2025/3/17","0","0","1"
"10203","P","P FAIRY TAIL 89Ver.","P FAIRY TAIL 89Ver.FWZ",,"FAIRY TAIL 89","藤商事",,"甘デジ","410436","2025/3/3","0","0","1"
"10202","P","P緋弾のアリア～緋緋神降臨～199Ver.","P緋弾のアリア~緋緋神降臨~199Ver.FQU",,"アリア～緋緋神降臨～199","藤商事",,"ライトミドル","410538","2025/2/17","0","0","1"
"10201","P","Pこの素晴らしい世界に祝福を! ラッキートリガー129緊急クエスト","Pこの素晴らしい世界に祝福を!VLT1",,"PこのすばLT","豊丸",,"ライトミドル","410735","2025/2/17","0","0","1"
"10200","P","Pデビルマン THE FINAL","PデビルマンN4-S",,"デビルマン THE FINAL","ニューギン",,"ライトミドル","4P1131","2025/2/17","0","0","1"
"10199","P","P冬のソナタ My Memory Sweet GORAKU Version「PB機」","P冬のソナタMyMemoryG2",,"冬ソナ GORAKU ver.","京楽",,"甘デジ","4P1443","2025/2/3","0","1","1"
"10198","S","回胴黙示録カイジ 狂宴","L スマスロカイジ 狂宴 FJ",,"Lカイジ狂宴","サミー","6.5号機","AT","4S1731","2025/3/3","1","0","1"
"10197","P","PA大海物語5ブラックLT99ver.","PA大海物語5HLD",,"大海5LT","三洋物産",,"甘デジ","410759","2025/3/3","0","0","1"
"10196","S","Lパチスロ シン・エヴァンゲリオン","Lシン・エヴァンゲリオン",,"Lシンエヴァ","ビスティ","6.5号機","AT","4S1192","2025/1/20","1","0","1"
"10195","P","P 冬のソナタ My Memory","P冬のソナタMyMemoryM7",,"冬ソナ My Memory","京楽",,"ミドル","4P1509","2025/2/3","0","0","1"
"10194","P","PLT OVERLORD魔導王光臨129ver.","PLT 魔導王光臨ARC",,"オバロLT","サンセイR&D",,"ライトミドル","410353","2025/2/3","0","0","1"
"10193","P","e閃乱カグラ","e閃乱カグラLTM-JF",,"e閃乱カグラ","D-light",,"その他","410681","2025/2/3","1","0","1"
"10192","P","Pとある魔術の禁書目録2 LightPREMIUM2000ver.","Pとある魔術の禁書目録2 Light JWX",,"インデックス2甘","JFJ",,"甘デジ","410608","2025/2/3","0","0","1"
"10191","P","Pバンドリ! Light ver.","PバンドリL1AU1",,"バンドリ!甘","平和",,"甘デジ","410609","2025/3/3","0","0","1"
"10190","S","L島娘","L島娘L2",,"L島娘","オリンピア","6.5号機","AT","430580","2025/1/20","1","0","1"
"10189","P","P愛の不時着","P愛の不時着MF",,"愛の不時着","メーシー",,"ミドル","4P1252","2025/2/3","0","0","1"
"10188","S","スマスロ シャーマンキング","L/SHAMANKING/SS",,"Lシャーマンキング","エレコ","6.5号機","AT","430573","2025/2/3","1","0","1"
"10187","S","L サラリーマン金太郎","Lスマスロサラリーマン金太郎ET",,"Lサラ金","エキサイト","6.5号機","AT","430354","2025/1/6","1","0","1"
"10186","S","L にゃんこ大戦争 超神速","Lにゃんこ大戦争・超神速KB",,"Lにゃんこ大戦争","京楽","6.5号機","AT","4S1157","2025/1/20","1","0","1"
"10185","P","PFダンジョンに出会いを求めるのは間違っているだろうか2","Pフィーバーダンまち2N",,"Pダンまち2","SANKYO",,"ミドル","4P0922","2025/3/3","0","0","1"
"10184","P","eFダンジョンに出会いを求めるのは間違っているだろうか2","eフィーバーダンまち2G",,"eダンまち2","SANKYO",,"その他","410498","2025/3/3","1","0","1"
"10183","P","P 俺の妹がこんなに可愛いわけがない。","P俺の妹がこんなに可愛いわけがない。M3",,"俺妹","京楽",,"ライトミドル","4P0272","2025/3/3","0","0","1"
"10182","P","PA花の慶次～裂99ver.","PA花の慶次~裂N3-VY",,"花の慶次～裂99","ニューギン",,"甘デジ","4P0801","2025/1/20","0","1","1"
"10181","P","P花の慶次～裂129ver.","P花の慶次~裂N2-VC",,"花の慶次～裂129","ニューギン",,"ライトミドル","410576","2025/1/20","0","0","1"
"10180","S","チバリヨ2プラス","Lチバリヨ2プラスZC",,"チバリヨ2プラス","ネット","6.5号機","AT","4S1086","2025/1/6","1","0","1"
"10179","P","eぱちんこ押忍!番長 漢の頂","e/押忍番長漢の頂/L09",,"e番長 漢の頂","大都技研",,"ライトミドル","4P1123","2025/1/6","1","0","1"
"10178","P","e ULTRAMAN 2400★80","eULTRAMAN-K1",,"e ULTRAMAN","オッケー.",,"その他","4P0962","2025/1/6","1","0","1"
"10177","S","七つの魔剣が支配する","L七つの魔剣が支配するPU",,"Lななつま","コナミアミューズメント","6.5号機","AT","4S1345","2025/1/20","1","0","1"
"10176","S","Lパチスロ ありふれた職業で世界最強","Lありふれた職業で世界最強jA",,"Lありふれ","SANKYO","6.5号機","AT","4S1365","2025/2/3","1","0","1"
"10175","P","eルパン三世 ONE COLLECTION 超ブチヌキLT ver.","eルパン三世14L9YZ5",,"eルパン三世","平和",,"その他","410534","2025/2/3","1","0","1"
"10174","S","スマスロスーパーブラックジャック","LスーパーブラックジャックSLDC",,"SBJ","セブンリーグ","6.5号機","AT","4S1230","2025/2/3","1","0","1"
"10173","P","PLTジューシーハニー極嬢","Pジューシーハニー極嬢MA",,"LTジューシーハニー極嬢","サンセイR&D",,"ライトミドル","410494","2025/1/6","0","0","1"
"10172","P","P GO!GO!郷 豪遊の5","PGO!GO!郷~豪遊の5~N-VYLT",,"GO!GO!郷 豪遊の5","ニューギン",,"甘デジ","4P0836","2024/12/2","0","1","1"
"10171","P","e蒼天の拳 羅龍","e蒼天の拳羅龍SREN",,"e蒼天の拳 羅龍","サミー",,"その他","410674","2025/2/3","1","0","1"
"10170","P","Pクイーンズブレイド4 ナナエルver.","Pクイーンズブレイド4V1A",,"クイブレ4 ナナエルver","高尾",,"甘デジ","4P1060","2025/2/17","0","0","1"
"10169","S","L少女☆歌劇 レヴュースタァライト -The SLOT-","LレヴュースタァライトCX",,"Lスタァライト","オーイズミ","6.5号機","AT","4S1298","2025/3/3","1","0","1"
"10168","P","e ゴジラ対エヴァンゲリオン セカンドインパクト G 破壊神覚醒","eゴジラ対エヴァンゲリオン2bA",,"eゴジエヴァ2","ビスティ",,"その他","410449","2024/12/16","1","0","1"
"10167","P","P ゴジラ対エヴァンゲリオン セカンドインパクト G","Pゴジラ対エヴァンゲリオン2R",,"Pゴジエヴァ2","ビスティ",,"ミドル","4P0672","2024/12/2","0","0","1"
"10166","P","Pゲゲゲの鬼太郎 獅子奮迅99Ver.","Pゲゲゲの鬼太郎 獅子奮迅99Ver.RWC",,"鬼太郎 獅子奮迅99","オレンジ",,"甘デジ","4P0931","2025/1/20","0","0","1"
"10165","P","P世紀末・天才バカボン～神SPEC 凱旋～99ver.","PA天才バカボン7FD-TT",,"バカボン～神SPEC 凱旋～99","D-light",,"甘デジ","4P0217","2025/1/6","0","0","1"
"10164","S","A-SLOT+ ディスクアップ ULTRAREMIX","L DISCUPウルトラリミックス XR",,"ディスクアップ UR","サミー","6.5号機","AT","4S1442","2025/1/20","1","0","1"
"10163","P","eA夏色日記","eA夏色日記GO",,"eA夏色日記","豊丸",,"甘デジ","410417","2024/12/16","1","1","1"
"10162","S","スマート沖スロ スターハナハナ","LスターハナハナMX",,"Lスターハナハナ","パイオニア","6号機","A","4S1396","2025/1/20","1","0","1"
"10161","P","P世界最高の暗殺者、異世界貴族に転生する","P世界最高の暗殺者、異世界貴族に転生するJMB",,"暗殺貴族","JFJ",,"その他","4P1053","2025/1/6","0","0","1"
"10160","S","L 犬夜叉2","L犬夜叉2FK",,"犬夜叉2","エフ","6.5号機","AT","4S0844","2024/12/2","1","0","1"
"10159","P","Pハネモノ ファミリースタジアム","PハネモノファミリースタジアムMD",,"ハネモノ ファミスタ","ミズホ",,"その他","4P0237","2025/1/20","0","0","1"
"10158","P","P清流物語4 ヌシを求めて4000匹","P清流物語4HLC",,"清流物語4","サンスリー",,"ライトミドル","410448","2025/1/6","0","0","1"
"10157","S","Lルパン三世 大航海者の秘宝","Lルパン三世大航海者の秘宝H1",,"Lルパン三世","平和","6.5号機","AT","4S0946","2024/12/2","1","0","1"
"10156","P","P真・一騎当千～桃園の誓い～199LTver.","P真・一騎当千~桃園の誓い~LTH-FH",,"真・一騎当千～桃園の誓い～199LT","D-light",,"ライトミドル","410432","2024/12/2","0","0","1"
"10155","P","PF戦姫絶唱シンフォギア4 199ver.","Pフィーバー戦姫絶唱シンフォギア4Z",,"シンフォギア4 199","SANKYO",,"ライトミドル","410548","2025/2/3","0","0","1"
"10154","P","Pネオモンスターハウス 99Ver.","PネオモンスターハウスAL",,"ネオモンスターハウス 99","竹屋",,"甘デジ","4P0597","2024/12/16","0","0","1"
"10153","P","Pネオモンスターハウス 199Ver.","PネオモンスターハウスLML2",,"ネオモンスターハウス 199","竹屋",,"ライトミドル","4P0707","2024/12/16","0","0","1"
"10152","P","Pブラックラグーン4 EXTRA BULLET 129ver.","Pブラックラグーン4GCPA",,"ブラクラ4 129","サミー",,"ライトミドル","4P0494","2025/1/20","0","0","1"
"10151","P","Pシュタインズ・ゲート ゼロ","PSTEINS;GATE0L2-K",,"シュタゲゼロ","ニューギン",,"その他","410382","2024/12/16","0","0","1"
"10150","P","e ソードアート・オンライン 閃光の軌跡","eソードアート・オンライン~閃光の軌跡~K7",,"eSAO","京楽",,"ライトミドル","4P1194","2024/12/16","1","0","1"
"10149","P","eF戦姫絶唱シンフォギア4 キャロルver.","eフィーバー戦姫絶唱シンフォギア4F",,"e戦姫絶唱シンフォギア4","SANKYO",,"その他","4P1149","2025/1/6","1","0","1"
"10148","P","P戦国乙女7 終焉の関ヶ原","P戦国乙女7L9YY7",,"戦国乙女7","アムテックス",,"その他","4P1184","2025/1/6","0","0","1"
"10147","S","スマスロ 一方通行 とある魔術の禁書目録","Lとある魔術の禁書目録 一方通行RZ",,"L一方通行","オレンジ","6.5号機","AT","430460","2024/12/16","1","0","1"
"10146","S","スマスロ 聖戦士ダンバイン","L スマスロ 聖戦士ダンバイン MF",,"Lダンバイン","サミー","6.5号機","AT","430531","2024/12/2","1","0","1"
"10145","S","ウルトラミラクルジャグラー","SウルトラミラクルジャグラーKT",,"ウルトラミラクルジャグラー","北電子","6号機","A","330695","2024/12/2","0","0","1"
"10144","P","PAナナシー～お江戸77ver.～","PAナナシーお江戸ver.V2",,"PAナナシー～お江戸77ver.～","豊丸",,"甘デジ","4P0849","2024/11/5","0","1","1"
"10143","S","スターハナハナ-30","SスターハナハナMX-30",,"スターハナハナ-30","パイオニア","6号機","A","4S0585","2025/1/6","0","0","1"
"10142","S","Lスーパービンゴネオ","LスーパービンゴネオSB5",,"Lスーパービンゴネオ","ベルコ","6.5号機","AT","4S0685","2024/12/16","1","0","1"
"10141","S","Lパチスロ ダンベル何キロ持てる?","Lダンベル何キロ持てる?X",,"Lダン持て","SANKYO","6.5号機","AT","4S0474","2024/12/16","1","0","1"
"10140","P","スマパチ SSSS.GRIDMAN","eグリッドマンXVSM",,"eグリッドマン","七匠",,"ミドル","4P0497","2024/11/5","1","0","1"
"10139","P","e大工の源さん超韋駄天2 フルスイングLT","e大工の源さん超韋駄天2EHLD",,"e大工の源さん超韋駄天2 LT","三洋物産",,"ライトミドル","410515","2024/12/2","1","0","1"
"10138","S","スマスロ モンスターハンターライズ","LモンスターハンターライズXA",,"Lモンハンライズ","アデリオン","6.5号機","AT","430243","2024/11/18","1","0","1"
"10137","S","沖ドキ!ゴージャス 30Φ","S/沖ドキ!BLACK/XA",,"沖ドキ!ゴージャス30","エレコ","6.6号機","AT","4S0556","2024/12/2","0","0","1"
"10136","S","沖ドキ!ゴージャス 25Φ","S/沖ドキ!BLACK/GS",,"沖ドキ!ゴージャス25","ミズホ","6.6号機","AT","4S1049","2024/12/2","0","0","1"
"10135","P","Pえとたま2 神祭","Pえとたま2MY",,"Pえとたま2 神祭","メーシー",,"ライトミドル","4P0917","2024/12/2","0","0","1"
"10134","P","P盾の勇者の成り上がり","P盾の勇者の成り上がりGFPC",,"P盾の勇者の成り上がり","サミー",,"ミドル","4P0754","2024/12/2","0","0","1"
"10133","P","P銀河英雄伝説 Die Neue These 319ver.","P銀河英雄伝説DNTL5-X",,"P銀河英雄伝説 Die Neue These 319ver.","ニューギン",,"ミドル","310300","2024/11/5","0","0","1"
"10132","P","PA銀河英雄伝説 Die Neue These 89ver.","PA銀河英雄伝説DNTN2-X",,"PA銀河英雄伝説 Die Neue These 89ver.","ニューギン",,"甘デジ","410055","2024/11/5","0","0","1"
"10131","P","PシャカRUSH Z1","PシャカRUSH Z1",,"PシャカRUSH Z1","マルホン",,"ライトミドル","4P0881","2024/12/2","0","0","1"
"10130","P","P ToLOVEるダークネス 199ver.","PToLOVEるダークネスL9YZ4",,"P ToLOVEるダークネス 199ver.","平和",,"ライトミドル","4P0687","2024/12/2","0","0","1"
"10129","S","トリプルクラウンフォーユー","SトリプルクラウンX2-30",,"トリプルクラウンフォーユー","清龍ゲームジャパン","6号機","A","4S0038","2024/10/7","0","0","1"
"10128","S","桃太郎電鉄 ～パチスロも定番!～","L桃太郎電鉄定番PU",,"L桃太郎電鉄","コナミアミューズメント","6.5号機","AT","4S1052","2024/12/2","1","0","1"
"10127","P","Pリング 呪いの7日間3 甘デジver.","Pリング 呪いの7日間3 Light JVZ",,"Pリング 呪いの7日間3 甘デジver.","JFJ",,"甘デジ","410140","2024/11/5","0","0","1"
"10126","P","P転生したらスライムだった件","P転生したらスライムだった件NB",,"P転生したらスライムだった件","サンセイR&D",,"ミドル","4P0575","2024/11/5","0","0","1"
"10125","P","PF機動戦士ガンダムSEED LT-Light ver.","Pフィーバー機動戦士ガンダムSEED YZ",,"PF機動戦士ガンダムSEED LT-Light ver.","SANKYO",,"ライトミドル","410470","2024/12/2","0","0","1"
"10124","P","P中森明菜・歌姫伝説～BLACK DIVA 楽～80～89ver.「PB機」","P中森明菜・歌姫伝説愛KD-KT",,"P中森明菜・歌姫伝説～BLACK DIVA 楽～80～89ver.「PB機」","D-light",,"甘デジ","4P0348","2024/10/7","0","1","1"
"10123","P","Pモンスターハンターライズ","PモンスターハンターライズGRPG",,"Pモンスターハンターライズ","サミー",,"ライトミドル","410328","2024/11/5","0","0","1"
"10122","P","P にゃんこ大戦争 多様性のネコ","Pにゃんこ大戦争~多様性のネコ~M4",,"P にゃんこ大戦争 多様性のネコ","京楽",,"ライトミドル","4P0947","2024/11/18","0","0","1"
"10121","S","スロット Re:ゼロから始める異世界生活 season2","L Re:ゼロから始める異世界生活 season2PA5",,"Re:ゼロ2","パオン・ディーピー","6.5号機","AT","430205","2024/10/21","1","0","1"
"10120","P","P中森明菜・歌姫伝説～BLACK DIVA愛～","P中森明菜・歌姫伝説愛KD-NS",,"P中森明菜・歌姫伝説～BLACK DIVA愛～","D-light",,"甘デジ","4P0108","2024/10/7","0","1","1"
"10119","P","P 宇宙戦艦ヤマト2202 超波動","P宇宙戦艦ヤマト2202-3G",,"宇宙戦艦ヤマト2202 超波動","ビスティ",,"ミドル","410355","2024/10/7","0","0","1"
"10118","P","P義風堂々!!～兼続と慶次～3 199ver.","P義風堂々!!~兼続と慶次~3M3-X",,"義風堂々!!～兼続と慶次～3 199ver.","ニューギン",,"ライトミドル","4P0816","2024/11/5","0","0","1"
"10117","P","CYBORG 009 RULE OF SACRIFICE VS SCARL BODY EDITION 199","PCYBORG009VS3-K",,"CYBORG009VS3","ニューギン",,"ライトミドル","410339","2024/10/7","0","0","1"
"10116","S","L 真・一騎当千","Lパチスロ真・一騎当千V",,"L 真・一騎当千","Daiichi","6.5号機","AT","430303","2024/10/7","1","0","1"
"10115","P","eFからくりサーカス2 魔王ver.","eフィーバーからくりサーカス2R",,"からサー2魔王","SANKYO",,"その他","410393","2024/11/5","1","0","1"
"10114","P","PFからくりサーカス2 運命ver.","Pフィーバーからくりサーカス2T",,"からサー2運命","SANKYO",,"ミドル","410097","2024/11/5","0","0","1"
"10113","S","L 新・必殺仕置人 回胴 CRASH SPEC","L新・必殺仕置人KC",,"L新・必殺仕置人","京楽","6.5号機","AT","3S1852","2024/11/5","1","0","1"
"10112","P","P大海物語5スペシャル","P大海物語5スペシャルALTA",,"P大海5SP","三洋物産",,"ミドル","4P0495","2024/11/5","0","1","1"
"10111","P","e大海物語5スペシャル","e大海物語5スペシャルELTA4",,"e大海5SP","三洋物産",,"ミドル","4P0508","2024/11/5","1","0","1"
"10110","P","PバイオハザードRE:2 ごらくバージョン「PB機」","PバイオハザードRE29YZ1",,"バイオRE:2 ごらく","アムテックス",,"甘デジ","310154","2024/9/17","0","0","1"
"10109","S","Lダブルアタック2 with OZS-1000&RAPHAEL","Lダブルアタック2EX",,"Lダブルアタック2","オーイズミ","6.5号機","AT","430240","2024/11/18","1","0","1"
"10108","P","P江頭2:50inナナシーLT","P江頭2:50 inナナシーV3",,"江頭2:50LT","豊丸",,"ライトミドル","4P0800","2024/10/21","0","0","1"
"10107","S","パチスロハイパーラッシュ","SハイパーラッシュSLC8",,"ハイパーラッシュ","セブンリーグ","6.5号機","AT","430212","2024/9/17","0","0","1"
"10106","S","Lバンドリ!","LバンドリS11",,"Lバンドリ!","オリンピアエステート","6.5号機","AT","430327","2024/11/5","1","0","1"
"10105","P","Pラブ嬢 ～極嬢のハーレム体験～ 129ver.","Pラブ嬢3L2YR3",,"ラブ嬢ライトミドル","アムテックス",,"ライトミドル","4P0838","2024/11/5","0","0","1"
"10104","S","スマスロ 鬼武者3","L鬼武者3XA",,"L鬼武者3","アデリオン","6.5号機","AT","4S0403","2024/10/7","1","0","1"
"10103","P","PF革命機ヴァルヴレイヴ3 Light ver.","Pフィーバー革命機ヴァルヴレイヴ3Y",,"ヴヴヴ3甘","SANKYO",,"甘デジ","3P1670","2024/10/7","0","0","1"
"10102","S","スマート沖スロ 超華祭","L超華祭PB",,"L超華祭","パイオニア","6.5号機","AT","4S0743","2024/11/18","1","0","1"
"10101","P","eキョンシー ライトミドル 新CタイムVer.","eキョンシーM5-VC",,"eキョンシー","ニューギン",,"ライトミドル","410220","2024/9/2","1","0","1"
"10100","P","PAワンパンマン 99ver.","PAワンパンマンN-X",,"ワンパンマン甘","ニューギン",,"甘デジ","3P0713","2024/9/2","0","0","1"
"10099","P","e 乃木坂46 II","e乃木坂46IIK4",,"e 乃木坂46 II","京楽",,"ライトミドル","4P0586","2024/10/7","1","0","1"
"10098","P","e 仮面ライダー電王","e仮面ライダー電王KL12",,"e 仮面ライダー電王","京楽",,"その他","4P0721","2024/9/2","1","0","1"
"10097","S","スマスロ頭文字D 2nd","L スマスロ頭文字D2nd YR",,"L頭文字D","サミー","6.5号機","AT","430357","2024/10/7","1","0","1"
"10096","P","P攻殻機動隊SAC_2045 199LTver.","P攻殻機動隊SAC_2045LTH-TS",,"攻殻機動隊 199LT","D-light",,"ライトミドル","410306","2024/9/17","0","0","1"
"10095","P","P弾球黙示録カイジ沼5 ざわっ...79Ver.","P弾球黙示録カイジ沼5V2A",,"カイジ沼5 ざわっ...79Ver.","高尾",,"甘デジ","410199","2024/10/21","0","0","1"
"10094","S","今日から俺は!! パチスロ編","L今日から俺は!!FE",,"L今日から俺は!!","コナミアミューズメント","6.5号機","AT","4S0633","2024/10/7","1","0","1"
"10093","P","Pルパン三世 ONE COLLECTION","Pルパン三世14H1YZ4",,"ルパン三世OC","アムテックス",,"ミドル","4P0455","2024/10/7","0","0","1"
"10092","P","Pとある科学の超電磁砲2","Pとある科学の超電磁砲2JMB",,"レールガン2","JFJ",,"ミドル","4P0379","2024/9/2","0","0","1"
"10091","S","パチスロ かぐや様は告らせたい","Lかぐや様は告らせたいjA",,"Lかぐや様","SANKYO","6.5号機","AT","4S0464","2024/9/2","1","0","1"
"10090","S","スマスロワンパンマン","LワンパンマンEY",,"Lワンパンマン","エキサイト","6.5号機","AT","4S0335","2024/8/5","1","0","1"
"10089","P","PAわんわんパラダイスCELEBRATION","PAわんわんセレブレーションAGBD",,"わんわんセレブレーション","サンスリー",,"甘デジ","410261","2024/10/7","0","1","1"
"10088","P","P 百花繚乱 ご奉仕 129ver.","P百花繚乱FH-TF",,"百花繚乱 ご奉仕 129ver.","D-light",,"ライトミドル","310682","2024/8/5","0","0","1"
"10087","P","Pリング 呪いの7日間3 ラッキートリガーVer.","Pリング 呪いの7日間3 LT搭載 JSG",,"リング 呪いの7日間LT","JFJ",,"ライトミドル","3P1711","2024/8/19","0","0","1"
"10086","S","スマスロ ゴッドイーター リザレクション","LパチスロゴッドイーターリザレクションSLED",,"Lゴッドイーター","セブンリーグ","6.5号機","AT","4S0159","2024/7/22","1","0","1"
"10085","P","eゴッドイーター TRIPLE BURST","eゴッドイータートリプルバーストMJ",,"ゴッドイーターTB","サンセイR&D",,"ライトミドル","410192","2024/9/2","1","0","1"
"10084","P","Pメイドインアビス 虹の黄金域","PメイドインアビスMR",,"メイアビ虹の黄金域","メーシー",,"ミドル","3P1657","2024/9/17","0","0","1"
"10083","P","Pいくさの子 織田三郎信長伝","Pいくさの子GFPF",,"いくさの子 織田三郎信長伝","サミー",,"ミドル","4P0453","2024/9/17","0","0","1"
"10082","P","PFかぐや様は告らせたいLight ver.","PAフィーバーかぐや様は告らせたいYG",,"かぐや様甘","SANKYO",,"甘デジ","3P1348","2024/9/2","0","0","1"
"10081","S","A-SLOT+ この素晴らしい世界に祝福を!","L A-SLOT+このすば FX",,"Lこのすば","サミー","6.5号機","AT","4S0262","2024/9/2","1","0","1"
"10080","P","eF機動戦士ガンダムユニコーン 再来-白き一角獣と黒き獅子-","eフィーバー機動戦士ガンダムユニコーン2 R",,"eユニコーン2","SANKYO",,"ミドル","4P0301","2024/8/5","1","0","1"
"10079","S","Lパチスロ閃乱カグラ2 SHINOVI MASTER","Lパチスロ閃乱カグラ2L9",,"L閃乱カグラ","オーイズミ","6.5号機","AT","430226","2024/9/2","1","0","1"
"10078","S","S ご～やちゃんぷる～ 30φ","SパチスロゴーヤMJA",,"ご～やちゃんぷる～30","京楽","6.5号機","AT","230283","2024/7/8","0","0","1"
"10077","S","S ご～やちゃんぷる～ 25φ","SパチスロゴーヤKJB",,"ご～やちゃんぷる～","京楽","6.5号機","AT","330188","2024/7/8","0","0","1"
"10076","S","パチスロL黄門ちゃま天","L黄門ちゃま天L2",,"L黄門ちゃま天","オリンピア","6.5号機","AT","430172","2024/9/2","1","0","1"
"10075","P","Pルパン三世 銭形からの招待状 77Sweet Ver.","Pルパン三世137YR2",,"ルパン銭形甘","平和",,"甘デジ","4P0177","2024/9/2","0","0","1"
"10074","P","P DD北斗の拳3","PDD北斗の拳3V1C",,"DD北斗の拳3","高尾",,"ミドル","4P0114","2024/9/2","0","0","1"
"10073","P","P アズールレーン THE ANIMATION 異次元トリガー","PアズールレーンTHE ANIMATION~異次元トリガー199~M4",,"アズールレーン異次元トリガー","京楽",,"ライトミドル","4P0088","2024/7/8","0","0","1"
"10072","S","スロット ゾンビランドサガ","Lスロット ゾンビランドサガA1",,"ゾンビランドサガ","大都技研","6.5号機","AT","3S1702","2024/7/22","1","0","1"
"10071","S","スマスロ ゲゲゲの鬼太郎 覚醒","Lゲゲゲの鬼太郎 覚醒JC",,"Lゲゲゲの鬼太郎","JFJ","6.5号機","AT","4S0089","2024/8/5","1","0","1"
"10070","S","L D4DJ Pachi-Slot Mix","LパチスロD4DJKB",,"D4DJ Pachi-Slot Mix","京楽","6.5号機","AT","4S0424","2024/8/5","1","0","1"
"10069","P","PAコマコマ倶楽部with坂本冬美 99確変ループver.","PAコマコマ倶楽部with坂本冬美LOOP1",,"コマコマ倶楽部with坂本冬美甘","豊丸",,"甘デジ","4P0286","2024/8/19","0","1","1"
"10068","P","デジハネP交響詩篇エウレカセブン ANEMONE 99ver.","Pデジハネエウレカセブンハイエボ2SSPB",,"ANEMONE甘","サミー",,"甘デジ","310633","2024/8/19","0","0","1"
"10067","S","L アカメが斬る! 2","Lアカメが斬る!2TN",,"Lアカメが斬る! 2","新日テクノロジー","6.5号機","AT","3S1760","2024/7/8","1","0","1"
"10066","P","Pバンドリ!","Pバンドリ!H1YZ4",,"バンドリ!","平和",,"ミドル","410039","2024/8/19","0","0","1"
"10065","P","Pドラムだ!金ドン 花火外伝","Pドラムだ!金ドンMP",,"ドラムだ!金ドン 花火外伝","ミズホ",,"ライトミドル","4P0126","2024/8/19","0","0","1"
"10064","S","スマスロ トロピカーナ","L/トロピカーナ/NT",,"トロピカーナ","ミズホ","6.5号機","AT","3S1646","2024/8/5","1","0","1"
"10063","P","e花の慶次～傾奇一転","e花の慶次~傾奇一転L2-MX",,"e花の慶次～傾奇一転","ニューギン",,"その他","4P0179","2024/7/8","1","0","1"
"10062","P","P花の慶次～傾奇一転","P花の慶次~傾奇一転L-MX",,"P花の慶次～傾奇一転","ニューギン",,"その他","410165","2024/7/8","0","0","1"
"10061","P","PF機動戦士ガンダムユニコーン 再来-白き一角獣と黒き獅子-","Pフィーバー機動戦士ガンダムユニコーン2 S",,"ガンダムUC2","SANKYO",,"ミドル","410029","2024/8/5","0","0","1"
"10060","P","P七つの美徳 ゴールデンエンジェルタイム スイート99Ver.","P七つの美徳V2A",,"七つの美徳甘","高尾",,"甘デジ","1P1894","2024/8/19","0","1","1"
"10059","P","P貞子","P貞子FMD",,"貞子","藤商事",,"ライトミドル","3P1869","2024/7/8","0","0","1"
"10058","P","Pファンキードクター 天使ver.","Pファンキードクター",,"ファンキードクター","マルホン",,"甘デジ","3P0563","2024/6/17","0","0","1"
"10057","P","PAこの素晴らしい世界に祝福を!「このゆる甘99に祝福を!」","PAこの素晴らしい世界に祝福を!VM1",,"このすば99","豊丸",,"甘デジ","410143","2024/7/22","0","0","1"
"10056","S","ミスタージャグラー","SミスタージャグラーKK",,"ミスタージャグラー","北電子","6号機","A","3S0174","2024/7/22","0","0","1"
"10055","P","PAスーパー海物語IN地中海2","PAスーパー海物語IN地中海2HLA",,"スーパー海物語IN地中海2","三洋物産",,"甘デジ","410099","2024/8/5","0","0","1"
"10054","P","e北斗の拳10","e北斗の拳10GHEG",,"e北斗の拳10","サミー",,"ミドル","410164","2024/8/5","1","0","1"
"10053","S","Sバハマ30","SバハマA3-30",,"バハマ30","アムテックス","6.5号機","AT","330688","2024/7/8","0","0","1"
"10052","S","スマスロ ストリートファイターV 挑戦者の道","Lストリートファイター5ZD",,"LストファイV","エンターライズ","6.5号機","AT","4S0055","2024/6/3","1","0","1"
"10051","S","沖ドキ!BLACK","S/沖ドキ!BLACK/EP",,"沖ドキ!BLACK","ミズホ","6.5号機","AT","4S0253","2024/7/1","0","0","1"
"10050","S","Lパチスロ戦姫絶唱シンフォギア 正義の歌","L戦姫絶唱シンフォギア 正義の歌jA",,"Lシンフォギア","SANKYO","6.5号機","AT","3S1917","2024/7/8","1","0","1"
"10049","S","アオハル♪操 A-LIVE","Sアオハル♪操 A-LIVE A2",,"アオハル操","大都技研","6.5号機","AT","330628","2024/6/3","0","0","1"
"10048","P","PドリームクルーンULTIMATE","PドリームクルーンU8",,"ドリームクルーンU","オーイズミ",,"その他","4P0086","2024/7/8","0","0","1"
"10047","P","Pうる星やつら～Eternal Love Song～","Pうる星やつら2L2-K",,"うる星やつら","ニューギン",,"その他","3P1715","2024/6/3","0","0","1"
"10046","P","P 魔法少女まどか☆マギカ3","P魔法少女まどか☆マギカ3LM3",,"まどマギ3","京楽",,"ライトミドル","3P1891","2024/6/3","0","0","1"
"10045","P","P魔王学院の不適合者","P魔王学院の不適合者FMY",,"魔王学院の不適合者","藤商事",,"その他","310659","2024/6/3","0","0","1"
"10044","S","スマスロ真・北斗無双","L スマスロ真北斗無双 FS",,"L真・北斗無双","サミー","6.5号機","AT","3S1512","2024/7/8","1","0","1"
"10043","S","賞金首Angel","L賞金首AngelND",,"賞金首Angel","ネット","6.5号機","AT","3S1608","2024/7/22","1","0","1"
"10042","S","Lパチスロ 炎炎ノ消防隊","L炎炎ノ消防隊jG",,"L炎炎ノ消防隊","SANKYO","6.5号機","AT","330569","2024/5/7","1","0","1"
"10041","S","L ウルトラマンティガ","LパチスロウルトラマンティガKA",,"Lウルトラマンティガ","オッケー.","6.5号機","AT","3S1301","2024/5/7","1","0","1"
"10040","P","Pギルティクラウン2 プレミアムライブチケット","Pギルティクラウン2SB",,"ギルクラ2","メーシー",,"ライトミドル","3P1919","2024/6/3","0","0","1"
"10039","S","L聖闘士星矢 海皇覚醒 CUSTOM EDITION","L聖闘士星矢海皇覚醒ED",,"L聖闘士星矢","サンスリー","6.5号機","AT","430030","2024/6/3","1","0","1"
"10038","S","L ToLOVEるダークネス","LToLOVEるダークネスS6",,"ToLOVEるダークネス","オリンピアエステート","6.5号機","AT","430016","2024/6/3","1","0","1"
"10037","P","P ToLOVEるダークネス","PToLOVEるダークネスH1YZ5",,"ToLOVEるダークネス","平和",,"ミドル","310643","2024/6/3","0","0","1"
"10036","S","スマスロ痛いのは嫌なので防御力に極振りしたいと思います。","L 防振り FN",,"L防振り","サミー","6.5号機","AT","430072","2024/6/3","1","0","1"
"10035","P","P頭文字D 2nd","P頭文字D2GFPG",,"頭文字D2","サミー",,"ミドル","410041","2024/6/3","0","0","1"
"10034","P","P水戸黄門 超極上 らいとばーじょん","Pぱちんこ水戸黄門4KACJ1",,"水戸黄門 超極上 甘","京楽",,"甘デジ","310182","2024/5/7","0","0","1"
"10033","S","パチスロ ダンジョンに出会いを求めるのは間違っているだろうか2","Sダンまち2XZ",,"ダンまち2","北電子","6.5号機","ART","3S1481","2024/4/22","0","0","1"
"10032","P","PF三国戦騎7500","Pフィーバ三国戦騎7500",,"三国戦騎7500","SANKYO",,"ミドル","3P1560","2024/6/3","0","0","1"
"10031","P","PFありふれた職業で世界最強 Light ver.","Pフィーバありふれた職業で世界最強YR",,"ありふれ Light ver.","SANKYO",,"甘デジ","310204","2024/7/8","0","0","1"
"10030","P","Pクイーンズブレイド4 UNLIMITED","Pクイーンズブレイド4V1D",,"クイブレ4 UNLIMITED","高尾",,"ミドル","310623","2024/6/3","0","0","1"
"10029","P","P GO!GO!郷 革命の5","PGO!GO!郷~革命の5~M4-VLT",,"GO!GO!郷 革命の5","ニューギン",,"ライトミドル","3P1413","2024/5/7","0","0","1"
"10028","P","Pゴブリンスレイヤー ラッキートリガーVer.","Pゴブリンスレイヤー ラッキートリガーVerJVR",,"ゴブスレLT","JFJ",,"ライトミドル","310612","2024/5/7","0","0","1"
"10027","S","パチスロ ブラックミクちゃん","SブラックミクちゃんDA",,"ブラックミクちゃん","DAXEL","6.5号機","A","3S1677","2024/3/9","0","0","1"
"10026","P","P牙狼11～冴島大河～XX","P牙狼11~冴島大河~XX-MU",,"牙狼11～冴島大河～XX","サンセイR&D",,"ミドル","410024","2024/4/22","0","0","1"
"10025","S","沖シーサー-30","S沖シーサーKY1-30",,"沖シーサー-30","ヤーマ","6.5号機","A","3S1888","2024/5/7","0","0","1"
"10024","P","e 新・必殺仕置人 超斬撃199","e新・必殺仕置人~超斬撃~K3",,"e 新・必殺仕置人 超斬撃199","京楽",,"ライトミドル","3P1749","2024/4/22","0","0","1"
"10023","S","押忍!番長4","L押忍!番長4 A3",,"押忍!番長4","大都技研","6.5号機","AT","3S1296","2024/4/22","1","0","1"
"10022","P","P保4のガチャバスター","P保4のガチャバスターU",,"保4のガチャバスター","A-gon",,"その他","3P1908","2024/6/3","0","0","1"
"10021","P","Pラブ嬢 ～極嬢のハーレム体験～","Pラブ嬢3H1YZ6",,"ラブ嬢 ～極嬢のハーレム体験～","アムテックス",,"ミドル","3P1751","2024/5/7","0","0","1"
"10020","P","P FAIRY TAIL これが七炎竜の力だ","P FAIRY TAILこれが七炎竜の力だFSA",,"FAIRY TAIL これが七炎竜の力だ","藤商事",,"その他","3P1434","2024/4/22","0","0","1"
"10019","S","ニューパルサーSP4 with 太鼓の達人","SニューパルサーSP4SLE8",,"ニューパルSP4","セブンリーグ","6.5号機","A","330606","2024/5/7","0","0","1"
"10018","P","P弾球黙示録カイジ沼5 超欲望129×87%Ver.","P弾球黙示録カイジ沼5V3B",,"カイジ沼5 超欲望129×87%Ver.","高尾",,"ライトミドル","3P1514","2024/4/22","0","0","1"
"10017","S","スマスロ ストライク・ザ・ブラッド","Lストライク・ザ・ブラッドZC",,"ストブラ","エンターライズ","6.5号機","AT","3S1731","2024/4/8","1","0","1"
"10016","P","P GANTZ覚醒 SWEET2000","PぱちんこGANTZ覚醒Sweet2000M2",,"GANTZ覚醒 SWEET2000","オッケー.",,"ライトミドル","3P1217","2024/4/8","0","0","1"
"10015","P","Pひぐらしのなく頃に 輪廻転生","Pひぐらしのなく頃に・輪廻転生FM-JT",,"ひぐらし輪廻転生","D-light",,"ミドル","3P1556","2024/4/8","0","0","1"
"10014","S","チバリヨ2","Lチバリヨ2ZB",,"チバリヨ2","ネット","6.5号機","AT","3S1495","2024/3/4","1","0","1"
"10013","P","PF炎炎ノ消防隊Light ver.","Pフィーバー炎炎ノ消防隊YR",,"炎炎ノ消防隊Light ver.","SANKYO",,"ライトミドル","3P1234","2024/5/7","0","0","1"
"10012","P","P七つの大罪2 神千斬りVER.","P七つの大罪2GRPH",,"七つの大罪2 神千斬りVER.","サミー",,"ライトミドル","310446","2024/5/7","0","0","1"
"10011","S","スマスロ交響詩篇エウレカセブン4 HI-EVOLUTION","L エウレカセブン4 HIEVO KX",,"エウレカ4","サミー","6.5号機","AT","3S1577","2024/5/7","1","0","1"
"10010","P","PAハイスクール・フリート オールスター すい～とでハッピー!2400","PAハイスクール・フリート2SB",,"ハイプリ2","メーシー",,"甘デジ","3P1674","2024/4/22","0","0","1"
"10009","S","ジャグラーガールズSS","SジャグラーガールズSS-KH",,"ジャグラーガールズ","北電子","6号機","A","330257","2024/4/8","0","0","1"
"10008","S","忍魂参 ～奥義皆伝ノ章～","L忍魂参 ~奥義皆伝ノ章~A3",,"忍魂参","大都技研","6.5号機","AT","3S1553","2024/3/18","1","0","1"
"10007","S","Lパチスロうる星やつら","Lパチスロうる星やつらEV",,"Lうる星やつら","エキサイト","6.5号機","AT","3S0160","2024/4/8","1","0","1"
"10006","P","P真・座頭市物語","P真・座頭市物語DL-MX",,"真・座頭市物語","ニューギン",,"その他","3P1320","2024/3/4","0","0","1"
"10005","P","スマパチ シン・エヴァンゲリオン Type ゲンドウ","eシン・エヴァンゲリオンK",,"シン・エヴァ Type ゲンドウ","ビスティ",,"ミドル","3P1104","2024/3/4","1","0","1"
"10004","S","パチスロ金のかぼちゃ","SキンノカボチャAA",,"金のかぼちゃ","バルテック","6.5号機","AT","3S1654","2024/4/15","0","0","1"
"10003","P","P コードギアス 反逆のルルーシュ Rebellion to Re;surrection ライト ver.","Pコードギアス 反逆のルルーシュ3Y",,"コードギアス3Y","ビスティ",,"甘デジ","3P0218","2024/3/4","0","0","1"
"10002","P","PA満開昔ばなし天まで届け100ver.GO「PB機」","PA満開昔ばなし天まで届け100ver.GO",,"満開昔ばなし天まで届け100ver.GO","豊丸",,"甘デジ","310595","2024/3/4","0","1","1"
"10001","P","Pバイオハザード RE:2 LTver.","PバイオハザードRE2L9YZ4",,"バイオRE:2 LTver.","アムテックス",,"ライトミドル","3P1573","2024/4/8","0","0","1"
"10000","P","P世紀末・天才バカボン～福神SPEC～","P天才バカボン7~福神スペック~LTH-JH",,"天才バカボン7～福神SPEC～","D-light",,"ライトミドル","310522","2024/3/4","0","0","1"
"9999","P","P大工の源さん超韋駄天2極源LighT","P大工の源さん超韋駄天2HLB",,"源さん2極源LighT","三洋物産",,"ライトミドル","310527","2024/4/8","0","0","1"
"9998","S","スマート沖スロ ドラゴンハナハナ～閃光～","Lドラゴンハナハナ~閃光~JP",,"Lドラハナ閃光","パイオニア","6号機","A","3S1450","2024/3/18","1","0","1"
"9997","P","eFマクロスフロンティア5","eフィーバーマクロスフロンティア5V",,"eマクロスF5","SANKYO",,"ミドル","310572","2024/4/22","1","0","1"
"9996","P","PFマクロスフロンティア5","Pフィーバーマクロスフロンティア5W",,"PマクロスF5","SANKYO",,"ミドル","310556","2024/4/22","0","0","1"
"9995","S","キングクリエーター30","SキングクリエーターSK-30",,"キングクリエーター30","北電子","6.5号機","A","3S1561","2024/3/4","0","0","1"
"9994","P","Pファンキードクター 悪魔 12000ver.","PファンキードクターH",,"ファンキードクター","マルホン",,"甘デジ","3P1163","2024/3/18","0","0","1"
"9993","P","P 新世紀エヴァンゲリオン ～未来への咆哮～ PREMIUM MODEL","P新世紀エヴァンゲリオン15 未来への咆哮Y",,"エヴァ咆哮Y","ビスティ",,"その他","1P1294","2024/2/5","0","0","1"
"9992","P","PAルパン三世 THE FIRST ～不二子89ver.～「PB機」","PAルパン三世真速89GO1",,"ルパン～不二子89ver.","平和",,"甘デジ","310507","2024/2/19","0","1","1"
"9991","S","SLOT忍者じゃじゃ丸くん","S/ジャジャマル/HA",,"忍者じゃじゃ丸くん","エレコ","6.5号機","AT","3S1360","2024/3/18","0","0","1"
"9990","S","L ゴジラ対エヴァンゲリオン","Lゴジラ対エヴァンゲリオンjA",,"Lゴジエヴァ","ビスティ","6.5号機","AT","3S1349","2024/2/5","1","0","1"
"9989","P","P化物語 199ver.","P化物語GRPA",,"化物語 199ver.","サミー",,"ライトミドル","310496","2024/4/8","0","0","1"
"9988","P","P化物語 319ver.","P化物語2GFPA",,"化物語 319ver.","サミー",,"ミドル","3P1506","2024/4/8","0","0","1"
"9987","S","スマスロ ゴールデンカムイ","L パチスロゴールデンカムイ KR",,"Lゴールデンカムイ","サミー","6.5号機","AT","330548","2024/4/8","1","0","1"
"9986","P","P緋弾のアリア ～緋緋神降臨～ ラッキートリガーVer.","P緋弾のアリア ~緋緋神降臨~LH搭載FSZ",,"緋弾のアリア ～緋緋神降臨～","藤商事",,"ライトミドル","310452","2024/3/4","0","0","1"
"9985","S","スマスロキングパルサー","LキングパルサーSLCC",,"Lキンパル","セブンリーグ","6.5号機","AT","3S1231","2024/3/4","1","0","1"
"9984","P","PFパワフル「2024年」","PAフィーバーパワフルR",,"PFパワフル「2024年」","SANKYO",,"甘デジ","310624","2024/3/4","0","0","1"
"9983","S","L南国育ち","L南国育ちS3",,"L南国育ち","オリンピアエステート","6.5号機","AT","330497","2024/3/4","1","0","1"
"9982","P","PニュートキオGREEN","PニュートキオGREENV1",,"ニュートキオGREEN","アムテックス",,"その他","3P1334","2024/2/5","0","0","1"
"9981","P","P真・一騎当千～桃園の誓い～129ver","P真・一騎当千~桃園の誓い~FH-TS",,"真・一騎当千～桃園の誓い～","D-light",,"ライトミドル","3P0576","2024/2/5","0","0","1"
"9980","S","ドラゴンハナハナ～閃光～","Sドラゴンハナハナ~閃光~DX",,"Sドラハナ閃光","パイオニア","6号機","A","3S1039","2024/3/18","0","0","1"
"9979","P","P sin 七つの大罪 強甘 2400Ver.","Psin七つの大罪V3B",,"sin 七つの大罪 強甘","高尾",,"ライトミドル","3P1005","2024/3/18","0","0","1"
"9978","S","スロット 冴えない彼女の育てかた","Lスロット 冴えない彼女の育てかたSA3",,"冴えカノ","サボハニ","6.5号機","AT","330407","2024/2/5","1","0","1"
"9977","P","P咲-Saki-全国編 テンパイ即リーver.","P咲-Saki-全国編HBB",,"咲 テンパイ即リーver.","三洋物産",,"甘デジ","310454","2024/3/18","0","0","1"
"9976","P","Pわんニャンアドベンチャー119ver.","PわんニャンアドベンチャーHBF",,"わんニャンアドベンチャー119","サンスリー",,"甘デジ","310359","2024/3/4","0","0","1"
"9975","P","PLT OVERLORD魔導王光臨","PLT OVERPACHINKO-ME",,"OVERLORD魔導王光臨","サンセイR&D",,"ライトミドル","310505","2024/3/4","0","0","1"
"9974","P","Pこの素晴らしい世界に祝福を!199LT「このラッキートリガーに祝福を!」","Pこの素晴らしい世界に祝福を!LT3",,"このすば199LT","豊丸",,"ライトミドル","310564","2024/3/4","0","0","1"
"9973","P","P 異世界魔王と召喚少女の奴隷魔術","P異世界魔王L3-X",,"異世界魔王","ニューギン",,"ミドル","3P0477","2024/2/5","0","0","1"
"9972","S","パチスロ ガメラ2","S ガメラ2 XR",,"ガメラ2","サミー","6.5号機","AT","330357","2024/3/4","0","0","1"
"9971","P","P北斗の拳 強敵 LT","P北斗の拳強敵SSPA",,"北斗強敵 LT","サミー",,"甘デジ","3P0914","2024/3/4","0","0","1"
"9970","P","ぱちんこGI優駿倶楽部2 ラッキートリガーver","PGI優駿倶楽部2HT",,"GI優駿倶楽部2 ラッキートリガー","コナミアミューズメント",,"甘デジ","310419","2024/3/4","0","0","1"
"9969","P","Pサラリーマン金太郎 159をなめんじゃねぇver.","Pサラリーマン金太郎 FVE",,"サラリーマン金太郎 159","藤商事",,"ライトミドル","3P1214","2024/2/5","0","0","1"
"9968","P","PストリートファイターV K.O.RUSH LIGHT EDITION","PストV K.O.RUSH LIGHT FWE",,"ストV K.O.RUSH LIGHT","藤商事",,"ライトミドル","3P1115","2024/2/5","0","0","1"
"9967","S","ワードオブライツII","S/ワードオブライツII/WF",,"ワードオブライツII","エレコ","6.5号機","AT","330291","2024/2/5","0","0","1"
"9966","P","Pビッグポップコーン SWEET Ver.","PビッグポップコーンY",,"ビッグポップコーン甘","A-gon",,"その他","1P0237","2024/1/9","0","0","1"
"9965","P","PA GO!GO!郷 comeback stage 77ver.","PAGO!GO!郷N-X",,"GO!GO!郷 77ver.","ニューギン",,"甘デジ","3P0635","2024/2/5","0","0","1"
"9964","S","GI優駿倶楽部黄金","LGI優駿倶楽部黄金KD",,"GI黄金","コナミアミューズメント","6.5号機","AT","3S1190","2024/2/5","1","0","1"
"9963","S","Sky Love","LスカイラブGNB",,"Sky Love","カルミナ","6.5号機","AT","330383","2024/2/5","1","0","1"
"9962","S","L 仮面ライダー 7RIDERS","Lパチスロ仮面ライダーUJA",,"L仮面ライダー","京楽","6.5号機","AT","330233","2024/1/9","1","0","1"
"9961","S","Lストライクウィッチーズ2","Lストライクウィッチーズ2TF",,"スト魔女2","サンスリー","6.5号機","AT","3S1134","2024/2/5","1","0","1"
"9960","P","Pルパン三世 THE FIRST 99ver.","Pルパン三世真速9YS1Y",,"ルパン三世 THE FIRST 甘","平和",,"甘デジ","310139","2024/2/19","0","1","1"
"9959","S","Lパチスロガールズ&パンツァー 最終章","Lガールズ&パンツァー最終章H1",,"ガルパン最終章","平和","6.5号機","AT","3S1400","2024/2/5","1","0","1"
"9958","S","吉宗RISING","L吉宗ライジングSA2",,"吉宗RISING","サボハニ","6.5号機","AT","3S0802","2024/1/9","1","0","1"
"9957","P","Pとある魔術の禁書目録2","Pとある魔術の禁書目録2JMZ",,"インデックス2","JFJ",,"ミドル","310350","2024/1/9","0","0","1"
"9956","P","PFダンベル何キロ持てる? Light ver.","PAフィーバーダンベル何キロ持てる?Y",,"ダン持て 甘","SANKYO",,"甘デジ","3P0185","2024/2/5","0","0","1"
"9955","P","PA激デジ牙狼月虹ノ旅人","PA激デジ牙狼月虹ノ旅人-RL",,"牙狼月虹ノ旅人","サンセイR&D",,"甘デジ","310325","2024/1/9","0","1","1"
"9954","P","P中森明菜・歌姫伝説～BLACK DIVE 極～","P中森明菜・歌姫伝説極KM-TF",,"中森明菜～BLACK DIVE 極～","D-light",,"ミドル","3P1149","2024/1/9","0","0","1"
"9953","P","デジハネP聖戦士ダンバイン2 ZEROSONIC","Pデジハネ聖戦士ダンバイン2SSPB",,"ダンバイン2 ZEROSONIC","サミー",,"甘デジ","3P1188","2024/2/5","0","0","1"
"9952","S","スマスロ コードギアス 反逆のルルーシュ/復活のルルーシュ","L コードギアス復活のルルーシュ ZS",,"Lコードギアス","サミー","6.5号機","AT","3S0863","2024/2/5","1","0","1"
"9951","P","Pやじきた道中記 甘味ver.","Pやじきた道中記SB",,"やじきた道中記 甘","メーシー",,"甘デジ","3P0099","2024/1/9","0","0","1"
"9950","S","ニューシオサイ","SニューシオサイSA",,"ニューシオサイ","パイオニア","6号機","RT","3S0331","2023/12/4","0","0","1"
"9949","P","e CYBORG009 RULE OF SACRIFICE","eCYBORG009S7-K",,"e009 ROS","ニューギン",,"ミドル","310214","2024/1/9","1","0","1"
"9948","P","P CYBORG009 RULE OF SACRIFICE","PCYBORG009S3-K",,"P009 ROS","ニューギン",,"ミドル","310477","2024/1/9","0","0","1"
"9947","P","P真・一騎当千 Light Ver.","P真・一騎当千FH-SH",,"真・一騎当千 甘","Daiichi",,"ライトミドル","310054","2023/12/18","0","0","1"
"9946","S","ミクちゃんとイドムンのミラクルチャレンジ2","Sミクちゃんとイドムンのミラクルチャレンジ2DA",,"ミクイド2","DAXEL","6号機","A","330366","2023/12/9","0","0","1"
"9945","P","P弾球黙示録カイジ沼5","P弾球黙示録カイジ沼5V1U",,"カイジ沼5","高尾",,"ミドル","3P0935","2024/1/22","0","0","1"
"9944","S","スマスロバジリスク～甲賀忍法帖～絆2 天膳 BLACK EDITION","L/バジリスク絆2~天膳~/ZN",,"絆2天膳","ミズホ","6.5号機","AT","330412","2023/12/18","1","0","1"
"9943","P","Pドラム花火の源さん","Pドラム花火の源さんHCB",,"ドラム花火の源さん","サンスリー",,"ライトミドル","310352","2024/1/9","0","0","1"
"9942","S","パチスロ琉神-30 スイカバージョン","S琉神RZ-30 スイカバージョン",,"琉神-30","オレンジ","6.5号機","AT","330354","2023/12/4","0","0","1"
"9941","P","P真・花の慶次3～99ver.","P真・花の慶次3N-K",,"真慶次3~99ver.","ニューギン",,"甘デジ","3P0969","2024/1/22","0","0","1"
"9940","P","Pワンパンマン 199ver.","PワンパンマンM-X",,"ワンパンマン 199","ニューギン",,"ライトミドル","310178","2023/12/4","0","0","1"
"9939","P","Pポチッと一発!おだてブタ2","Pポチッと一発おだてブタ2V1",,"おだてブタ2","アムテックス",,"その他","3P0883","2024/1/9","0","0","1"
"9938","P","Pyes!高須クリニック～超整形PINK～","Pyes!高須クリニック超整形PINK1",,"yes!高須クリニック～超整形PINK～","豊丸",,"その他","3P0903","2023/12/4","0","0","1"
"9937","P","P天龍∞SEVEN Blue Ver.","P天龍∞SEVEN B",,"天龍∞SEVEN Blue Ver.","マルホン",,"その他","2P1405","2023/12/4","0","0","1"
"9936","P","P天龍∞SEVEN Light Ver.","P天龍∞SEVEN M",,"P天龍∞SEVEN Light Ver.","マルホン",,"その他","3P0392","2023/12/4","0","0","1"
"9935","S","Lパチスロ マクロスフロンティア4","Lマクロスフロンティア4bA",,"マクロスF4","SANKYO","6.5号機","AT","330403","2024/1/9","1","0","1"
"9934","S","L リングにかけろ1 V","Lリングにかけろ1FS",,"Lリンかけ","エフ","6.5号機","AT","3S1000","2023/12/4","1","0","1"
"9933","P","PF革命機ヴァルヴレイヴ3","Pフィーバー革命機ヴァルヴレイヴ3R",,"ヴァルヴレイヴ3","SANKYO",,"ミドル","310443","2024/1/9","0","0","1"
"9932","S","スマスロ バイオハザード ヴィレッジ","Lバイオハザード ヴィレッジXA",,"バイオヴィレッジ","アデリオン","6.5号機","AT","3S1160","2024/1/9","1","0","1"
"9931","P","e Re:ゼロから始める異世界生活 season2","e Re:ゼロから始める異世界生活 season2M13",,"e Re:ゼロ season2","大都技研",,"ミドル","310353","2023/11/20","1","0","1"
"9930","P","ぱちんこ 水戸黄門 超極上","Pぱちんこ水戸黄門4KC1",,"水戸黄門 超極上","京楽",,"ミドル","3P0312","2023/11/6","0","0","1"
"9929","S","パチスロ花の慶次～佐渡攻めの章～","Lパチスロ花の慶次~佐渡攻めの章~ER",,"L花の慶次","エキサイト","6.5号機","AT","330269","2023/12/4","1","0","1"
"9928","S","Lラブ嬢3～Wご指名はいかがですか?～","Lラブ嬢3M4",,"ラブ嬢3","アムテックス","6.5号機","AT","3S1032","2023/12/4","1","0","1"
"9927","S","L ひぐらしのなく頃に 業","Lパチスロひぐらしのなく頃に業SS",,"Lひぐらし業","D-light","6.5号機","ART","3S0262","2023/11/6","1","0","1"
"9926","P","スマパチ シン・エヴァンゲリオン Type カヲル","eシン・エヴァンゲリオンZ",,"シン・エヴァンゲリオン Type カヲル","ビスティ",,"ミドル","3P0777","2023/12/18","1","0","1"
"9925","P","ぱちんこ シン・エヴァンゲリオン Type レイ","Pシン・エヴァンゲリオンX",,"シン・エヴァンゲリオン Type レイ","ビスティ",,"ミドル","3P0912","2023/12/18","0","0","1"
"9924","S","ドラゴンハナハナ～閃光～-30","Sドラゴンハナハナ~閃光~SP-30",,"ドラハナ閃光-30","パイオニア","6号機","A","3S0875","2023/12/18","0","0","1"
"9923","S","スマスロモンキーターンV","Lモンキーターン5CE",,"モンキーターンV","山佐","6.5号機","AT","3S0772","2023/12/4","1","0","1"
"9922","S","パチスロ武装神姫","S武装神姫PF",,"武装神姫","コナミアミューズメント","6.5号機","AT","2S1739","2024/1/9","0","0","1"
"9921","S","マジカルハロウィン8","Lマジカルハロウィン8FE",,"マジハロ8","コナミアミューズメント","6.5号機","ART","3S0939","2023/12/4","1","0","1"
"9920","S","クランキークレスト","S/クランキークレスト/CR",,"クランキークレスト","ミズホ","6号機","A","330208","2023/12/4","0","0","1"
"9919","S","パチスロ ファイヤードリフト","S ファイヤードリフト FX",,"ファイヤードリフト","サミー","6.5号機","AT","330219","2023/12/18","0","0","1"
"9918","P","PA豊丸ととある企業の最新作2 SOD99ver.","PA豊丸ととある企業の最新作2V1",,"豊丸ととある企業の最新作2","豊丸",,"甘デジ","310313","2023/11/20","0","0","1"
"9917","S","推しスロ アイドルVer.","S推しスロDA",,"推しスロ","DAXEL","6号機","AT","3S0885","2023/12/1","0","0","1"
"9916","P","P大海物語5 ブラック","P大海物語5HCL",,"大海物語5 ブラック","三洋物産",,"ライトミドル","310379","2023/12/4","0","0","1"
"9915","P","Pゲゲゲの鬼太郎 獅子奮迅","Pゲゲゲの鬼太郎 獅子奮迅RRZ",,"Pゲゲゲの鬼太郎 獅子奮迅","オレンジ",,"ミドル","310184","2023/11/6","0","0","1"
"9914","P","スマパチ ゲゲゲの鬼太郎 獅子奮迅SP","eゲゲゲの鬼太郎 獅子奮迅SP JHZ",,"eゲゲゲの鬼太郎 獅子奮迅","JFJ",,"ミドル","310316","2023/11/6","1","0","1"
"9913","S","スマスロ とある魔術の禁書目録","Lとある魔術の禁書目録JC",,"インデックス","JFJ","6.5号機","AT","3S0728","2023/11/6","1","0","1"
"9912","P","P覇穹 封神演義","P覇穹封神演義DL3-MX",,"覇穹 封神演義","ニューギン",,"ミドル","3P0441","2023/11/6","0","0","1"
"9911","P","P交響詩篇エウレカセブン ANEMONE","Pエウレカセブンハイエボ2SFPA",,"ANEMONE","サミー",,"ミドル","310380","2023/12/4","0","0","1"
"9910","S","L エヴァンゲリオン ～未来への創造～","L EVANGELION・未来への創造jF",,"Lエヴァンゲリオン","ビスティ","6.5号機","AT","3S0339","2023/10/2","1","0","1"
"9909","P","ぱちんこ GANTZ覚醒 RUSH180","PぱちんこGANTZ覚醒MJ4",,"GANTZ覚醒 RUSH180","オッケー.",,"ライトミドル","310213","2023/10/2","0","0","1"
"9908","S","パチスロ ケンガンアシュラ","LケンガンアシュラND",,"ケンガンアシュラ","ネット","6.5号機","AT","3S0630","2023/11/20","1","0","1"
"9907","P","Pベルセルク無双 119ver.","Pベルセルク無双N-Z",,"ベルセルク無双 119ver.","ニューギン",,"甘デジ","1P1252","2023/11/6","0","0","1"
"9906","P","PA満開爛漫GO「PB機」","PA満開爛漫GO",,"PA満開爛漫GO","豊丸",,"甘デジ","310210","2023/10/2","0","1","1"
"9905","S","デジスロ JAC IN バージョン","SデジスロジャックGB1",,"デジスロ JAC IN","ベルコ","6.5号機","AT","3S0649","2023/11/6","0","0","1"
"9904","P","eルパン三世 銭形からの招待状","eルパン三世13H4YZ6",,"eルパン三世 銭形からの招待状","平和",,"ミドル","3P0948","2023/11/20","1","0","1"
"9903","P","P ゴジラ対エヴァンゲリオン ～G細胞覚醒～ PREMIUM MODEL","Pゴジラ対エヴァンゲリオン G細胞覚醒YR",,"ゴジラ対エヴァ G細胞覚醒YR","ビスティ",,"甘デジ","210319","2023/10/16","0","0","1"
"9902","P","PFありふれた職業で世界最強","Pフィーバーありふれた職業で世界最強R",,"ありふれた職業で世界最強","SANKYO",,"ミドル","3P0032","2023/11/6","0","0","1"
"9901","P","PFからくりサーカス Light ver.","PフィーバーからくりサーカスY",,"からくりサーカス Light ver.","SANKYO",,"甘デジ","2P0473","2023/12/4","0","0","1"
"9900","S","L大工の源さん 超夢源","L大工の源さん超夢源PH",,"源さん超夢源","サンスリー","6.5号機","AT","3S0747","2023/11/6","1","0","1"
"9899","P","P真・北斗無双 第4章 下剋上闘","P真北斗無双4下剋上闘GRPJ",,"真・北斗無双 第4章 下剋上闘","サミー",,"ライトミドル","3P0884","2023/11/6","0","0","1"
"9898","P","PストリートファイターV K.O. RUSH","PストリートファイターV K.O. RUSH FMW",,"ストファイV K.O. RUSH","藤商事",,"ミドル","310226","2023/10/16","0","0","1"
"9897","S","パチスロ交響詩篇エウレカセブンHI-EVOLUTION ZERO TYPE-ART","S エウレカセブンHIEVO XS",,"エウレカART","サミー","6.5号機","ART","330002","2023/11/6","0","0","1"
"9896","S","スマスロ劇場版 魔法少女まどか☆マギカ[前編]始まりの物語/[後編]永遠の物語f-フォルテ-","L/前後編f/UU",,"まどかフォルテ","メーシー","6.5号機","AT","3S0536","2023/11/6","1","0","1"
"9895","P","Pギルティクラウン2","Pギルティクラウン2ME",,"ギルティクラウン2","メーシー",,"ライトミドル","3P0470","2023/10/16","0","0","1"
"9894","P","PA激デジジューシーハニーハーレム","PA激デジジューシーハニーハーレムRAY",,"激デジジューシーハニーハーレム","サンセイR&D",,"甘デジ","2P1522","2023/10/2","0","1","1"
"9893","P","スマートぱちんこ ソードアート・オンライン","eぱちんこソードアート・オンラインK12",,"SAO","京楽",,"ミドル","3P0755","2023/9/4","1","0","1"
"9892","P","P 新世紀エヴァンゲリオン ～未来への咆哮～ SPECIAL EDITION","P新世紀エヴァンゲリオン15 未来への咆哮F",,"エヴァ未来SPECIAL EDITION","ビスティ",,"ライトミドル","1P0766","2023/9/19","0","0","1"
"9891","P","e義風堂々!!～兼続と慶次～3","e義風堂々!!~兼続と慶次~3DM5-S",,"義風堂々!!～兼続と慶次～3","ニューギン",,"ミドル","3P0273","2023/10/2","1","0","1"
"9890","P","Pプロゴルファー猿 強甘119ver.","Pプロゴルファー猿V1",,"プロゴルファー猿 強甘119ver.","豊丸",,"甘デジ","3P0585","2023/10/2","0","0","1"
"9889","P","P世紀末・天才バカボン～神 SPEC 凱旋～","P天才バカボン7FM-JV",,"世紀末・天才バカボン～神 SPEC 凱旋～","D-light",,"ミドル","310270","2023/10/2","0","0","1"
"9888","P","PFかぐや様は告らせたい","Pフィーバーかぐや様は告らせたいR",,"かぐや様","SANKYO",,"ミドル","310267","2023/10/2","0","0","1"
"9887","P","e新海物語349","e新海物語349ELTH",,"e新海物語349","三洋物産",,"ミドル","3P0664","2023/10/2","0","0","1"
"9886","P","ぱちんこ戦国コレクション天魔99","P戦国コレクションAH",,"戦国コレクション天魔99","コナミアミューズメント",,"甘デジ","3P0565","2023/9/19","0","1","1"
"9885","S","戦国コレクション5超極楽LOOP","L戦国コレクション5GJ",,"戦コレ5超極楽","コナミアミューズメント","6.5号機","AT","2S1627","2023/9/19","1","0","1"
"9884","P","P頭文字D Non-Stop 3000Edition","P頭文字DGRPE",,"頭文字D Non-Stop 3000Edition","サミー",,"ライトミドル","3P0750","2023/10/2","0","0","1"
"9883","P","Pリング 呪いの7日間3","Pリング 呪いの7日間3 JMA",,"リング3","JFJ",,"ミドル","2P1258","2023/9/19","0","0","1"
"9882","S","スーハナライジング-30","SスーハナライジングPC-30",,"スーハナライジング-30","パイオニア","6.5号機","AT","3S0572","2023/10/2","0","0","1"
"9881","S","回胴式遊技機 グランベルム","SグランベルムZXZ",,"グランベルム","北電子","6.5号機","AT","330077","2023/9/4","0","0","1"
"9880","S","PACHISLOT 009 RE:CYBORG","Lパチスロ009RE:CYBORG-NZ",,"009 RE:CYBORG","ニューギン","6.5号機","AT","3S0498","2023/9/4","1","0","1"
"9879","S","スマスロ転生したらスライムだった件","Lパチスロ転生したらスライムだった件CD",,"転スラ","山佐","6.5号機","AT","3S0494","2023/10/2","1","0","1"
"9878","S","ぱちスロ 乃木坂46","Lパチスロ乃木坂46UD",,"乃木坂46","京楽","6.5号機","AT","3S0031","2023/8/7","1","0","1"
"9877","S","燃えチバ-30","S燃えチバGNC-30",,"燃えチバ-30","ネット","6.5号機","AT","330194","2023/10/2","0","0","1"
"9876","S","麻雀格闘倶楽部 覚醒","L麻雀格闘倶楽部覚醒KM",,"麻雀格闘倶楽部 覚醒","コナミアミューズメント","6.5号機","AT","3S0673","2023/9/19","1","0","1"
"9875","P","PF戦姫絶唱シンフォギア3黄金絶唱Light ver","Pフィーバー戦姫絶唱シンフォギア 黄金絶唱YR",,"シンフォギア3甘","SANKYO",,"甘デジ","2P0953","2023/9/19","0","1","1"
"9874","P","P 百花繚乱","P百花繚乱FM-JF",,"百花繚乱","D-light",,"ミドル","310172","2023/9/4","0","0","1"
"9873","S","パチスロナイツ","SナイツYTCC",,"ナイツ","山佐ネクスト","6.5号機","AT","2S1313","2023/7/3","0","0","1"
"9872","P","P咲-Saki-全国編","P咲-Saki-全国編HTG",,"咲-Saki-全国編","三洋物産",,"ミドル","3P0455","2023/9/4","0","0","1"
"9871","S","S 織田信奈の野望 全国版","S織田信奈の野望 全国版TA",,"織田信奈全国版","新日テクノロジー","6.5号機","AT","3S0139","2023/7/18","0","0","1"
"9870","P","Pハイスクール・フリート オールスター","Pハイスクール・フリート2MH",,"はいふり2","メーシー",,"ライトミドル","3P0424","2023/9/4","0","0","1"
"9869","P","Pルパン三世 消されたルパン2022 99ver.","P消されたルパン9YU1Y",,"ルパン三世 消されたルパン2022甘","平和",,"甘デジ","310022","2023/9/19","0","1","1"
"9868","S","L戦国乙女4 戦乱に閃く炯眼の軍師","L戦国乙女4S3",,"戦国乙女4","オリンピアエステート","6.5号機","AT","3S0520","2023/9/4","1","0","1"
"9867","P","Pデビルマン黄金黙示録","Pデビルマン黄金黙示録N-K1 YT250",,"デビルマン黄金黙示録","ニューギン",,"甘デジ","1P1539","2023/8/7","0","1","1"
"9866","S","ファミスタ回胴版!!","S/ファミスタ回胴版!!/FB",,"ファミスタ回胴版!!","ユニバーサルブロス","6号機","ART","2S1734","2023/9/4","0","0","1"
"9865","P","P七つの美徳 ゴールデンエンジェルタイム","P七つの美徳V1G",,"七つの美徳","高尾",,"ライトミドル","1P1843","2023/8/21","0","1","1"
"9864","S","パチスロ傷物語 -始マリノ刻-","S 傷物語 FS",,"傷物語","サミー","6.5号機","AT","230305","2023/9/4","0","0","1"
"9863","P","P真・一騎当千～桃園の誓い～","P真・一騎当千~桃園の誓い~FM-JT",,"真・一騎当千～桃園の誓い～","D-light",,"ミドル","310129","2023/8/7","0","0","1"
"9862","P","Pシティーハンター 俺の心を震わせた日 凄ライトミドル","Pシティーハンター4L9YZ3",,"シティーハンターライトミドル","アムテックス",,"ライトミドル","310119","2023/8/21","0","0","1"
"9861","S","スーパービンゴネオクラシック-30","SスーパービンゴHY1-30",,"スーパビンゴNC-30","ベルコ","6.5号機","AT","3S0080","2023/8/7","0","0","1"
"9860","S","スーパービンゴネオクラシック","SスーパービンゴHH1",,"スーパビンゴNC","ベルコ","6.5号機","AT","2S1848","2023/8/7","0","0","1"
"9859","P","P聖闘士星矢 超流星LIGHT","P聖闘士星矢超流星AHBC",,"聖闘士星矢 超流星LIGHT","三洋物産",,"ライトミドル","2P0707","2023/8/21","0","1","1"
"9858","P","P GO!GO!マリン 3000","PGO!GO!マリン3000HCD",,"GO!GO!マリン 3000","サンスリー",,"ライトミドル","310152","2023/8/7","0","0","1"
"9857","S","SOZ-1-AA-30","SOZ1-AA-30",,"OZ-1-AA-30","オズ","6号機","A","2S1541","2023/6/19","0","0","1"
"9856","S","防空少女ラブキューレ2～極限の共鳴～","Lラブキューレ2PS",,"ラブキューレ2","コナミアミューズメント","6.5号機","ART","3S0048","2023/8/7","1","0","1"
"9855","P","Pベルセルク無双 冥府魔道ver.","Pベルセルク無双~冥府魔道M12-Z",,"ベルセルク無双 冥府魔道ver.","ニューギン",,"その他","2P1823","2023/6/19","0","0","1"
"9854","S","パチスロ 戦国†恋姫","S戦国恋姫FC",,"戦国恋姫","藤商事","6.5号機","AT","3S0259","2023/7/18","0","0","1"
"9853","P","スマパチ RAVE 覚聖ループ","e RAVE 覚聖ループJMC",,"RAVE 覚聖ループ","JFJ",,"ミドル","3P0212","2023/7/3","1","0","1"
"9852","P","ぱちんこ 乃木坂46 キュンキュンLIGHT ver.","Pぱちんこ乃木坂46キュンキュンライトver.KAC1",,"乃木坂46 キュンキュンLIGHT ver.","京楽",,"ライトミドル","2P1731","2023/6/19","0","0","1"
"9851","P","PF機動戦士ガンダムSEED","Pフィーバー機動戦士ガンダムSEED S",,"機動戦士ガンダムSEED","SANKYO",,"ミドル","3P0384","2023/8/7","0","0","1"
"9850","P","Pビッグドリーム3 77ver.","PビッグドリームSSPH",,"ビッグドリーム3 77ver.","サミー",,"甘デジ","310100","2023/8/7","0","0","1"
"9849","S","スマスロキン肉マン～7人の悪魔超人編～","Lパチスロキンニクマン4SLDC",,"Lキン肉マン","セブンリーグ","6.5号機","AT","3S0295","2023/8/7","1","0","1"
"9848","S","ゴーゴージャグラー3","Sゴーゴージャグラー3KA",,"ゴージャグ3","北電子","6号機","A","2S0743","2023/7/3","0","0","1"
"9847","P","ぱちんこ ウルトラマンティガ ウルトラ超光ライトver.","PぱちんこウルトラマンティガKACJ1",,"ウルトラマンティガ ウルトラ超光ライトver.","オッケー.",,"ライトミドル","210342","2023/6/5","0","0","1"
"9846","P","e花の慶次 裂 一刀両断","e花の慶次~裂一刀両断DL2-MX",,"花の慶次 裂 一刀両断","ニューギン",,"ミドル","3P0090","2023/7/3","1","0","1"
"9845","S","ぱちスロ にゃんこ大戦争 BIGBANG","Lパチスロにゃんこ大戦争MK",,"にゃんこ大戦争","京楽","6.5号機","AT","3S0209","2023/6/5","1","0","1"
"9844","S","パチスロ 蛇喰夢子という女","S蛇喰夢子という女NE",,"蛇喰夢子という女","ネット","6.5号機","AT","2S1871","2023/7/3","0","0","1"
"9843","S","パチスロ からくりサーカス","LからくりサーカスG",,"からくりサーカス","SANKYO","6.5号機","AT","2S1798","2023/7/3","1","0","1"
"9842","P","eキャッツ・アイ","eキャッツアイ3H4YZ3",,"キャッツ・アイ","平和",,"ミドル","3P0098","2023/7/3","1","0","1"
"9841","S","スマスロ バイオハザード:ヴェンデッタ","L バイオハザードヴェンデッタ FK",,"バイオヴェンデッタ","サミー","6.5号機","AT","3S0143","2023/7/24","1","0","1"
"9840","P","Pアナザーゴッドハーデス-狂乱-","Pアナザーゴッドハーデス3MC",,"アナザーゴッドハーデス-狂乱-","メーシー",,"ミドル","210335","2023/7/3","0","0","1"
"9839","S","スマスロ 戦国BASARA GIGA","L戦国BASARAギガZE",,"戦国BASARA","エンターライズ","6.5号機","AT","3S0064","2023/8/7","1","0","1"
"9838","P","P貞子3D3","P貞子3D3V1B",,"貞子3D3","高尾",,"その他","2P1298","2023/7/3","0","0","1"
"9837","S","Lベルセルク無双","Lパチスロベルセルク無双EV",,"ベルセルク無双","エキサイト","6.5号機","AT","3S0001","2023/6/5","1","0","1"
"9836","P","PFクィーンII 30th ANNIVERSARY EDITION","PフィーバークィーンII V",,"クィーンII 30th ANNIVERSARY EDITION","ジェイビー",,"甘デジ","3P0229","2023/7/18","0","0","1"
"9835","P","P地獄少女 Light","P地獄少女 Light FVB",,"地獄少女 Light","藤商事",,"ライトミドル","2P1485","2023/6/5","0","0","1"
"9834","P","Pブラックラグーン4","Pブラックラグーン4GFPJ",,"ブラックラグーン4","サミー",,"ミドル","310030","2023/7/3","0","0","1"
"9833","P","PA大海物語5 Withアグネス・ラム","PA大海物語5ARBC",,"大海物語5 Withアグネス・ラム","三洋物産",,"甘デジ","210400","2023/7/3","0","1","1"
"9832","P","P大線香花火","P大線香花火X",,"大線香花火","A-gon",,"その他","0P0303","2023/5/22","0","0","1"
"9831","S","スロット ソードアート・オンライン","Lスロット ソードアート・オンラインB2",,"SAO","大都技研","6.5号機","AT","2S1694","2023/5/15","1","0","1"
"9830","P","P コードギアス 反逆のルルーシュ Rebellion to Re;surrection","Pコードギアス 反逆のルルーシュ3V",,"P コードギアス 反逆のルルーシュ Rebellion to Re;surrection","ビスティ",,"ミドル","2P1697","2023/5/8","0","0","1"
"9829","S","SLOTメイドインアビス","S/メイドインアビス/EN",,"メイドインアビス","ミズホ","6.5号機","AT","2S1511","2023/6/5","0","0","1"
"9828","P","Pyes!高須クリニック青天 はじまりは4500","Pyes!高須クリニック4500から青天VI",,"yes!高須クリニック4500","豊丸",,"その他","3P0013","2023/6/5","0","0","1"
"9827","P","Pわんニャンアドベンチャー","PわんニャンアドベンチャーHCB",,"わんニャンアドベンチャー","サンスリー",,"ライトミドル","2P0756","2023/6/5","0","0","1"
"9826","P","P銀河鉄道999 Next Journey 1/100ver.","P銀河鉄道999NJL0YU1Y",,"銀河鉄道999 Next Journey甘","アムテックス",,"甘デジ","2P1248","2023/6/19","0","1","1"
"9825","P","PFスプラッシュ×スプラッシュ","Pフィーバースプラッシュ×スプラッシュ",,"スプラッシュ×スプラッシュ","SANKYO",,"ライトミドル","2P1725","2023/6/5","0","0","1"
"9824","P","ぱちんこ 新・必殺仕置人S","eぱちんこ新必殺仕置人 激闘K6",,"新・必殺仕置人S","京楽",,"ミドル","3P0061","2023/4/24","1","0","1"
"9823","P","P哲也","P哲也4AM-JV",,"哲也","D-light",,"ライトミドル","2P1254","2023/5/8","0","0","1"
"9822","P","P甲鉄城のカバネリ～4,000連激ver.～","P甲鉄城のカバネリSFPA",,"カバネリ～4,000連激ver.～","サミー",,"ミドル","2P1308","2023/6/5","0","0","1"
"9821","P","Pジューシーハニーハーレム","PジューシーハニーハーレムMF",,"ジューシーハニーハーレム","サンセイR&D",,"ミドル","2P1319","2023/5/8","0","0","1"
"9820","S","ジャベリン","SジャベリンSA",,"ジャベリン","JPS","6.5号機","AT","230378","2023/5/22","0","0","1"
"9819","P","Pやじきた道中記","Pやじきた道中記MM",,"やじきた道中記","メーシー",,"ライトミドル","2P1622","2023/5/22","0","0","1"
"9818","S","ウルトラちゃぶ台返し","SチャブダイEB6",,"ウルトラちゃぶ台返し","ベルコ","6.5号機","AT","2S1767","2023/6/5","0","0","1"
"9817","P","P新・遠山の金さん 77Ver.","P新・遠山の金さん77Ver.JWZ",,"新・遠山の金さん 77Ver.","JFJ",,"甘デジ","210292","2023/5/8","0","1","1"
"9816","S","パチスロ コードギアス 反逆のルルーシュ3 C.C.&Kallen ver.","S コードギアス3C.C. FS",,"ギアス3 C.C.","サミー","6.5号機","AT","2S1060","2023/6/5","0","0","1"
"9815","P","PA真・怪獣王ゴジラ2 78Ver.","PA真・怪獣王ゴジラ2N2-K",,"真・怪獣王ゴジラ2 78Ver.","ニューギン",,"甘デジ","210349","2023/5/8","0","0","1"
"9814","P","P TENRYU 7","P天龍∞SEVEN R1",,"TENRYU 7","マルホン",,"その他","2P1422","2023/4/17","0","0","1"
"9813","P","PA元祖ギンギラパラダイス 強99ver.","PA元祖ギンギラパラダイスHBC",,"元祖ギンギラパラダイス 強99ver.","サンスリー",,"甘デジ","1P1530","2023/5/8","0","1","1"
"9812","S","Lゴブリンスレイヤー","LゴブリンスレイヤーRD",,"ゴブスレ","オレンジ","6.5号機","AT","2S1588","2023/4/17","1","0","1"
"9811","P","Pゴブリンスレイヤー","PゴブリンスレイヤーJGZ",,"Pゴブスレ","JFJ",,"ミドル","210358","2023/5/8","0","0","1"
"9810","P","PバイオハザードRE:2","PバイオハザードRE2H1YZ3",,"バイオハザードRE:2","アムテックス",,"ミドル","310014","2023/5/8","0","0","1"
"9809","S","L主役は銭形4","L主役は銭形4L1",,"主役は銭形4","オリンピア","6.5号機","AT","2S1590","2023/5/8","1","0","1"
"9808","P","P北斗の拳 暴凶星","P北斗の拳暴凶星SFPA",,"北斗の拳 暴凶星","サミー",,"ミドル","2P1336","2023/5/8","0","0","1"
"9807","P","PF蒼穹のファフナー3 EXODUS 織姫Light ver.","P蒼穹のファフナー 超蒼穹Y",,"ファフナー3 EXODUS 織姫Light ver.","SANKYO",,"その他","1P1325","2023/6/5","0","0","1"
"9806","P","PF機動戦士ガンダムユニコーン LIGHT ver.","PAフィーバー機動戦士ガンダムユニコーンbY",,"ユニコーン LIGHT ver.","SANKYO",,"甘デジ","1P0892","2023/5/22","0","1","1"
"9805","S","課長 熊田工作","S課長熊田工作GZA",,"課長 熊田工作","ネット","6.5号機","AT","230226","2023/5/22","0","0","1"
"9804","S","マイフラワー2-30","SマイフラワーII EE-30",,"マイフラワー2-30","北電子","6.5号機","AT","2S1504","2023/5/8","0","0","1"
"9803","S","真天下布武","S真天下布武DD",,"真天下布武","山佐","6.5号機","AT","230183","2023/6/5","0","0","1"
"9802","P","P GO!GO!郷 comeback stage","PGO!GO!郷M3-X",,"GO!GO!郷 comeback stage","ニューギン",,"ミドル","2P1499","2023/4/3","0","0","1"
"9801","P","ぱちんこ 乃木坂46 トレジャースペック","Pぱちんこ乃木坂46トレジャーver.KCJ2",,"乃木坂46 TS","京楽",,"ミドル","210302","2023/3/6","0","0","1"
"9800","S","アナザーゴッドハーデス-解き放たれし槍撃ver.-","S/アナザーゴッドハーデス/SL",,"ハーデス槍撃","ミズホ","6.5号機","AT","230344","2023/4/17","0","0","1"
"9799","S","パチスロ機動戦士ガンダムユニコーン","S機動戦士ガンダムユニコーンsF",,"ガンダムUC","ビスティ","6.5号機","AT","2S1613","2023/3/6","0","0","1"
"9798","S","パチスロ 炎炎ノ消防隊","S炎炎ノ消防隊jS",,"炎炎ノ消防隊","SANKYO","6.5号機","AT","2S1217","2023/5/8","0","0","1"
"9797","P","e聖闘士星矢 超流星CliMAX349","e聖闘士星矢超流星EHTA",,"聖闘士星矢 超流星CliMAX349","三洋物産",,"ミドル","2P1617","2023/4/3","1","0","1"
"9796","P","eルパン三世 THE FIRST「スマパチ」","eルパン三世ザファーストH4YZ3",,"eルパン三世 THE FIRST","平和",,"ミドル","2P1646","2023/4/17","1","0","1"
"9795","P","PF炎炎ノ消防隊","Pフィーバー炎炎ノ消防隊G",,"炎炎ノ消防隊","SANKYO",,"ミドル","2P0685","2023/4/17","0","0","1"
"9794","P","Pとある科学の超電磁砲 最強御坂ver.","Pとある科学の超電磁砲 最強御坂VerRVZ",,"レールガン最強御坂ver.","オレンジ",,"甘デジ","210239","2023/3/20","0","1","1"
"9793","P","Pバベル5000","PバベルMN",,"バベル5000","ミズホ",,"その他","2P1445","2023/3/20","0","0","1"
"9792","S","パチスロOVERLORD絶対支配者光臨II","S/OVERLORD絶対支配者光臨II/SX","オーバーロード絶対支配者光臨II","オバロII","オーイズミ","6.5号機","AT","2S1507","2023/3/20","0","0","1"
"9791","P","P宇宙戦艦ヤマト2202 -ONLY ONE- LIGHT Ver.","P宇宙戦艦ヤマト2202 ONLY ONE YR",,"宇宙戦艦ヤマト2202甘","ビスティ",,"甘デジ","2P0416","2023/2/6","0","0","1"
"9790","P","P銭形平次3 お静99","P銭形平次3V2A",,"銭形平次3甘","高尾",,"甘デジ","2P1404","2023/4/3","0","0","1"
"9789","P","PA戦国乙女レジェンドバトル ときめき89バージョン「PB機」","PA戦国乙女レジェンドバトル89GO2",,"戦国乙女レジェンドバトル甘 ","アムテックス",,"甘デジ","210140","2023/2/6","0","1","1"
"9788","P","P聖戦士ダンバイン2 -ZEROLIMIT HYPER-","P聖戦士ダンバイン2ZEROLIMITHSFJA",,"聖戦士ダンバイン2","サミー",,"ミドル","210323","2023/4/3","0","0","1"
"9787","P","Pプロゴルファー猿 EMPEROR MODEL","Pプロゴルファー猿M4",,"プロゴルファー猿4","豊丸",,"ミドル","2P1340","2023/4/3","0","0","1"
"9786","S","スマスロ北斗の拳","L パチスロ北斗の拳AD XR",,"スマスロ北斗","サミー","6.5号機","AT","2S1502","2023/4/3","1","0","1"
"9785","S","スロドル","SスロドルPK",,"スロドル","コナミアミューズメント","6.5号機","AT","230336","2023/3/20","0","0","1"
"9784","P","P真速のガッチャマン","P真速のガッチャマンXINN",,"真速のガッチャマン","七匠",,"ミドル","2P0224","2023/2/6","0","0","1"
"9783","S","キングハナハナ-30","SキングハナハナSP-30",,"キングハナハナ-30","パイオニア","6号機","A","2S1569","2023/3/20","0","0","1"
"9782","P","P神・天才バカボン~甘神SPEC~","P天才バカボン6FD-RS",,"神・天才バカボン~甘神SPEC~","Daiichi",,"ライトミドル","1P1094","2023/2/6","0","0","1"
"9781","P","P009 RE:CYBORG ACCELERATOR EDITION 99ver.","P009 RE:CYBORG N3-K",,"P009 RE:CYBORG AE 99ver.","ニューギン",,"甘デジ","1P0971","2023/3/6","0","0","1"
"9780","P","P真・北斗無双 第3章 覚醒闘舞","P真北斗無双3覚醒闘舞GCD",,"真・北斗無双 第3章 覚醒闘舞","サミー",,"ライトミドル","210115","2023/3/6","0","0","1"
"9779","P","PFアクエリオン極合体","Pフィーバーアクエリオン7F",,"アクエリオン極合体","SANKYO",,"ミドル","210303","2023/3/6","0","0","1"
"9778","S","パチスロ 探偵オペラ ミルキィホームズR 大収穫祭!!!!","SパチスロミルキィホームズGNB",,"ミルキィ大収穫祭","カルミナ","6.5号機","AT","230198","2023/2/20","0","0","1"
"9777","S","大花満","S大花満SB",,"大花満","JPS","6.5号機","AT","2S1390","2023/1/30","0","0","1"
"9776","P","P地獄少女覚醒3000Ver.","P地獄少女覚醒3000Ver.FHZ",,"地獄少女覚醒3000Ver.","藤商事",,"ミドル","210181","2023/2/20","0","0","1"
"9775","S","パチスロ 緋弾のアリアII","S緋弾のアリアII JZ",,"緋弾のアリアII","JFJ","6.5号機","AT","230177","2023/2/6","0","0","1"
"9774","P","PA SUPER電役ナナシーSPECIAL66 Ver2.0","PAナナシーSPECIAL1VV",,"SUPER電役ナナシーSP66 Ver2.0","豊丸",,"その他","2P0174","2023/1/10","0","0","1"
"9773","P","Pだるまっしゅ2 119ver.","Pだるまっしゅ2 N-KC",,"だるまっしゅ2 119ver.","ニューギン",,"甘デジ","210071","2023/2/6","0","0","1"
"9772","P","PA緋弾のアリア ~緋弾覚醒編~","PA緋弾のアリア ~緋弾覚醒編~FRA",,"緋弾のアリア ~緋弾覚醒編~","藤商事",,"甘デジ","1P1761","2023/1/10","0","1","1"
"9771","S","パチスロ盾の勇者の成り上がり","S パチスロ盾の勇者の成り上がり KS",,"盾の勇者","サミー","6.5号機","AT","2S0711","2023/2/20","0","0","1"
"9770","P","P牙狼GOLD IMPACT","P牙狼ゴールドインパクトXX-MZ",,"牙狼GOLD IMPACT","サンセイR&D",,"ミドル","2P0984","2023/1/23","0","0","1"
"9769","S","戦国コレクション5","S戦国コレクション5PS",,"戦コレ5","コナミアミューズメント","6.5号機","AT","2S1018","2023/3/6","0","0","1"
"9768","P","P大海物語5","P大海物語5MTE2",,"大海物語5","三洋物産",,"ミドル","210280","2023/2/6","0","0","1"
"9767","P","P真バジリスク~甲賀忍法帖~豪塊W319ver.","P真バジリスクLF",,"真バジリスク~甲賀忍法帖~ 319ver.","メーシー",,"ミドル","2P1130","2023/2/6","0","0","1"
"9766","P","P真・北斗無双 第4章","P真北斗無双4GFPH",,"真・北斗無双 第4章","サミー",,"ミドル","210262","2023/2/6","0","0","1"
"9765","P","Psin 七つの大罪 X-TREME","Psin七つの大罪V1K",,"七つの大罪 X-TREME","高尾",,"ミドル","210159","2023/3/6","0","0","1"
"9764","P","PAコマコマ倶楽部with坂本冬美 ごらくバージョン「PB機」","PAコマコマ倶楽部with坂本冬美VV1",,"コマコマ倶楽部with坂本冬美","豊丸",,"甘デジ","2P0549","2022/12/5","0","1","1"
"9763","P","Pルパン三世 2000カラットの涙 129ver.","Pルパン三世2000カラットの涙L2AZ1",,"ルパン三世 2000カラットの涙 129ver.","平和",,"ライトミドル","1P1481","2023/3/6","0","0","1"
"9762","P","P麻雀物語4 77ver.","P麻雀物語47AR1Y",,"麻雀物語4 77ver.","平和",,"甘デジ","2P0251","2023/3/6","0","1","1"
"9761","P","Pルパン三世 THE FIRST","Pルパン三世真速H1YZ1",,"ルパン三世 THE FIRST","平和",,"ミドル","2P0960","2023/3/6","0","0","1"
"9760","P","PFダンベル何キロ持てる?","Pフィーバーダンベル何キロ持てる?V",,"ダンベル何キロ持てる?","SANKYO",,"ミドル","2P1346","2023/2/6","0","0","1"
"9759","S","もっと!チバリヨ-25","SもっとチバリヨGZA",,"もっとチバリヨ-25","ネット","6号機","AT","230114","2023/1/10","0","0","1"
"9758","P","PハイスクールD×D真紅GCA","PハイスクールD×D真紅GCA",,"ハイスクールD×D真紅GCA","西陣",,"甘デジ","2P0358","2023/1/10","0","0","1"
"9757","P","P桃剣閃撃 極","Pモモキュンソード閃撃~極~ZH",,"桃剣閃撃 極","西陣",,"ミドル","2P0792","2023/1/23","0","0","1"
"9756","S","トリプルクラウンビンテージ","SトリプルクラウンVK-30",,"トリクラビンテージ","清龍ゲームジャパン","6号機","A","2S0774","2022/11/21","0","0","1"
"9755","S","SモモキュンソードDX","SモモキュンソードDX",,"モモキュンソードDX","西陣","6.5号機","AT","230223","2023/1/10","0","0","1"
"9754","P","Pビッグドリーム3","PビッグドリームSFJJ",,"ビッグドリーム3","サミー",,"ミドル","2P0783","2023/1/10","0","0","1"
"9753","S","パチスロ戦国無双3","Sパチスロ戦国無双3ZYTCD",,"戦国無双3","山佐ネクスト","6.5号機","AT","2S0591","2023/2/6","0","0","1"
"9752","P","ぱちんこ アズールレーン THE ANIMATION","PぱちんこアズールレーンTHE ANIMATION MC2",,"ぱちんこ アズールレーン","京楽",,"その他","2P0629","2022/12/5","0","1","1"
"9751","P","P真・花の慶次3 -黄金一閃-","P真・花の慶次3TL5-MX",,"真・花の慶次3 -黄金一閃-","ニューギン",,"ミドル","2P0966","2023/1/23","0","0","1"
"9750","S","沖ドキ!GOLD-30","S/沖ドキ!GOLD/LS",,"沖ドキGOLD-30","ミズホ","6.5号機","AT","2S1205","2022/12/19","0","0","1"
"9749","S","パチスロ 真俺の空","S真俺の空ST",,"真俺の空","スパイキー","6.5号機","AT","2S1075","2022/12/19","0","0","1"
"9748","P","PAスーパー海物語 IN 沖縄5 夜桜超旋風 99ver.","PAスーパー海物語IN沖縄5YBA",,"沖海5 夜桜超旋風 99ver.","三洋物産",,"甘デジ","2P0057","2023/1/10","0","0","1"
"9747","P","P戦国乙女 LEGEND BATTLE 99ver.","P戦国乙女レジェンドバトル9YU1Y",,"戦国乙女 LEGEND BATTLE 99ver.","アムテックス",,"甘デジ","2P0679","2023/2/6","0","1","1"
"9746","P","Pシティーハンター 俺の心を震わせた日","Pシティーハンター4H1YZ7",,"シティーハンター 俺の心を震わせた日","アムテックス",,"ミドル","210236","2023/1/10","0","0","1"
"9745","P","P TIGER & BUNNY ~完全無欠WILDスペック~","Pタイガー&バニーSFQA",,"タイバニ ~完全無欠WILDスペック~","サミー",,"ミドル","2P0576","2022/12/19","0","0","1"
"9744","P","PAゴールデン鳳凰∞Jr.99","PAゴールデン鳳凰∞",,"ゴールデン鳳凰∞Jr.99","マルホン",,"甘デジ","2P0099","2022/11/7","0","0","1"
"9743","P","PA獅子王Jr.99","PA獅子王",,"獅子王Jr.99","マルホン",,"甘デジ","1P1944","2022/11/7","0","0","1"
"9742","P","Pゴッドイーター神がかりVer.","Pゴッドイーター荒神VerRAY3",,"ゴッドイーター神がかりVer.","サンセイR&D",,"ミドル","2P0769","2022/12/19","0","0","1"
"9741","P","P華牌RRwith清水あいり ごらくバージョン「PB機」","P華牌RRwith清水あいりV3",,"華牌RRwith清水あいり 「PB機」","豊丸",,"甘デジ","2P0892","2022/11/7","0","1","1"
"9740","P","P大開王","P大開王X",,"大開王","ジェイビー",,"ミドル","2P1196","2023/1/10","0","0","1"
"9739","P","PネオモンスターハウスMXL","PネオモンスターハウスMXL",,"ネオモンスターハウスMXL","竹屋",,"ミドル","2P0835","2022/12/5","0","0","1"
"9738","S","沖ドキ!GOLD","S/沖ドキ!GOLD/GS",,"沖ドキGOLD","ユニバーサルブロス","6.5号機","AT","2S0961","2022/12/19","0","0","1"
"9737","P","Pもっとあぶない刑事","Pもっとあぶない刑事L3-MX",,"もっとあぶない刑事","ニューギン",,"ミドル","2P0863","2022/12/5","0","0","1"
"9736","S","パチスロ 這いよれ!ニャル子さん","Sハイヨレ!ニャルコサンY",,"ニャル子さん","エキサイト","6.5号機","AT","2S0811","2022/12/5","0","0","1"
"9735","P","Pゴジラ対エヴァンゲリオン ~G細胞覚醒~","Pゴジラ対エヴァンゲリオン G細胞覚醒L",,"ゴジラ対エヴァ ~G細胞覚醒~","ビスティ",,"ミドル","210166","2022/12/19","0","0","1"
"9734","P","Pダイナマイトキング~無敵SPEC~","PダイナマイトキングEXFN-T",,"ダイナマイトキング~無敵SPEC~","Daiichi",,"その他","210184","2022/12/5","0","0","1"
"9733","S","HEY!エリートサラリーマン鏡","L HEY!エリートサラリーマン鏡PA4",,"L鏡","パオン・ディーピー","6.5号機","AT","2S0855","2022/12/5","1","0","1"
"9732","S","パチスロ モンスターハンターワールド:アイスボーンTM","S MHWアイスボーンZF",,"モンハンIB","エンターライズ","6.5号機","AT","2S1204","2023/1/30","0","0","1"
"9731","P","PバーストエンジェルEX 99Ver.","PバーストエンジェルEX2V",,"バーストエンジェルEX 99Ver.","豊丸",,"甘デジ","210052","2022/11/7","0","0","1"
"9730","P","P聖闘士星矢 超流星 女神ゴールドver.1500","P聖闘士星矢超流星HTC15",,"聖闘士星矢 超流星 女神Gver.1500","三洋物産",,"ミドル","1P1893","2022/12/5","0","0","1"
"9729","P","P聖闘士星矢 超流星 星矢ゴールドver.92%","P聖闘士星矢超流星HTB",,"聖闘士星矢 超流星 星矢Gver.92%","三洋物産",,"ミドル","1P1513","2022/12/5","0","0","1"
"9728","S","もっと!チバリヨ-30","SもっとチバリヨNB-30",,"もっとチバリヨ-30","ネット","6号機","AT","1S1924","2022/12/19","0","0","1"
"9727","P","P銀河鉄道999 Next Journey","P銀河鉄道999NJH1AZ3",,"銀河鉄道999 Next Journey","アムテックス",,"ミドル","210120","2022/12/5","0","0","1"
"9726","P","P10カウントチャージ絶狼 神撃135Ver.","P10カウントチャージ絶狼135-RH",,"10カウントチャージ絶狼 神撃135Ver.","サンセイR&D",,"ライトミドル","2P0359","2022/11/7","0","1","1"
"9725","S","パチスロ 革命機ヴァルヴレイヴ","L革命機ヴァルヴレイヴD",,"ヴァルヴレイヴ","SANKYO","6.5号機","AT","2S0869","2022/11/21","1","0","1"
"9724","S","パチスロ鉄拳4アルティメットデビルVer.","Sパチスロ鉄拳4デビルバージョンTCD",,"鉄拳4デビルVer.","山佐","6.5号機","AT","2S0327","2022/11/7","0","0","1"
"9723","P","P新・遠山の金さん","P新・遠山の金さんJQC",,"新・遠山の金さん","JFJ",,"ライトミドル","2P0580","2022/11/7","0","1","1"
"9722","S","SLOT とある科学の超電磁砲","Sとある科学の超電磁砲FB",,"レールガン","藤商事","6.5号機","AT","2S0622","2022/11/7","0","0","1"
"9721","S","スマスロリノヘブン","LアナザーリノヘブンCC",,"リノヘブン","山佐","6.5号機","AT","2S0866","2022/11/21","1","0","1"
"9720","S","Lバキ 強くなりたくば喰らえ!!!","LバキL3",,"バキ","オリンピア","6.5号機","AT","2S0749","2022/11/21","1","0","1"
"9719","S","パチスロ幼女戦記","S パチスロ幼女戦記 ZR",,"幼女戦記","サミー","6.5号機","AT","2S0766","2022/12/5","0","0","1"
"9718","P","Pワンパンマン","PワンパンマンL3-MX",,"ワンパンマン","ニューギン",,"ミドル","2P0435","2022/11/7","0","0","1"
"9717","P","P七つの大罪2","P七つの大罪2GFPA",,"七つの大罪2","サミー",,"ミドル","210158","2022/11/7","0","0","1"
"9716","P","ぱちんこ ウルトラマンティガ 1500×84","PぱちんこウルトラマンティガK17",,"ウルトラマンティガ 1500×84","オッケー.",,"ミドル","2P0708","2022/10/3","0","0","1"
"9715","P","P弾球黙示録カイジ5 ざわっ...Ver.","P弾球黙示録カイジ5N3A",,"弾球黙示録カイジ5 ざわっ...Ver.","高尾",,"甘デジ","1P1876","2022/11/7","0","0","1"
"9714","P","P GO!GO!マリン 超連撃BATTLE","PGO!GO!マリン3JTD",,"GO!GO!マリン 超連撃BATTLE","サンスリー",,"ミドル","2P0381","2022/11/7","0","0","1"
"9713","P","Pターミネーター2 TYPE7500","Pターミネーター2V2H1AZ5",,"ターミネーター2 TYPE7500","アムテックス",,"ミドル","2P0259","2022/11/7","0","0","1"
"9712","S","ラストユートピア","SラストユートピアMY",,"ラストユートピア","パイオニア","6号機","A","1S1578","2022/11/7","0","0","1"
"9711","P","ぱちんこGI優駿倶楽部2 超限界突破","PGI優駿倶楽部2MR",,"GI優駿倶楽部2 超限界突破","コナミアミューズメント",,"ライトミドル","2P0645","2022/11/7","0","0","1"
"9710","S","花火絶景","S/ハナビゼッケイ/BH",,"花火絶景","ミズホ","6号機","AT","230127","2022/11/7","0","0","1"
"9709","P","P緋弾のアリア~緋弾覚醒編~319Ver.","P緋弾のアリア~緋弾覚醒編~319Ver.JMZ",,"緋弾のアリア~緋弾覚醒編~319Ver.","JFJ",,"ミドル","210118","2022/10/17","0","0","1"
"9708","P","PFクィーンRUSH","PフィーバークィーンRUSH-Y",,"PFクィーンRUSH","ジェイビー",,"ライトミドル","1P1857","2022/11/7","0","1","1"
"9707","S","パチスロ 魔法少女育成計画","SまほいくNB","まほいく","魔法少女育成計画","カルミナ","6.5号機","ART","2S0772","2022/10/17","0","0","1"
"9706","P","P宇宙戦艦ヤマト2202 愛の戦士たち Light ver.","P宇宙戦艦ヤマト2202bH",,"宇宙戦艦ヤマト2202 愛の戦士たち甘","ビスティ",,"甘デジ","1P0316","2022/9/5","0","0","1"
"9705","S","ハッピージャグラーV III","SハッピージャグラーVIIIEA",,"ハッピーV III","北電子","6号機","A","2S0196","2022/10/24","0","0","1"
"9704","S","パチスロ ダンまち外伝 ソード・オラトリア","Sダンまち外伝XR",,"ダンまち外伝","北電子","6号機","AT","2S0791","2022/10/17","0","0","1"
"9703","P","Pモンキーターン超抜ZDa","Pモンキーターン超抜ZDa",,"モンキーターン超抜ZDa","西陣",,"ミドル","210176","2022/11/7","0","0","1"
"9702","P","P真・牙狼2","P真・牙狼2-RP",,"真・牙狼2","サンセイR&D",,"ミドル","210103","2022/10/3","0","0","1"
"9701","P","ぱちんこ キン肉マン3 キン肉星王位争奪編 特盛ミートくんver.","PAぱちんこキン肉マン3特盛ミートバージョンMJ1",,"キン肉マン3 特盛ミートくんver.","京楽",,"甘デジ","110107","2022/9/5","0","1","1"
"9700","P","Pうしおととら~超獣SPEC~","Pうしおととら2FM-JH",,"うしおととら~超獣SPEC~","D-light",,"ミドル","210075","2022/10/3","0","0","1"
"9699","P","Pデビルマン~疾風迅雷~ 129ver.","Pデビルマン疾風迅雷N2-X1 YT389",,"デビルマン~疾風迅雷~ 129ver.","ニューギン",,"ライトミドル","1P1912","2022/10/3","0","1","1"
"9698","P","P野生の王国GO 199ver.","P野生の王国5 M2-K YT596C",,"野生の王国GO 199ver.","ニューギン",,"ライトミドル","1P1345","2022/9/5","0","1","1"
"9697","S","S笑ゥせぇるすまん4","S笑ゥせぇるすまん4KH",,"笑ゥ4","三洋物産","6.5号機","AT","2S0476","2022/10/3","0","0","1"
"9696","P","Pストライクウィッチーズ2 129ver.","Pストライクウィッチーズ2HBC",,"ストライクウィッチーズ2 129ver.","三洋物産",,"ライトミドル","1P1787","2022/10/3","0","1","1"
"9695","P","P犬夜叉2","P犬夜叉2FM-N",,"犬夜叉2","D-light",,"その他","1P0003","2022/9/5","0","0","1"
"9694","P","Pルパン三世 消されたルパン2022","P消されたルパンH1AZ1",,"ルパン三世 消されたルパン2022","平和",,"ミドル","210007","2022/10/3","0","0","1"
"9693","S","パチスロハードボイルド","S ハードボイルド XX",,"ハードボイルド","サミー","6.5号機","AT","2S0375","2022/10/3","0","0","1"
"9692","P","Pひぐらしのなく頃に~蕾~","Pひぐらしのなく頃に~蕾~FH-T",,"ひぐらしのなく頃に~蕾~","Daiichi",,"ライトミドル","2P0280","2022/8/22","0","0","1"
"9691","S","パチスロ バイオハザード RE:2","SバイオハザードRE:2 XB",,"バイオRE:2","アデリオン","6.5号機","AT","2S0613","2022/10/3","0","0","1"
"9690","S","CREA Newクレアの秘宝伝","S CREA~Newクレアの秘宝伝~A2",,"Newクレア","大都技研","6号機","A","1S1758","2022/9/5","0","0","1"
"9689","P","Pシンデレラブレイド","Pシンデレラブレイド JQX",,"シンデレラブレイド","JFJ",,"ライトミドル","210104","2022/9/5","0","1","1"
"9688","P","P銭形平次3 DENKOUSEKKA 平次Ver.","P銭形平次3V1K",,"銭形平次3 DENKOUSEKKA 平次Ver.","高尾",,"ミドル","2P0191","2022/9/5","0","0","1"
"9687","S","S BIG島唄30","SBIG島唄E2-30",,"BIG島唄30","オリンピアエステート","6.5号機","AT","2S0592","2022/9/20","0","0","1"
"9686","P","P真・怪獣王ゴジラ2","P真・怪獣王ゴジラ2L2-K",,"真・怪獣王ゴジラ2","ニューギン",,"ミドル","2P0106","2022/8/1","0","0","1"
"9685","P","P華牌RRwith清水あいり 150de遊タイム","PA華牌RRwith清水あいりV2",,"華牌RRwith清水あいり 150de遊タイム","豊丸",,"甘デジ","210109","2022/9/20","0","1","1"
"9684","P","P牙狼MUSEUM","P牙狼MUSEUM-MA",,"牙狼MUSEUM","サンセイR&D",,"ミドル","1P1581","2022/9/5","0","0","1"
"9683","S","Sアバサー30","SアバサーA1-30",,"アバサー30","アムテックス","6号機","A","1S1953","2022/9/5","0","0","1"
"9682","S","Sアバサー","SアバサーM1",,"アバサー","アムテックス","6号機","A","2S0215","2022/9/5","0","0","1"
"9681","S","パチスロ閃乱カグラ BURST UP","S閃乱カグラBURSTUP/L4",,"閃乱カグラBU","オーイズミ","6.5号機","AT","2S0491","2022/8/22","0","0","1"
"9680","S","スーパーリオエース","SパチスロスーパーリオエースCC",,"スーパーリオエース","山佐","6.5号機","AT","2S0382","2022/9/5","0","0","1"
"9679","P","ぱちんこ GANTZ:3 LAST BATTLE","PぱちんこGANTZ3M3",,"GANTZ:3 LAST BATTLE","オッケー.",,"ミドル","2P0107","2022/8/1","0","0","1"
"9678","P","Pバジリスク ~桜花忍法帖~早咲き桜99ver.","P桜花忍法帖SA",,"バジリスク ~桜花忍法帖~早咲き桜99ver.","メーシー",,"甘デジ","1P1255","2022/9/5","0","0","1"
"9677","S","チバリヨ-25","SチバリヨNC",,"チバリヨ-25","ネット","6号機","AT","1S0371","2022/8/8","0","0","1"
"9676","S","ヴィーナスゾーン","SヴィーナスゾーンV2",,"ヴィーナスゾーン","パイオニア","6号機","A","1S1922","2022/9/5","0","0","1"
"9675","S","パチスロBOOWY","SパチスロBOOWY SV",,"BOOWY","D-light","6.5号機","AT","2S0625","2022/9/20","0","0","1"
"9674","P","PA元祖大工の源さん2","PA元祖大工の源さん2JBB",,"元祖大工の源さん2","三洋物産",,"甘デジ","210056","2022/9/5","0","0","1"
"9673","P","PF戦姫絶唱シンフォギア3黄金絶唱","Pフィーバー戦姫絶唱シンフォギア 黄金絶唱N",,"戦姫絶唱シンフォギア3黄金絶唱","SANKYO",,"ライトミドル","210099","2022/9/5","0","0","1"
"9672","P","PAFマクロスフロンティア4 88ver.","PAフィーバーマクロスフロンティア4Y",,"マクロスフロンティア4 88ver.","SANKYO",,"甘デジ","1P0633","2022/10/3","0","1","1"
"9671","S","政宗 戦極","S政宗 戦極A5",,"政宗 戦極","大都技研","6.5号機","AT","2S0357","2022/8/8","0","0","1"
"9670","S","パチスロペルソナ5","S パチスロペルソナ5 FR",,"ペルソナ5","サミー","6.5号機","AT","2S0330","2022/9/5","0","0","1"
"9669","S","ボンバーガール","SボンバーガールPM",,"ボンバーガール","コナミアミューズメント","6.5号機","AT","2S0154","2022/9/5","0","0","1"
"9668","S","パチスロ FAIRY TAIL2","S FAIRY TAILXX FA",,"FAIRY TAIL2","藤商事","6.5号機","AT","2S0350","2022/8/1","0","0","1"
"9667","P","Pサラリーマン金太郎","Pサラリーマン金太郎 FMY",,"サラリーマン金太郎","藤商事",,"ミドル","210040","2022/8/1","0","0","1"
"9666","P","P激デジ 真・牙狼","P激デジ真・牙狼RBY4",,"激デジ 真・牙狼","サンセイR&D",,"甘デジ","1P1026","2022/8/1","0","1","1"
"9665","P","Pモモキュンソード閃撃GCA","Pモモキュンソード閃撃GCA",,"モモキュンソード閃撃GCA","西陣",,"甘デジ","1P0898","2022/9/5","0","1","1"
"9664","P","P刀使ノ巫女 甘デジver.","P刀使ノ巫女GCAa",,"刀使ノ巫女 甘デジver.","西陣",,"甘デジ","2P0023","2022/8/22","0","1","1"
"9663","P","P刀使ノ巫女 319ver.","P刀使ノ巫女ZCa",,"刀使ノ巫女 319ver.","西陣",,"ミドル","2P0117","2022/8/22","0","1","1"
"9662","P","P真シャカRUSH Jr. 117 A2","P真シャカRUSH A2",,"真シャカRUSH Jr. 117 A2","マルホン",,"甘デジ","2P0009","2022/6/20","0","0","1"
"9661","P","P宇宙戦艦ヤマト2202 -ONLY ONE-","P宇宙戦艦ヤマト2202 ONLY ONE R",,"宇宙戦艦ヤマト2202 -ONLY ONE-","ビスティ",,"ライトミドル","1P1927","2022/7/19","0","0","1"
"9660","S","S黄門ちゃま喝2","S黄門ちゃま喝2L1",,"黄門ちゃま喝2","オリンピア","6.5号機","AT","2S0287","2022/8/1","0","0","1"
"9659","P","P黄門ちゃま 神盛2","P黄門ちゃま8L9AZ1",,"黄門ちゃま 神盛2","アムテックス",,"ライトミドル","1P1747","2022/8/1","0","0","1"
"9658","S","パチスロ 新鬼武者2","S新鬼武者2ZC",,"新鬼武者2","エンターライズ","6.5号機","AT","2S0228","2022/8/8","0","0","1"
"9657","P","P ANOTHER WILD RODEO~スギちゃんっス~","PワイルドロデオST2",,"ANOTHER WR~スギちゃんっス~","豊丸",,"その他","1P1907","2022/8/1","0","0","1"
"9656","P","Pゴールデン鳳凰∞","Pゴールデン鳳凰∞~全突アクセルスペック~",,"ゴールデン鳳凰∞","マルホン",,"ミドル","1P1800","2022/7/19","0","0","1"
"9655","P","P真シャカRUSH Jr. 117","P真シャカRUSH A",,"真シャカRUSH Jr. 117","マルホン",,"甘デジ","1P1699","2022/6/20","0","1","1"
"9654","S","パチスロ犬夜叉","S犬夜叉CAN","犬夜叉2022年","犬夜叉","クロスアルファ","6.5号機","AT","2S0110","2022/7/4","0","0","1"
"9653","P","P結城友奈は勇者であるALLRUSH GCAa","P結城友奈は勇者であるALLRUSH GCAa",,"ゆゆゆALLRUSH GCAa","西陣",,"甘デジ","1P1930","2022/7/19","0","0","1"
"9652","P","PA新海物語","PA新海物語ARBB",,"新海物語","三洋物産",,"甘デジ","210053","2022/8/22","0","1","1"
"9651","P","Pモンスターハンターダブルクロス 連続狩猟ver.","PモンスターハンターXX連続狩猟GEA",,"モンハンXX 連続狩猟ver.","サミー",,"ライトミドル","1P1939","2022/8/1","0","1","1"
"9650","P","PAアニマルマンションGO「PB機」","PAアニマルマンションGO",,"アニマルマンションGO「PB機」","豊丸",,"甘デジ","1P1737","2022/8/1","0","1","1"
"9649","P","PFからくりサーカス","PフィーバーからくりサーカスV",,"からくりサーカス","SANKYO",,"ミドル","210057","2022/8/8","0","0","1"
"9648","P","Pだるまっしゅ2","Pだるまっしゅ2 M7-KC",,"だるまっしゅ2","ニューギン",,"ライトミドル","110126","2022/7/4","0","0","1"
"9647","P","PAビビッドレッド・オペレーション Sweetもも99ver.","PAビビッドレッド・オペレーションN2-K",,"ビビオペ Sweetもも99ver.","ニューギン",,"甘デジ","1P1929","2022/7/4","0","0","1"
"9646","P","P世界でいちばん強くなりたい!W悶STARver","P世界でいちばん強くなりたいRHY",,"せかつよ W悶STARver","サンセイR&D",,"甘デジ","1P1060","2022/7/4","0","1","1"
"9645","S","パチスロRYUKYU BEAT-30","S RYUKYU Beat-30 FR",,"RYUKYU BEAT-30","サミー","6号機","AT","1S1418","2022/10/3","0","0","1"
"9644","P","Pあっぱれ!夏物語 ドカン!!と一発7000Ver.","Pあっぱれ!夏物語V1E",,"あっぱれ!夏物語 7000Ver.","高尾",,"その他","1P1283","2022/7/25","0","0","1"
"9643","S","パチスロ アクエリオン ALL STARS","SアクエリオンD R",,"アクエリオンAS","SANKYO","6.5号機","AT","2S0131","2022/7/4","0","0","1"
"9642","P","P真・一騎当千","P真・一騎当千FM-V",,"真・一騎当千","Daiichi",,"ミドル","210005","2022/7/4","0","0","1"
"9641","S","パチスロ鉄拳5","Sパチスロ鉄拳5DC",,"鉄拳5","山佐","6.5号機","AT","2S0091","2022/7/19","0","0","1"
"9640","S","パチスロ甲鉄城のカバネリ","S パチスロ甲鉄城のカバネリ ZR",,"甲鉄城のカバネリ","サミー","6.5号機","AT","2S0243","2022/7/4","0","0","1"
"9639","P","Pリアル鬼ごっこ2 全力疾走チャージ王様Ver.","Pリアル鬼ごっこ2V3A",,"リアル鬼ごっこ2 全力疾走Ver.","高尾",,"甘デジ","1P0967","2022/6/6","0","1","1"
"9638","P","P戦国乙女 LEGEND BATTLE","P戦国乙女レジェンドバトルM2AZ1Y",,"戦国乙女 LEGEND BATTLE","アムテックス",,"ライトミドル","110128","2022/7/4","0","1","1"
"9637","P","Pルパン三世~復活のマモー~甘デジ","Pルパン三世119AU1Y",,"ルパン三世~復活のマモー~甘","平和",,"甘デジ","110040","2022/7/19","0","1","1"
"9636","S","ニューゲッターマウス","S/ニューゲッターマウス/CG",,"ニューゲッターマウス","エレコ","6号機","A","1S1664","2022/7/4","0","0","1"
"9635","P","Pジューシーハニー3てんこ盛り連写RUSH","Pジューシーハニー3RCY3",,"ジューシーハニー3","サンセイR&D",,"その他","1P1407","2022/6/6","0","0","1"
"9634","P","PストリートファイターV","PストリートファイターV FRY",,"ストリートファイターV","藤商事",,"ミドル","110149","2022/6/6","0","0","1"
"9633","P","Pあぶない刑事 129ver.","Pあぶない刑事N-Z YT350",,"あぶない刑事 Lミドル","ニューギン",,"ライトミドル","1P0717","2022/6/6","0","1","1"
"9632","S","パチスロ ピンクパンサーSP","SピンクパンサーSPXX",,"ピンクパンサーSP","山佐","6号機","RT","1S1880","2022/6/6","0","0","1"
"9631","P","デジハネPA火曜サスペンス劇場 最後の推理","PAデジハネ火曜サスペンス劇場3GSA",,"火曜サスペンス劇場 最後の推理","サミー",,"甘デジ","1P1459","2022/6/6","0","0","1"
"9630","S","シリウス","SシリウスSY1",,"シリウス","ヤーマ","6.5号機","AT","2S0129","2022/6/6","0","0","1"
"9629","P","P真バジリスク~甲賀忍法帖~","P真バジリスクMQ",,"真バジリスク~甲賀忍法帖~","メーシー",,"ライトミドル","1P1940","2022/6/6","0","1","1"
"9628","S","Sキャッツ・アイ","SキャッツアイH6",,"キャッツ・アイ","平和","6.5号機","AT","2S0146","2022/6/6","0","0","1"
"9627","P","P麻雀物語4","P麻雀物語4M1AU1Y",,"麻雀物語4","平和",,"ライトミドル","1P1449","2022/6/6","0","1","1"
"9626","P","Pめぞん一刻~Wedding Story~ 甘デジ","Pめぞん一刻5H1YX6",,"めぞん一刻~Wedding Story~ 甘","アムテックス",,"甘デジ","1P0383","2022/6/20","0","0","1"
"9625","P","Pスーパー海物語 IN 沖縄5 夜桜超旋風","Pスーパー海物語IN沖縄5YTC",,"沖海5 夜桜超旋風","三洋物産",,"ミドル","1P1703","2022/7/19","0","0","1"
"9624","P","PAコマコマ倶楽部with坂本冬美 99ver.","PAコマコマ倶楽部with坂本冬美V1",,"コマコマ倶楽部with坂本冬美99","豊丸",,"甘デジ","110094","2022/6/6","0","1","1"
"9623","P","Pコマコマ倶楽部with坂本冬美 199ver.","Pコマコマ倶楽部with坂本冬美L3",,"コマコマ倶楽部with坂本冬美199","豊丸",,"ライトミドル","1P0992","2022/6/6","0","1","1"
"9622","P","Pらんま1/2 熱血格闘遊戯 99Ver.","Pらんま1/2V3A",,"らんま1/2 熱血格闘遊戯 99Ver.","高尾",,"甘デジ","1P1432","2022/5/9","0","0","1"
"9621","S","S2027DB","S2027DB",,"2027DB","JPS","6号機","A","1S1836","2022/4/18","0","0","1"
"9620","P","PF蒼穹のファフナー3 EXODUS 超蒼穹3800ver.","P蒼穹のファフナー 超蒼穹3800A",,"ファフナー3 超蒼穹3800ver.","SANKYO",,"その他","1P1006","2022/6/6","0","0","1"
"9619","P","P中森明菜・歌姫伝説~THE BEST LEGEND~199ver","P中森明菜・歌姫伝説4KH-JF",,"中森明菜・歌姫伝説199ver","D-light",,"ライトミドル","0P1716","2022/6/6","0","0","1"
"9618","P","Pキャプテン翼 若林甘えんなよ! Ver.","Pキャプテン翼若林99VerREY2",,"キャプテン翼 若林甘えんなよ! Ver.","サンセイR&D",,"甘デジ","1P0623","2022/5/9","0","1","1"
"9617","S","スーパーハナハナ2-30","Sスーパーハナハナ2D-30",,"スーパーハナハナ2-30","パイオニア","6号機","AT","1S1736","2022/7/4","0","0","1"
"9616","P","PA真・暴れん坊将軍99Ver.","PA真・暴れん坊将軍99Ver.FWZ",,"真・暴れん坊将軍99Ver.","藤商事",,"甘デジ","110061","2022/5/9","0","0","1"
"9615","S","ぱちすろ けものフレンズ","S けものフレンズ FS",,"けものフレンズ","サミー","6号機","AT","1S1609","2022/5/23","0","0","1"
"9614","S","Sナナイロサンゴ","SナナイロサンゴAA",,"ナナイロサンゴ","バルテック","6号機","A","1S1935","2022/3/28","0","0","1"
"9613","S","パチスロ 月華 雅","S月華ZC",,"月華 雅","エンターライズ","6号機","AT","1S1666","2022/4/18","0","0","1"
"9612","P","Pはぐれ刑事純情派","Pはぐれ刑事純情派L6-XY",,"はぐれ刑事純情派","ニューギン",,"ライトミドル","1P1741","2022/5/9","0","1","1"
"9611","P","P頭文字D","P頭文字DSEJG",,"頭文字D","サミー",,"ライトミドル","1P1667","2022/5/9","0","0","1"
"9610","P","PFダンジョンに出会いを求めるのは間違っているだろうか","PフィーバーダンまちF",,"ダンまち","SANKYO",,"ミドル","110146","2022/5/9","0","0","1"
"9609","S","ぱちスロ ウルトラマンタロウ 暴君SPEC","SパチスロウルトラマンタロウMG",,"ウルトラマンタロウ","オッケー.","6号機","AT","1S1213","2022/4/4","0","0","1"
"9608","P","ぱちんこ 仮面ライダー 闇のライダーver.","Pぱちんこ仮面ライダー闇のライダーver.K2",,"仮面ライダー 闇のライダーver.","京楽",,"ミドル","1P1495","2022/4/4","0","0","1"
"9607","S","アカジン-30","SアカジンAA-30",,"アカジン-30","バルテック","6号機","AT","1S1288","2022/4/6","0","0","1"
"9606","P","Pミリオンゴッド-一撃-","Pミリオンゴッド一撃MH",,"ミリオンゴッド-一撃-","ミズホ",,"その他","1P1228","2022/5/9","0","0","1"
"9605","S","パチスロひぐらしのなく頃に祭2 カケラ遊び編","Sひぐらしのなく頃に祭2カケラ遊び編L5",,"ひぐらしカケラ遊び","オーイズミ","6号機","AT","1S1826","2022/4/4","0","0","1"
"9604","S","SLOT STEINS;GATE","S/STEINS;GATE/TG",,"STEINS;GATE","メーシー","6号機","AT","1S1545","2022/5/9","0","0","1"
"9603","S","Sスーパー海物語 IN JAPAN祭","Sスーパー海物語INJAPAN祭PE",,"S海物語 IN JAPAN祭","サンスリー","6号機","AT","1S1823","2022/5/9","0","0","1"
"9602","P","P元祖ギンギラパラダイス","P元祖ギンギラパラダイスHCB",,"元祖ギンギラパラダイス","サンスリー",,"ライトミドル","110142","2022/5/9","0","0","1"
"9601","S","超ギラギラ爺サマー","S超ギラギラ爺夏SB2",,"超ギラギラ爺サマー","サボハニ","6号機","AT","1S1588","2022/4/18","0","0","1"
"9600","P","P獅子王","P獅子王",,"獅子王","マルホン",,"ライトミドル","1P1630","2022/4/18","0","0","1"
"9599","S","パチスロ ゼーガペイン2","Sパチスロゼーガペイン2ZZ",,"ゼーガペイン2","山佐","6号機","AT","1S1425","2022/5/23","0","0","1"
"9598","P","P結城友奈は勇者であるALLRUSH","P結城友奈は勇者であるALLRUSH RFa",,"結城友奈は勇者であるAR","西陣",,"ライトミドル","1P1347","2022/4/18","0","0","1"
"9597","P","Pアレジン プレミアム","Pアレジン プレミアムFMG",,"アレジン プレミアム","藤商事",,"ミドル","1P1383","2022/4/4","0","0","1"
"9596","P","PA巨人の星 明子2000Ver","PA巨人の星 明子2000VerRAY",,"巨人の星 明子2000Ver","サンセイR&D",,"甘デジ","1P1194","2022/4/4","0","1","1"
"9595","P","デジハネP蒼天の拳 双龍","Pデジハネ蒼天の拳双龍GSB",,"蒼天の拳 双龍","サミー",,"甘デジ","1P0902","2022/4/18","0","1","1"
"9594","S","パチスロこの素晴らしい世界に祝福を!","S この素晴らしい世界に祝福を! ZR",,"このすば","サミー","6号機","AT","1S0949","2022/4/4","0","0","1"
"9593","P","P一球魂GOLDピラミッ伝","PGOLDピラミッ伝V1E",,"一球魂GOLDピラミッ伝","高尾",,"ライトミドル","1P1643","2022/4/18","0","0","1"
"9592","P","PFアイドルマスター ミリオンライブ! Light ver.","PAフィーバーアイドルマスターY",,"アイマス Light ver.","SANKYO",,"甘デジ","1P0599","2022/5/9","0","1","1"
"9591","P","PFアイドルマスター ミリオンライブ! 39フェスver.","Pフィーバーアイドルマスター 39フェス",,"アイマス 39フェスver.","SANKYO",,"ライトミドル","1P1170","2022/4/18","0","1","1"
"9590","P","Pコードギアス 反逆のルルーシュ Light ver.","Pコードギアス 反逆のルルーシュbA",,"コードギアス 反逆のルルーシュ 甘","ビスティ",,"甘デジ","0P1235","2022/3/7","0","1","1"
"9589","S","メルヘンクエスト",,,"メルヘンクエスト","JPS","6号機","A",,"2022/2/21","0","0","1"
"9588","P","P満開まつりGO「PB機」","P満開まつりGO1",,"満開まつりGO「PB機」","豊丸",,"ライトミドル","1P1414","2022/3/7","0","0","1"
"9587","P","ぱちんこ キン肉マン3 キン肉星王位争奪編 友情シルバー","Pぱちんこキン肉マン3M21",,"キン肉マン3 友情シルバー","京楽",,"ライトミドル","1P1136","2022/3/7","0","1","1"
"9586","P","ぱちんこ キン肉マン3 キン肉星王位争奪編 火事場ゴールド","Pぱちんこキン肉マン3M7",,"キン肉マン3 火事場ゴールド","京楽",,"ミドル","1P0474","2022/3/7","0","1","1"
"9585","S","十字架5","S十字架5ZA",,"十字架5","ネット","6号機","AT","1S1297","2022/4/18","0","0","1"
"9584","S","SLOTえとたま","S/えとたま/EM",,"えとたま","メーシー","6号機","AT","1S1590","2022/4/4","0","0","1"
"9583","P","PA激デジ笑ゥせぇるすまん 最後の忠告MPY","PA激デジ笑ゥせぇるすまん最後の忠告MPY",,"笑ゥせぇるすまん 最後の忠告","サンセイR&D",,"甘デジ","0P1787","2022/3/22","0","1","1"
"9582","P","P花満開 月光GCA","P花満開 月光GCA",,"花満開 月光GCA","西陣",,"甘デジ","1P1312","2022/4/4","0","1","1"
"9581","S","沖縄フェスティバル-30","S沖縄フェスティバルEX-30",,"沖縄フェス-30","パイオニア","6号機","A","1S0439","2022/3/28","0","0","1"
"9580","P","PA野生の王国~どらむサファリ~99Ver.","PA野生の王国どらむサファリN-K1 YT299",,"野生の王国~どらむサファリ~99Ver.","ニューギン",,"甘デジ","0P1402","2022/3/7","0","1","1"
"9579","P","P野生の王国~どらむサファリ~159Ver.","P野生の王国どらむサファリS-K1 YT470",,"野生の王国~どらむサファリ~159Ver.","ニューギン",,"ライトミドル","010008","2022/3/7","0","1","1"
"9578","P","PA真・花の慶次2 漆黒の衝撃 99ver.","PA真・花の慶次2N2-X1",,"真・花の慶次2 漆黒の衝撃 99ver.","ニューギン",,"甘デジ","0P0772","2022/4/4","0","0","1"
"9577","P","Pどないやねん","PどないやねんFYC",,"どないやねん","藤商事",,"甘デジ","1P0721","2022/3/22","0","0","1"
"9576","P","Cの衝撃!!P弾球黙示録カイジ5 電撃チャージ和也Ver.","P弾球黙示録カイジ5N2A",,"カイジ5 電撃チャージ和也Ver.","高尾",,"ライトミドル","1P1224","2022/3/7","0","0","1"
"9575","P","PハイスクールD×D 真紅","PハイスクールD×D真紅MC",,"ハイスクールD×D 真紅","西陣",,"ライトミドル","1P1080","2022/3/7","0","0","1"
"9574","P","ぱちんこ戦国コレクションBLACK","P戦国コレクションブラックLA",,"戦国コレクションBLACK","コナミアミューズメント",,"ライトミドル","110097","2022/3/22","0","0","1"
"9573","S","パチスロ TIGER & BUNNY SP","Sパチスロタイガー&バニーSPYTFF",,"タイバニSP","山佐ネクスト","6号機","AT","1S1307","2022/3/7","0","0","1"
"9572","P","PパイレーツオブダイナマイトキングAZ-R","PパイレーツオブダイナマイトキングAZ-R",,"パイレーツオブダイナマイトキングAZ-R","D-light",,"その他","010005","2022/1/17","0","1","1"
"9571","S","パチスロ蒼天の拳4","S パチスロ蒼天の拳AC KA",,"蒼天の拳4","サミー","6号機","AT","1S1529","2022/3/7","0","0","1"
"9570","P","P真・北斗無双 第3章 ジャギの逆襲","P真北斗無双3ジャギの逆襲GEE",,"真・北斗無双 第3章 ジャギの逆襲","サミー",,"ライトミドル","1P1193","2022/3/7","0","0","1"
"9569","P","ぱちんこ ウルトラマンタロウ2 超決戦 LIGHT ver.","Pぱちんこウルトラマンタロウ2超決戦LIGHTverKA3",,"ウルトラマンタロウ2 LIGHT ver.","オッケー.",,"ライトミドル","1P1340","2022/2/7","0","1","1"
"9568","S","パチスロ言い訳はさせないわよ by 激壇蜜","SゲキダンミツEE",,"激壇蜜","ボーダー","6号機","A","1S1568","2022/2/21","0","0","1"
"9567","P","PAナムココレクション2 スイートゲームver.","PAナムココレクション2SA",,"ナムココレクション2 スイートゲームver.","メーシー",,"甘デジ","0P1730","2022/3/7","0","1","1"
"9566","P","Pナムココレクション2","Pナムココレクション2MA",,"ナムココレクション2","メーシー",,"ライトミドル","0P1045","2022/3/7","0","1","1"
"9565","P","Pとある魔術の禁書目録 Light PREMIUM ver.","Pとある魔術の禁書目録 Light JRB",,"とある魔術の禁書目録 ライトミドル","JFJ",,"ライトミドル","1P1585","2022/3/7","0","1","1"
"9564","S","パチスロ デビル メイ クライ 5","SデビルメイクライファイブXA",,"DMC5","アデリオン","6号機","AT","1S1219","2022/3/7","0","0","1"
"9563","P","P大工の源さん 超韋駄天 BLACK","P大工の源さん超韋駄天ブラックCS",,"大工の源さん 超韋駄天 BLACK","三洋物産",,"ミドル","1P1209","2022/4/4","0","0","1"
"9562","P","Pストライクウィッチーズ2","Pストライクウィッチーズ2HCL",,"ストライクウィッチーズ2","三洋物産",,"ライトミドル","1P1027","2022/3/7","0","0","1"
"9561","S","ぱちスロ ギャグダー","SギャグラーKB",,"ギャグダー","京楽","6号機","AT","1S1065","2022/1/24","0","0","1"
"9560","S","HYPER A-30 BLUE FALCON","SブルーファルコンDA-30",,"HYPER A-30 BF","DAXEL","6号機","A","1S1372","2022/1/24","0","0","1"
"9559","P","Pおばけらんど2022","Pおばけらんど2022GCC",,"おばけらんど2022","西陣",,"甘デジ","110106","2022/2/21","0","1","1"
"9558","P","P新鬼武者 DAWN OF DREAMS 甘デジ","P新鬼武者9YU1",,"新鬼武者 DAWN OF DREAMS 甘","平和",,"甘デジ","110057","2022/3/7","0","0","1"
"9557","S","Sルパン三世","Sルパン三世L2",,"ルパン三世","オリンピア","6号機","AT","1S1355","2022/3/7","0","0","1"
"9556","S","BLACK LAGOON ZERO bullet MAX","SブラックラグーンゼロFK",,"ブラクラZERO","エフ","6号機","AT","1S1440","2022/2/7","0","0","1"
"9555","S","パチスロドリフターズ","S パチスロドリフターズ ZS",,"ドリフターズ","サミー","6号機","AT","1S1187","2022/2/7","0","0","1"
"9554","P","PAガールフレンド(仮) 99ver.","PAガールフレンド(仮)N-K YT299",,"ガールフレンド(仮) 99ver.","ニューギン",,"甘デジ","110034","2022/2/7","0","1","1"
"9553","P","Pとある科学の超電磁砲","Pとある科学の超電磁砲FSB",,"とある科学の超電磁砲","藤商事",,"ライトミドル","1P0983","2022/1/24","0","0","1"
"9552","P","P北斗の拳8 究極乱世","P北斗の拳8究極乱世SSF",,"北斗の拳8 究極乱世","サミー",,"甘デジ","1P1038","2022/2/21","0","1","1"
"9551","P","P DD北斗の拳2 ついでに愛をとりもどせ!! ラオウ99 アミVer.","PDD北斗の拳2V2B",,"北斗の拳2 ラオウ99 アミVer.","高尾",,"甘デジ","1P1281","2022/1/24","0","1","1"
"9550","P","P DD北斗の拳2 ついでに愛をとりもどせ!! ケンシロウ99 トキVer.","PDD北斗の拳2S2A",,"北斗の拳2 ケンシロウ99 トキVer.","高尾",,"甘デジ","0P1816","2022/1/24","0","1","1"
"9549","P","PAギンギラパラダイス 夢幻カーニバル 強99ver.","PAギンパラ夢幻カーニバルHBA",,"ギンギラパラダイス 強99ver.","サンスリー",,"甘デジ","1P1000","2022/2/7","0","1","1"
"9548","P","Pひぐらしのなく頃に~彩~","Pひぐらしのなく頃に~彩~FM-N",,"ひぐらしのなく頃に~彩~","Daiichi",,"ミドル","110105","2022/2/7","0","0","1"
"9547","S","トリプルクラウンV-30","SトリプルクラウンV-30",,"トリクラV-30","清龍ゲームジャパン","6号機","A","1S0123","2021/12/6","0","0","1"
"9546","P","P刀使ノ巫女","P刀使ノ巫女MHa",,"刀使ノ巫女","西陣",,"ライトミドル","1P1054","2022/2/7","0","1","1"
"9545","S","SLOTマッピー","S/マッピー/GS",,"マッピー","メーシー","6号機","AT","1S1341","2022/2/21","0","0","1"
"9544","P","PF革命機ヴァルヴレイヴ2Lightver.","Pフィーバー革命機ヴァルヴレイヴ2F",,"革命機ヴァルヴレイヴ2Lightver.","SANKYO",,"甘デジ","0P1635","2022/2/21","0","1","1"
"9543","P","PF革命機ヴァルヴレイヴ2カミツキver.","Pフィーバー革命機ヴァルヴレイヴ2H",,"革命機ヴァルヴレイヴ2カミツキver.","SANKYO",,"ライトミドル","1P1028","2022/2/21","0","1","1"
"9542","S","新世紀エヴァンゲリオン ~魂の共鳴~","S新世紀エヴァンゲリオン 魂の共鳴N jG",,"エヴァ 魂の共鳴","ビスティ","6号機","AT","1S1379","2022/1/24","0","0","1"
"9541","P","P真・北斗無双 Re:319ver.","P真北斗無双FWQG",,"真・北斗無双 Re:319ver.","サミー",,"ミドル","1P1264","2022/1/24","0","0","1"
"9540","P","Pyes!高須クリニック~超整形BLACK~","Pyes!高須クリニックCS2",,"yes!高須クリニック","豊丸",,"その他","1P1253","2022/2/7","0","0","1"
"9539","S","押忍!番長ZERO","S押忍!番長ZERO PC1",,"番長ZERO","パオン・ディーピー","6号機","AT","1S0782","2022/1/31","0","0","1"
"9538","P","Pルパン三世 2000カラットの涙","Pルパン三世12H1AZ2",,"ルパン三世 2000カラットの涙","平和",,"ミドル","1P1152","2022/2/7","0","0","1"
"9537","P","P Re:ゼロから始める異世界生活 鬼がかりver.","P Re:ゼロから始める異世界生活 鬼がかりver.M08",,"Re:ゼロ 鬼がかりver.","大都技研",,"ミドル","1P0774","2022/1/11","0","0","1"
"9536","P","P GOGOピラミッド危機一発4500","P GOGOピラミッド危機一発4500",,"GOGOピラミッド危機一発4500","A-gon",,"その他","0P1486","2022/1/24","0","0","1"
"9535","P","P牙狼月虹ノ旅人絆 GIGA GHOST Ver.","P牙狼月虹ノ旅人絆XX-NH",,"牙狼月虹ノ旅人絆 GG Ver.","サンセイR&D",,"ミドル","1P0856","2022/1/24","0","0","1"
"9534","P","Pキャプテン翼若林ver.","Pキャプテン翼若林VerRVY3",,"キャプテン翼若林ver.","サンセイR&D",,"ミドル","1P0516","2021/12/20","0","1","1"
"9533","P","PFゴルゴ13Light ver.「2022年」","Pフィーバーゴルゴ13-2Y",,"ゴルゴ13Light ver.「2022年」","SANKYO",,"ライトミドル","0P1343","2022/1/11","0","1","1"
"9532","P","P真・花の慶次3","P真・花の慶次3L12-K",,"真・花の慶次3","ニューギン",,"ミドル","1P1126","2022/1/24","0","0","1"
"9531","S","パチスロミクちゃんとイドムンのミラクルチャレンジ","SミクちゃんとイドムンのミラクルチャレンジDB",,"ミクちゃんとイドムン","DAXEL","6号機","A","1S0459","2021/12/10","0","0","1"
"9530","S","パチスロ春一番","S春一番DE",,"春一番","西陣","6号機","AT","1S1181","2022/1/24","0","0","1"
"9529","S","パチスロディスクアップ2","S ディスクアップ2 ZF",,"ディスクアップ2","サミー","6号機","AT","0S0593","2022/1/24","0","0","1"
"9528","S","パチスロアラジンAクラシック","S アラジンクラシック KF",,"アラジンAクラシック","サミー","6号機","AT","1S1061","2022/1/24","0","0","1"
"9527","P","Pらんま1/2 熱血格闘遊戯 199Ver.","Pらんま1/2V1A",,"らんま1/2 199Ver.","高尾",,"ライトミドル","1P1133","2021/12/20","0","0","1"
"9526","S","ハイスクールD×D2 ハーレム王に俺はなる","SハイスクールD×D2GT",,"ハイスクールDD2","コナミアミューズメント","6号機","AT","1S0348","2022/1/24","0","0","1"
"9525","S","秘宝伝 解き放たれた女神","S秘宝伝 解き放たれた女神SA1",,"秘宝伝 解き放たれた女神","サボハニ","6号機","AT","0S0183","2021/12/20","0","0","1"
"9524","S","来雷エイサーEX-30","SライライエイサーEX-30",,"来雷エイサーEX","オーイズミ","6号機","A","0S1248","2022/1/24","0","0","1"
"9523","S","S聖闘士星矢 冥王復活","S聖闘士星矢冥王復活JH",,"聖闘士星矢 冥王復活","三洋物産","6号機","AT","1S0875","2022/1/24","0","0","1"
"9522","S","パチスロうまい棒","Sうまい棒M7",,"うまい棒","アムテックス","6号機","A","1S1043","2021/12/13","0","0","1"
"9521","S","パチスロ南国物語30","S南国物語UNA2-30",,"南国物語30","アムテックス","6号機","A","1S1192","2022/1/24","0","0","1"
"9520","S","パチスロ戦姫絶唱シンフォギア 勇気の歌","S戦姫絶唱シンフォギア 勇気の歌NAT G",,"シンフォギア","SANKYO","6号機","AT","1S1280","2021/12/20","0","0","1"
"9519","S","バーサスリヴァイズ","S/バーサスリヴァイズ/HS",,"バーサスリヴァイズ","エレコ","6号機","RT","1S1163","2022/1/11","0","0","1"
"9518","S","沖ドキ!DUO-30","S/沖ドキ!DUO/DK-30",,"沖ドキDUO-30","アクロス","6号機","AT","1S1223","2021/12/20","0","0","1"
"9517","S","沖ドキ!DUO","S/沖ドキ!DUO/DH",,"沖ドキDUO","アクロス","6号機","AT","1S1406","2021/12/20","0","0","1"
"9516","S","パチスロモンスターハンター:ワールドTM 黄金狩猟","S MHW 黄金狩猟ZC",,"MHW 黄金狩猟","エンターライズ","6号機","AT","1S0995","2021/12/6","0","0","1"
"9515","S","パチスロ リング 運命の秒刻","Sリング 運命の秒刻FL",,"リング 運命の秒刻","藤商事","6号機","AT","1S0477","2021/12/20","0","0","1"
"9514","S","マイジャグラーV","SマイジャグラーVKD",,"マイジャグV","北電子","6号機","A","9S1793","2021/12/6","0","0","1"
"9513","S","シンデレラブレイド4","Sシンデレラ×ブレイド4NA",,"シンデレラブレイド4","ネット","6号機","AT","1S0839","2021/12/20","0","0","1"
"9512","S","S牙狼-黄金騎士-","S牙狼-黄金騎士-SA4",,"牙狼-黄金騎士-","サボハニ","6号機","AT","1S0765","2021/12/6","0","0","1"
"9511","S","泡盛","S/泡盛/EA",,"泡盛","エレコ","6号機","A","1S0648","2021/12/6","0","0","1"
"9510","P","Pカイジ鉄骨渡り 勝負編7000","Pカイジ鉄骨渡り勝負編V1B",,"カイジ鉄骨渡り 勝負編7000","高尾",,"甘デジ","110009","2021/11/8","0","0","1"
"9509","P","新世紀エヴァンゲリオン~未来への咆哮~","P新世紀エヴァンゲリオン15 未来への咆哮",,"エヴァ 未来への咆哮","ビスティ",,"ミドル","1P0653","2021/12/20","0","0","1"
"9508","P","P北斗の拳9 闘神","P北斗の拳9闘神GFG",,"北斗の拳9 闘神","サミー",,"ミドル","1P0872","2021/12/6","0","0","1"
"9507","P","Pデビルメイクライ4 クレイジーバトル","Pデビルメイクライフォー2MD",,"デビルメイクライ4","メーシー",,"ミドル","1P0925","2021/12/6","0","0","1"
"9506","P","ぱちんこ 乃木坂46","Pぱちんこ乃木坂46KJ2",,"乃木坂46","京楽",,"ライトミドル","110059","2021/11/22","0","1","1"
"9505","P","Pミニミニモンスター ドラムVer","Pミニミニモンスタードラムakz",,"ミニミニモンスター ドラムVer","竹屋",,"ライトミドル","1P0637","2021/12/6","0","0","1"
"9504","P","P春一番~恋絵巻~ 甘デジ","P春一番~恋絵巻~GC250XAP春一番~恋絵巻~GC250A",,"春一番~恋絵巻~ 甘デジ","西陣",,"甘デジ","0P1090","2021/12/20","0","1","1"
"9503","S","Re:ゼロから始める異世界生活Apex Vacation","S Re:ゼロから始める異世界生活 ApexV A6",,"Re:ゼロApex","サボハニ","6号機","RT","1S0202","2021/11/22","0","0","1"
"9502","S","ハナハナホウオウ~天翔~-30","Sハナハナホウオウ~天翔~EX-30",,"ホウオウ天翔-30","パイオニア","6号機","A","0S1174","2022/1/24","0","0","1"
"9501","S","ハナハナホウオウ~天翔~","Sハナハナホウオウ~天翔~LXSハナハナホウオウ~天翔~GP",,"ホウオウ天翔","パイオニア","6号機","A","0S1386","2022/1/24","0","0","1"
"9500","P","P沖7し~さ~ば~じょん","P沖7シーサーver.",,"沖7し~さ~ば~じょん","マルホン",,"ライトミドル","1P0862","2021/12/20","0","0","1"
"9499","P","PA野生の王国GO 99ver.","PA野生の王国5 N-K",,"野生の王国GO 99ver.","ニューギン",,"甘デジ","1P0836","2021/12/6","0","0","1"
"9498","P","Pガールズ&パンツァー劇場版 甘デジ","Pガールズ&パンツァー28YQ1Y",,"ガルパン劇場版 甘","平和",,"甘デジ","1P0225","2021/12/6","0","1","1"
"9497","S","主役は銭形3","S銭形3H2",,"主役は銭形3","平和","6号機","AT","1S0883","2021/12/6","0","0","1"
"9496","S","鬼浜爆走紅蓮隊 激闘謳歌編","Sオニハマ4VSH3",,"鬼浜  激闘謳歌編","ベルコ","6号機","AT","1S0065","2022/1/11","0","0","1"
"9495","S","スーパーリノSP","SリノSPYTMM",,"スーリノSP","山佐ネクスト","6号機","A","1S0252","2022/1/11","0","0","1"
"9494","S","スターパルサー","SスターパルサーYTCC",,"スターパルサー","山佐ネクスト","6号機","A","1S0038","2021/12/6","0","0","1"
"9493","P","PA海物語3R2スペシャル","PA海物語3R2スペシャルMBA",,"海物語3R2SP","三洋物産",,"甘デジ","1P0830","2022/1/11","0","0","1"
"9492","S","パチスロGANTZ極 THE SURVIVAL GAME","SパチスロGANTZ FT",,"GANTZ極","エフ","6号機","AT","1S1025","2021/11/8","0","0","1"
"9491","P","P J-RUSH5 RSJ","PJ-RUSH RSJ-S",,"J-RUSH5 RSJ","ジェイビー",,"ライトミドル","1P0723","2021/11/22","0","1","1"
"9490","P","P J-RUSH5 HSJ","PJ-RUSH HSJ-S",,"J-RUSH5 HSJ","ジェイビー",,"ミドル","1P1010","2021/11/22","0","0","1"
"9489","P","P真・花の慶次2 漆黒の衝撃 EXTRA RUSH","P真・花の慶次2M3-VC",,"真・花の慶次2 EXTRA RUSH","ニューギン",,"ライトミドル","1P0681","2021/12/6","0","0","1"
"9488","P","P009 RE:CYBORG ACCELERATOR EDITION","P009 RE:CYBORG M4-K",,"P009 RE:CYBORG ライトミドル","ニューギン",,"ライトミドル","110016","2021/11/8","0","0","1"
"9487","P","P織田信奈の野望 全国版GC250Aa","P織田信奈の野望 全国版GC250Aa",,,"西陣",,"甘デジ","1P0179","2021/11/22","0","1","1"
"9486","S","沖ワニマル-30","SオキワニマルAA-30",,"沖ワニマル-30","バルテック","6号機","AT","1S0361","2022/1/17","0","0","1"
"9485","S","沖ワニマル-25","SオキワニマルBA",,"沖ワニマル","バルテック","6号機","AT","1S0755","2022/1/17","0","0","1"
"9484","S","CCエンジェル","S/CCエンジェル/CA",,"CCエンジェル","メーシー","6号機","RT","1S0647","2021/11/8","0","0","1"
"9483","P","PAぱちんこ戦国コレクション小悪魔99","PA戦国コレクションAN",,,"コナミアミューズメント",,"甘デジ","1P0541","2021/11/22","0","1","1"
"9482","P","ぱちんこ ウルトラ6兄弟 Light Version","PAぱちんこウルトラ6兄弟A5",,,"オッケー.",,"甘デジ","0P0852","2021/10/4","0","1","1"
"9481","P","Pバキ199ver.","Pバキ199H1YZ2",,,"アムテックス",,"ライトミドル","1P0643","2021/11/22","0","0","1"
"9480","P","Pバキ319ver.","Pバキ319H1YZ2",,,"アムテックス",,"ミドル","1P0341","2021/11/22","0","0","1"
"9479","S","パチスロ戦国乙女 暁の関ヶ原-DARKNESS-","S戦国乙女暁の関ヶ原L7",,"戦国乙女 暁の関ヶ原","オリンピア","6号機","AT","1S1071","2021/11/8","0","0","1"
"9478","P","Pピンク・レディー 甘デジ","Pピンクレディー9YU1",,,"アムテックス",,"甘デジ","110003","2021/11/8","0","0","1"
"9477","P","デジハネP〈物語〉シリーズ セカンドシーズン","Pデジハネ物語セカンドシーズンGSA",,,"サミー",,"甘デジ","1P0327","2021/11/22","0","1","1"
"9476","S","パチスロANEMONE 交響詩篇エウレカセブン HI-EVOLUTION","S ANEMONE FF",,"ANEMONE","サミー","6号機","AT","1S0790","2021/11/8","0","0","1"
"9475","P","PA遠山の金さん2 遠山桜と華の密偵 ごらくバージョン「PB機」","PA遠山の金さん2 遠山桜と華の密偵J GO2",,,"JFJ",,"甘デジ","1P0543","2021/9/21","0","1","1"
"9474","P","P地獄少女 華FMB","P地獄少女 華FMB",,,"藤商事",,"ミドル","1P0784","2021/11/8","0","0","1"
"9473","P","Pリアル鬼ごっこ2 全力疾走チャージ翼Ver.","Pリアル鬼ごっこ2V1B",,,"高尾",,"ライトミドル","1P0705","2021/10/4","0","0","1"
"9472","P","Pリアル鬼ごっこ2 全力疾走チャージ鬼Ver.","Pリアル鬼ごっこ2V2A",,,"高尾",,"ライトミドル","1P0555","2021/10/4","0","1","1"
"9471","P","PA競女!!!!!!!!-KEIJO-99Ver.","PA競女V3A",,,"豊丸",,"甘デジ","1P0187","2021/9/6","0","1","1"
"9470","P","PF戦姫絶唱シンフォギア2 1/77ver.","Pフィーバー戦姫絶唱シンフォギア2YR",,,"SANKYO",,"甘デジ","1P0612","2021/11/8","0","1","1"
"9469","P","PF戦姫絶唱シンフォギア2 1/230ver.","Pフィーバー戦姫絶唱シンフォギア2S",,,"SANKYO",,"ライトミドル","0P0203","2021/11/8","0","1","1"
"9468","P","P女神ドリーム","P女神覚醒0.2秒の祝福S1C",,,"高尾",,"甘デジ","1P0236","2021/9/21","0","1","1"
"9467","P","P花満開 月光 THE FINAL","P花満開 月光ZC",,,"西陣",,"ミドル","0P1828","2021/10/18","0","0","1"
"9466","P","Pモンスターハンターダブルクロス","PモンスターハンターダブルクロスSFB",,,"サミー",,"ミドル","1P0574","2021/10/18","0","0","1"
"9465","S","ハイハイシオサイ2","Sハイハイシオサイ2HY",,"ハイハイシオサイ2","パイオニア","6号機","A","1S0644","2021/11/8","0","0","1"
"9464","P","P神・天才バカボン~神SPEC~","P天才バカボン6FN-F",,,"Daiichi",,"ミドル","110039","2021/10/4","0","0","1"
"9463","P","Pゴッドイーター究極一閃","Pゴッドイーター究極一閃MA",,,"サンセイR&D",,"ミドル","1P0693","2021/11/8","0","0","1"
"9462","S","SLOTタブー・タトゥー","S/タブー・タトゥー/LL",,"タブー・タトゥー","ミズホ","6号機","AT","1S0640","2021/10/4","0","0","1"
"9461","P","Pスーパー海物語 IN 沖縄5 桜ver.199","Pスーパー海物語IN沖縄5SCF",,,"三洋物産",,"ライトミドル","1P0514","2021/11/8","0","0","1"
"9460","P","Pスーパー海物語 IN 沖縄5 桜ver.319","Pスーパー海物語IN沖縄5STA",,,"三洋物産",,"ミドル","1P0078","2021/10/18","0","0","1"
"9459","P","ぱちんこ 冬のソナタ SWEET W HAPPY Version","PAぱちんこ冬のソナタForeverMA1",,,"京楽",,"甘デジ","1P0392","2021/9/6","0","1","1"
"9458","S","パチスロかまいたちの夜","Sパチスロかまいたちの夜SX",,"かまいたちの夜","オーイズミ","6号機","RT","0S0366","2021/10/4","0","0","1"
"9457","P","PFマクロスフロンティア4","Pフィーバーマクロスフロンティア4A",,,"SANKYO",,"ミドル","1P0267","2021/10/4","0","0","1"
"9456","P","Pコードギアス 反逆のルルーシュ ライトミドルver.","Pコードギアス 反逆のルルーシュbF",,,"ビスティ",,"ライトミドル","1P0374","2021/9/6","0","1","1"
"9455","P","PAぱちんこ乗物娘77ver.","PA乗物娘N-K YT200",,,"ニューギン",,"甘デジ","1P0605","2021/9/21","0","1","1"
"9454","P","PA遠山の金さん2 遠山桜と華の密偵JWD","PA遠山の金さん2 遠山桜と華の密偵JWD",,,"JFJ",,"甘デジ","1P0627","2021/9/21","0","0","1"
"9453","P","P遠山の金さん2 遠山桜と華の密偵JQA","P遠山の金さん2 遠山桜と華の密偵JQA",,,"JFJ",,"ライトミドル","1P0019","2021/9/21","0","1","1"
"9452","P","PA FAIRY TAIL2 JWA","PA FAIRY TAIL2 JWA",,,"JFJ",,"甘デジ","1P0440","2021/9/21","0","1","1"
"9451","P","PA満開花火GO「PB機」","PA満開花火GO",,,"豊丸",,"甘デジ","1P0261","2021/8/16","0","0","1"
"9450","P","Pルパン三世~復活のマモー~219ver.","Pルパン三世11M1AY5Y",,,"平和",,"ライトミドル","1P0539","2021/9/6","0","1","1"
"9449","P","Pうまい棒4500~10500","Pうまい棒4500から10500V1",,,"アムテックス",,"その他","0P1413","2021/10/4","0","0","1"
"9448","P","P JAWS3 LIGHT","PJAWS3L1YU1Y",,,"平和",,"甘デジ","010007","2021/10/18","0","1","1"
"9447","P","PA乗物娘GO「PB機」","PA乗物娘GO",,,"ニューギン",,"甘デジ","1P0275","2021/8/16","0","1","1"
"9446","S","ファンキージャグラー2","Sファンキージャグラー2KT",,"ファンキー2","北電子","6号機","A","0S0234","2021/10/4","0","0","1"
"9445","P","PモンキーターンV GC250A","PモンキーターンV GC250A",,,"西陣",,"甘デジ","1P0549","2021/9/21","0","1","1"
"9444","S","HIT128","Sヒット128H1",,"HIT128","岡崎産業","6号機","AT","9S1667","2021/9/21","0","0","1"
"9443","S","パチスロツインエンジェル PARTY","S ツインエンジェルPARTY ZF",,"ツインエンジェルP","サミー","6号機","AT","1S0682","2021/10/4","0","0","1"
"9442","S","パチスロ ロリクラ☆ほーるど!","SロリクラホールドDD",,"ロリクラ☆ほーるど!","ネット","6号機","AT","1S0036","2021/9/6","0","0","1"
"9441","P","Pデビルマン~疾風迅雷~","Pデビルマン疾風迅雷S-X1 YT959",,,"ニューギン",,"ミドル","1P0337","2021/9/6","0","1","1"
"9440","P","P DD北斗の拳2 ついでに愛をとりもどせ!! ラオウ199Ver.","PDD北斗の拳2V1F",,,"高尾",,"ライトミドル","1P0437","2021/8/16","0","1","1"
"9439","S","ニューパルサーDX3","SニューパルサーDX-VYTDD",,"ニューパルサーDX3","山佐ネクスト","6号機","A","0S1757","2021/10/4","0","0","1"
"9438","S","マジカルハロウィン~Trick or Treat!~","SマジカルハロウィンFP",,"マジハロToT","コナミアミューズメント","6号機","ART","1S0757","2021/9/21","0","0","1"
"9437","P","PAナムココレクション89ver.","PAナムココレクションAA",,,"メーシー",,"甘デジ","0P0156","2021/9/6","0","0","1"
"9436","P","Pナムココレクション","PナムココレクションMH",,,"メーシー",,"ライトミドル","0P1197","2021/9/6","0","0","1"
"9435","P","Pドラドラ天国さんきゅー2000Ver.","Pドラドラ天国DX1CP",,,"豊丸",,"その他","1P0547","2021/9/21","0","0","1"
"9434","P","Pキャプテン翼2020","Pキャプテン翼2020NL",,,"サンセイR&D",,"ミドル","1P0292","2021/9/6","0","0","1"
"9433","S","パチスロ楽園追放","S 楽園追放 FS",,"楽園追放","サミー","6号機","AT","1S0218","2021/9/6","0","0","1"
"9432","P","PFタイガーマスクW Lightver.","PフィーバータイガーマスクW Y",,,"SANKYO",,"甘デジ","0P1207","2021/10/4","0","1","1"
"9431","P","PAウイニングボール","PAウイニングボールCP1F",,,"豊丸",,"その他","0P0477","2021/9/21","0","0","1"
"9430","P","P絶超電役ドラドラ天国2400-99Ver.","Pドラドラ天国DX1V",,,"豊丸",,"その他","0P1797","2021/9/21","0","0","1"
"9429","S","S うしおととら 雷槍一閃","Sパチスロうしおととら雷槍一閃JH",,"うしおととら","Daiichi","6号機","AT","1S0775","2021/9/6","0","0","1"
"9428","S","パチスロ麻雀物語4","S麻雀物語4L2",,"麻雀物語4","オリンピア","6号機","AT","1S0417","2021/9/6","0","0","1"
"9427","P","デジハネPA真・北斗無双 第2章 連撃Edition","PAデジハネ真北斗無双第2章SSE",,,"サミー",,"甘デジ","0P1818","2021/8/16","0","1","1"
"9426","S","もっと!クレアの秘宝伝 女神の歌声と太陽の子供達","Sもっと!クレアの秘宝伝 女神の歌声と太陽の子供達PA2",,"もっとクレア","パオン・ディーピー","6号機","RT","0S0647","2021/8/2","0","0","1"
"9425","P","Pリング 呪いの7日間2 FWA","Pリング 呪いの7日間2 FWA",,,"藤商事",,"甘デジ","1P0367","2021/8/16","0","0","1"
"9424","P","PF 機動戦士ガンダムユニコーン","Pフィーバー機動戦士ガンダムユニコーンb",,,"SANKYO",,"ミドル","1P0313","2021/8/2","0","0","1"
"9423","P","PA SUPER電役ナナシーSPECIAL77 ごらくバージョン「PB機」","PAナナシーSPECIAL GO1",,,"豊丸",,"その他","0P1827","2021/7/12","0","0","1"
"9422","P","P真・暴れん坊将軍 双撃FMG","P真・暴れん坊将軍双撃FMG",,,"藤商事",,"ミドル","0P1131","2021/8/2","0","1","1"
"9421","P","PAスーパー海物語 IN 沖縄5 with アイマリン","PAスーパー海物語IN沖縄5SBA",,,"三洋物産",,"甘デジ","1P0211","2021/9/6","0","0","1"
"9420","P","PAスーパー海物語 IN JAPAN2 金富士 99バージョン","PAスーパー海物語INジャパン2RA",,,"三洋物産",,"甘デジ","0P1310","2021/8/2","0","1","1"
"9419","P","Pまわるん大海物語4スペシャル Withアグネス・ラム 119ver.","Pまわるん大海物語4スペシャルRBA",,,"三洋物産",,"甘デジ","110015","2021/8/2","0","1","1"
"9418","P","P世界でいちばん強くなりたい!","P世界でいちばん強くなりたいMU",,,"サンセイR&D",,"ライトミドル","1P0386","2021/8/2","0","1","1"
"9417","P","Pひぐらしのなく頃に~囁~","PAひぐらしのなく頃に~囁~AD-FR",,,"Daiichi",,"甘デジ","1P0098","2021/7/5","0","0","1"
"9416","P","Pあぶない刑事","Pあぶない刑事M4-Z YT900",,,"ニューギン",,"ミドル","0P1149","2021/8/2","0","1","1"
"9415","P","P新鬼武者 DAWN OF DREAMS","P新鬼武者H1YZ3",,,"平和",,"ミドル","1P0233","2021/8/2","0","0","1"
"9414","S","パチスロ東京レイヴンズ","Sパチスロ東京レイヴンズJX",,"東京レイヴンズ","オーイズミ","6号機","AT","0S1755","2021/7/19","0","0","1"
"9413","S","SLOT劇場版 魔法少女まどか☆マギカ[前編]始まりの物語/[後編]永遠の物語","S/劇場版まどか/KK","SLOTまどか前後編","まどか前後編","ミズホ","6号機","AT","1S0068","2021/8/2","0","0","1"
"9412","P","P宇宙戦艦ヤマト2202 愛の戦士たち","P宇宙戦艦ヤマト2202bS",,,"ビスティ",,"ミドル","0P1825","2021/7/5","0","0","1"
"9411","P","P中森明菜・歌姫伝説~THE BEST LEGEND~1/99ver","P中森明菜・歌姫伝説4KD-TJ",,,"Daiichi",,"甘デジ","1P0191","2021/7/19","0","0","1"
"9410","P","P火曜サスペンス劇場 最後の推理","P火曜サスペンス劇場3GFC",,,"サミー",,"ミドル","1P0060","2021/8/2","0","0","1"
"9409","S","パチスロコードギアス 反逆のルルーシュ3","S コードギアス反逆のルルーシュ3 KZ",,"コードギアス3","サミー","6号機","AT","1S0429","2021/8/2","0","0","1"
"9408","P","ぱちんこ 仮面ライダー GO-ON LIGHT","PAぱちんこ仮面ライダー轟音MA1",,,"京楽",,"甘デジ","1P0006","2021/6/14","0","1","1"
"9407","P","Pめぞん一刻~Wedding Story~","Pめぞん一刻5H1YX1",,,"アムテックス",,"ミドル","0P1712","2021/7/19","0","0","1"
"9406","S","パチスロ零","Sパチスロ零YTFF",,"零","山佐ネクスト","6号機","AT","0S1431","2021/7/5","0","0","1"
"9405","S","GI優駿倶楽部3","SGI優駿倶楽部3PK",,"GI優駿倶楽部3","コナミアミューズメント","6号機","AT","1S0188","2021/8/2","0","0","1"
"9404","P","Pモモキュンソード閃撃","Pモモキュンソード閃撃MD",,,"西陣",,"ライトミドル","1P0169","2021/8/2","0","1","1"
"9403","P","P閃乱カグラ2 パイまみれ99Ver.","P閃乱カグラ2V3A",,,"高尾",,"甘デジ","010015","2021/6/7","0","1","1"
"9402","P","P学園黙示録ハイスクール・オブ・ザ・デッド2 弾丸88Ver.","Pハイスクールオブザデッド2N3A",,,"高尾",,"甘デジ","0P1476","2021/6/7","0","1","1"
"9401","S","新ハナビ","S/新ハナビR/HA",,"新ハナビ","エレコ","6号機","RT","1S0226","2021/7/5","0","0","1"
"9400","P","P巨人の星 一球入魂3000","P巨人の星 一球入魂3000MH",,,"サンセイR&D",,"ミドル","0P1732","2021/7/5","0","1","1"
"9399","P","P蒼天の拳 天刻","P蒼天の拳天刻GEA",,,"サミー",,"ライトミドル","0P1330","2021/7/5","0","1","1"
"9398","P","P超ハネ獣王","P超ハネ獣王SMA",,,"サミー",,"その他","0P1659","2021/6/7","0","0","1"
"9397","P","P天龍∞2","P天龍∞2V",,,"マルホン",,"その他","1P0114","2021/6/14","0","0","1"
"9396","P","P結城友奈は勇者であるGC250Ba","P結城友奈は勇者であるGC250Ba",,,"西陣",,"甘デジ","0P1743","2021/6/7","0","1","1"
"9395","S","ORIGINAL SLOT4 PLUS","Sオリスロ4AA",,,"JPS","6号機","A","0S1493","2021/5/10","0","0","1"
"9394","P","P牙狼月虹ノ旅人","P牙狼MAXX-MC",,,"サンセイR&D",,"ミドル","0P1507","2021/6/7","0","1","1"
"9393","P","Pスーパー海物語 IN 沖縄5","Pスーパー海物語IN沖縄5LTV",,,"三洋物産",,"ミドル","0P1742","2021/7/5","0","0","1"
"9392","S","チバリヨ-30","SチバリヨZH-30",,"チバリヨ-30","ネット","6号機","AT","1S0017","2021/6/7","0","0","1"
"9391","P","Pバジリスク ~桜花忍法帖~","P桜花忍法帖MD",,,"メーシー",,"ミドル","1P0066","2021/6/7","0","0","1"
"9390","P","Pニュートキオ ヘソタイプ","PニュートキオH1",,,"アムテックス",,"その他","0P0942","2021/6/21","0","0","1"
"9389","P","Pニュートキオ ハカマタイプ","PニュートキオV1",,,"アムテックス",,"その他","0P0762","2021/6/21","0","0","1"
"9388","S","パチスロガールズ&パンツァー 劇場版","Sガールズ&パンツァー劇場版H4",,"ガルパン劇場版","平和","6号機","AT","0S1509","2021/6/7","0","0","1"
"9387","P","P弾球黙示録カイジ5 電撃チャージVer.B","P弾球黙示録カイジ5V1B",,,"高尾",,"ミドル","0P1615","2021/5/24","0","0","1"
"9386","P","P弾球黙示録カイジ5 電撃チャージVer.A","P弾球黙示録カイジ5V1A",,,"高尾",,"ミドル","0P1598","2021/5/24","0","0","1"
"9385","P","PA激デジジューシーハニー3","PA激デジジューシーハニー3NCY",,,"サンセイR&D",,"甘デジ","1P0026","2021/5/24","0","1","1"
"9384","P","PA SUPER電役ナナシーSPECIAL66","PAナナシーSPECIAL3VV",,,"豊丸",,"その他","1P0177","2021/6/7","0","0","1"
"9383","P","PFパワフル","PフィーバーパワフルIII-F",,,"ジェイビー",,"甘デジ","0P0652","2021/5/24","0","1","1"
"9382","S","ぱちスロ 沖ハナ-30","Sパチスロ沖ハナSPMA",,"沖ハナ-30","京楽","6号機","AT","0S1612","2021/7/5","0","0","1"
"9381","S","ノーゲーム・ノーライフ THE SLOT","Sノーゲーム・ノーライフKG",,"ノーゲーム・ノーライフ","北電子","6号機","AT","1S0178","2021/6/14","0","0","1"
"9380","P","Pベルセルク無双","Pベルセルク無双M-Z",,,"ニューギン",,"ミドル","0P1663","2021/5/24","0","0","1"
"9379","S","パチスロ鉄拳4デビルVer.","Sパチスロ鉄拳4デビルバージョンSLFF",,"鉄拳4デビルVer.","セブンリーグ","6号機","AT","0S1396","2021/6/7","0","0","1"
"9378","P","Pビビッドレッドオペレーション","PビビオペM-K YT599",,,"ニューギン",,"ライトミドル","0P1512","2021/6/7","0","1","1"
"9377","P","P戦国乙女6~暁の関ヶ原~甘デジ","P戦国乙女6M9AU1Y",,,"アムテックス",,"甘デジ","0P1462","2021/6/7","0","1","1"
"9376","S","パチスロ 百花繚乱 サムライガールズ","S百花繚乱サムライガールズZA",,"百花繚乱","エンターライズ","6号機","AT","0S1214","2021/6/7","0","0","1"
"9375","P","ぱちんこ ウルトラマンタロウ2","Pぱちんこウルトラマンタロウ2K6",,,"オッケー.",,"ミドル","0P1806","2021/4/19","0","1","1"
"9374","P","PFゴルゴ13疾風マシンガンver.","Pフィーバーゴルゴ13-2",,,"SANKYO",,"ライトミドル","0P1255","2021/6/7","0","1","1"
"9373","P","P羽根モノ獣王GO2「PB機」","P羽根モノ獣王GO2",,,"サミー",,"その他","0P0004","2021/6/7","0","0","1"
"9372","S","パチスロガメラ","S パチスロ ガメラ KH",,"ガメラ","サミー","6号機","AT","0S1446","2021/6/7","0","0","1"
"9371","P","P花の慶次~蓮 199ver.","P花の慶次~蓮M-V YT550",,,"ニューギン",,"ライトミドル","0P1696","2021/5/10","0","1","1"
"9370","P","PFパワフル ごらく ver.「PB機」","PフィーバーパワフルIII-M",,,"ジェイビー",,"甘デジ","0P1438","2021/5/10","0","1","1"
"9369","S","パチスロ マクロスデルタ","SマクロスデルタjS",,"マクロスデルタ","SANKYO","6号機","AT","0S1236","2021/4/19","0","0","1"
"9368","P","P大海物語4スペシャルBLACK","P大海物語4スペシャルSCA",,,"三洋物産",,"ライトミドル","0P1589","2021/5/24","0","0","1"
"9367","P","P競女!!!!!!!!-KEIJO-199Ver.","P競女199L1A",,,"豊丸",,"ライトミドル","0P1406","2021/5/10","0","1","1"
"9366","P","P競女!!!!!!!!-KEIJO-319Ver.","P競女319M5A",,,"豊丸",,"ミドル","0P1175","2021/5/10","0","1","1"
"9365","P","P地獄少女 きくりのお祭りLIVE FWA","P地獄少女 きくりのお祭りLIVE FWA",,,"藤商事",,"甘デジ","0P1677","2021/5/10","0","0","1"
"9364","S","鬼浜爆走紅蓮隊 狂闘旅情編","Sオニハマ4H2",,"鬼浜 狂闘旅情編","ベルコ","6号機","AT","0S1405","2021/5/24","0","0","1"
"9363","P","ぱちんこ GANTZ極","PぱちんこGANTZ極M3",,,"オッケー.",,"ミドル","0P1633","2021/4/5","0","1","1"
"9362","S","SLOTアルドノア・ゼロ","S/アルドノア・ゼロ/NL",,"アルドノア・ゼロ","エレコ","6号機","AT","0S1352","2021/5/10","0","0","1"
"9361","S","ミスタートリプルクラウン","SトリプルクラウンDX-30",,,"清龍ゲームジャパン","6号機","A","0S1341","2021/3/8","0","0","1"
"9360","P","Pギンギラパラダイス 夢幻カーニバル 199ver.","Pギンパラ夢幻カーニバルHCA",,,"サンスリー",,"ライトミドル","0P0969","2021/5/10","0","1","1"
"9359","P","Pギンギラパラダイス 夢幻カーニバル 319ver.","Pギンパラ夢幻カーニバルHTK",,,"サンスリー",,"ミドル","0P1651","2021/4/19","0","0","1"
"9358","S","パチスロ1000ちゃんごらくバージョン「PB機」","Sパチスロ1000ちゃんG1",,"1000ちゃんごらくVer","オーイズミ","6号機","AT","0S0313","2021/4/5","0","0","1"
"9357","P","PAわんわんパラダイスV-GO「PB機」","PAわんわんパラダイスV-GO",,,"サンスリー",,"甘デジ","0P0709","2021/4/5","0","1","1"
"9356","P","Pガールズ&パンツァー 劇場版","Pガールズ&パンツァー2L9YU3Y",,,"平和",,"ライトミドル","0P1637","2021/5/10","0","1","1"
"9355","P","Pピンク・レディー","PピンクレディーH1YZ3",,,"アムテックス",,"ミドル","0P1039","2021/4/5","0","0","1"
"9354","P","P北斗の拳8 救世主","P北斗の拳8救世主SFJE",,,"サミー",,"ミドル","0P1657","2021/5/10","0","1","1"
"9353","P","P FAIRY TAIL2 JHD","P FAIRY TAIL2 JHD",,,"JFJ",,"ミドル","0P1543","2021/3/29","0","1","1"
"9352","S","パチスロ Wake Up, Girls!Seven Memories","S Wake Up,Girls!NC",,"Wake Up,Girls!","カルミナ","6号機","AT","0S1513","2021/5/10","0","0","1"
"9351","P","P DD北斗の拳2 ついでに愛をとりもどせ!! ケンシロウ319Ver.","PDD北斗の拳2S5D",,,"高尾",,"ミドル","0P1436","2021/4/5","0","1","1"
"9350","P","PF革命機ヴァルヴレイヴ2","Pフィーバー革命機ヴァルヴレイヴ2S",,,"SANKYO",,"ミドル","0P1538","2021/4/19","0","0","1"
"9349","S","豪炎高校應援團 檄","SゴウエンコウコウオウエンダンゲキCC",,"豪炎高校應援團 檄","山佐","6号機","AT","0S1087","2021/5/10","0","0","1"
"9348","P","PAリング バースデイ 呪いの始まりFWC","PAリング バースデイ 呪いの始まりFWC",,,"藤商事",,"甘デジ","0P1573","2021/4/19","0","0","1"
"9347","S","パチスロAngel Beats!","S AngelBeats! XF",,"Angel Beats!","サミー","6号機","AT","0S1535","2021/4/19","0","0","1"
"9346","S","デジスロ","SデジスロA9",,"デジスロ","ヤーマ","6号機","A","0S1483","2021/4/19","0","0","1"
"9345","P","P貞子3D2 Light ~呪われた12時間~","P貞子3D2S2G",,,"高尾",,"甘デジ","0P1217","2021/3/8","0","1","1"
"9344","P","P甲鉄城のカバネリ 219Ver.","P甲鉄城のカバネリGEE",,,"サミー",,"ライトミドル","0P0848","2021/4/5","0","1","1"
"9343","P","P甲鉄城のカバネリ 319 覚醒Ver.","P甲鉄城のカバネリGFB",,,"サミー",,"ミドル","0P1524","2021/4/5","0","1","1"
"9342","P","Pバジリスク~甲賀忍法帖~2 朧の章","Pバジリスク2AB",,,"メーシー",,"甘デジ","0P1059","2021/4/5","0","1","1"
"9341","P","ぱちんこ AKB48 桜 LIGHT ver.","PAぱちんこAKB48桜LIGHTver.満開モード搭載MA5",,,"京楽",,"甘デジ","0P1294","2021/3/8","0","1","1"
"9340","S","スーパーハナハナ-30","SスーパーハナハナV1-30",,"スーパーハナハナ-30","パイオニア","6号機","AT","0S0985","2021/4/19","0","0","1"
"9339","S","スーパーハナハナ","SスーパーハナハナV1",,"スーパーハナハナ","パイオニア","6号機","AT","0S1624","2021/4/19","0","0","1"
"9338","P","P中森明菜・歌姫伝説~THE BEST LEGEND~","P中森明菜・歌姫伝説4LM-T",,,"Daiichi",,"ミドル","0P1605","2021/4/5","0","0","1"
"9337","P","P織田信奈の野望 全国版MGa","P織田信奈の野望 全国版MGa",,,"西陣",,"ライトミドル","0P1548","2021/5/10","0","1","1"
"9336","P","Pガールフレンド(仮)","Pガールフレンド(仮)M2-K YT500",,,"ニューギン",,"ライトミドル","0P1408","2021/4/5","0","1","1"
"9335","P","P大工の源さん 超韋駄天 LIGHT","P大工の源さん超韋駄天YBB",,,"三洋物産",,"ライトミドル","0P1268","2021/4/5","0","0","1"
"9334","P","ぱちんこ GANTZ:2 Sweet ばーじょん","PぱちんこGANTZ2AT2",,,"オッケー.",,"甘デジ","0P0654","2021/2/22","0","1","1"
"9333","P","P緋弾のアリア ~緋弾覚醒編~","P緋弾のアリア ~緋弾覚醒編~FVA",,,"藤商事",,"ライトミドル","0P1472","2021/3/22","0","1","1"
"9332","S","絶対衝激III","S絶対衝激IIISS",,"絶対衝激3","スパイキー","6号機","AT","0S1415","2021/3/22","0","0","1"
"9331","S","ニューパルサーSPIII","SニューパルサーSP3CC",,"ニューパルサーSPIII","山佐","6号機","A","0S0179","2021/4/5","0","0","1"
"9330","P","P笑ゥせぇるすまん 最後の忠告","P笑ゥせぇるすまん最後の忠告MPY2",,,"サンセイR&D",,"ライトミドル","0P1410","2021/3/8","0","1","1"
"9329","S","どんだけ","SどんだけJ2",,"どんだけ","JPS","6号機","A","0S1074","2020/12/14","0","0","1"
"9328","P","P安心ぱちんこキレパンダinリゾート 79Ver.","PキレパンダS2A",,,"高尾",,"甘デジ","0P1290","2021/2/15","0","1","1"
"9327","P","P安心ぱちんこキレパンダinリゾート","PキレパンダN1E",,,"高尾",,"ミドル","0P0807","2021/2/15","0","1","1"
"9326","P","P銀河鉄道999GOLDEN 甘デジ","P銀河鉄道99929YU1Y",,,"アムテックス",,"甘デジ","0P1340","2021/3/22","0","1","1"
"9325","S","パチスロ アイドルマスター ミリオンライブ!","SアイドルマスターG",,"アイマス","ビスティ","6号機","AT","0S1650","2021/3/8","0","0","1"
"9324","P","キュインぱちんこ P南国育ち デカパトver. 甘デジ","P南国育ち59AU2",,,"アムテックス",,"甘デジ","0P0012","2021/2/22","0","0","1"
"9323","P","PパトラッシュV GREEN","PパトラッシュJ2-G",,,"ジェイビー",,"ライトミドル","0P1561","2021/3/8","0","1","1"
"9322","P","PパトラッシュV RED","PパトラッシュJ2-K",,,"ジェイビー",,"ミドル","0P1295","2021/3/8","0","1","1"
"9321","P","Pバーストエンジェル3 199Ver.","Pバーストエンジェル3L2W199",,,"豊丸",,"ライトミドル","0P1259","2021/3/22","0","0","1"
"9320","S","ワンチャンス 1000","Sワンチャンス1K1",,"ワンチャンス 1000","ベルコ","6号機","AT","0S1220","2021/3/8","0","0","1"
"9319","S","パチスロラブ嬢2プラス","Sパチスロラブ嬢2プラスL4",,"ラブ嬢2プラス","オリンピア","6号機","AT","0S1377","2021/3/8","0","0","1"
"9318","S","パチスロ青の祓魔師","Sパチスロ青の祓魔師L1",,"青の祓魔師","オリンピア","6号機","AT","9S1717","2021/3/8","0","0","1"
"9317","P","新世紀エヴァンゲリオン 決戦 プレミアムモデル","PA新世紀エヴァンゲリオン シト、新生 決戦YR",,,"ビスティ",,"甘デジ","0P1199","2021/2/8","0","1","1"
"9316","S","政宗3","S政宗3CA5",,"政宗3","大都技研","6号機","AT","0S1134","2021/2/8","0","0","1"
"9315","P","P戦国†恋姫 Vチャージver","P戦国恋姫 Vチャージver JCC",,,"JFJ",,"ライトミドル","0P1382","2021/3/1","0","0","1"
"9314","P","PモンキーターンV MD","PモンキーターンV MD",,,"西陣",,"ライトミドル","0P1280","2021/3/8","0","1","1"
"9313","P","PAわんわんパラダイスV","PAわんわんパラダイスV-GBA",,,"サンスリー",,"甘デジ","0P0666","2021/3/8","0","1","1"
"9312","P","ぱちんこ戦国コレクション","P戦国コレクションLU",,,"コナミアミューズメント",,"ライトミドル","0P1313","2021/3/22","0","1","1"
"9311","P","P野生の王国GO M-T YT800","P野生の王国5 M-T YT800",,,"ニューギン",,"ミドル","0P0656","2021/2/8","0","1","1"
"9310","P","P野生の王国GO M2-T","P野生の王国5 M2-T",,,"ニューギン",,"ミドル","0P0136","2021/2/8","0","0","1"
"9309","P","Pジューシーハニー3","Pジューシーハニー3MGY2",,,"サンセイR&D",,"ライトミドル","0P1358","2021/2/8","0","1","1"
"9308","P","P Re:ゼロから始める異世界生活","P Re:ゼロから始める異世界生活M06",,,"大都技研",,"ミドル","0P0831","2021/1/12","0","0","1"
"9307","P","P真・黄門ちゃま 甘デジ","P真黄門ちゃま9YU1Y",,,"平和",,"甘デジ","0P0931","2021/1/12","0","1","1"
"9306","P","P真・黄門ちゃま ライトミドル","P真黄門ちゃまL9AW1",,,"平和",,"ライトミドル","9P1627","2021/1/12","0","0","1"
"9305","P","P ROKUROKU 2400ちょい恐Ver.","PロクロクL1D",,,"高尾",,"甘デジ","9P1581","2021/1/12","0","0","1"
"9304","P","P FAIRY TAIL2","P FAIRY TAIL2 JQD",,,"JFJ",,"ライトミドル","0P1169","2021/2/1","0","1","1"
"9303","S","パチスロ バイオハザード7 レジデント イービル","Sバイオハザード7 XE",,"バイオハザード7","アデリオン","6号機","AT","0S1273","2021/2/8","0","0","1"
"9302","P","Pすしざんまい極上4200","Pすしざんまい極上S3C",,,"豊丸",,"その他","9P0589","2021/1/25","0","0","1"
"9301","P","Pキャプテン翼 石崎バージョン","Pキャプテン翼石崎バージョンSAY2",,,"サンセイR&D",,"甘デジ","9P0935","2021/1/12","0","0","1"
"9300","S","パチスロ北斗の拳 宿命","S パチスロ北斗の拳AC LA",,"北斗の拳 宿命","サミー","6号機","AT","0S1190","2021/3/8","0","0","1"
"9299","P","P〈物語〉シリーズ セカンドシーズン","P物語セカンドシーズンGEE",,,"サミー",,"ライトミドル","0P1191","2021/2/8","0","1","1"
"9298","P","PFアイドルマスター ミリオンライブ!","PフィーバーアイドルマスターG",,,"SANKYO",,"ミドル","0P1117","2021/2/8","0","1","1"
"9297","P","PA祭","PA祭",,,"愛喜",,"その他","0P0201","2020/12/7","0","0","1"
"9296","P","PA大海物語4スペシャル Withアグネス・ラム","PA大海物語4スペシャルRBA",,,"三洋物産",,"甘デジ","0P0594","2021/2/8","0","1","1"
"9295","P","Pひぐらしのなく頃に~瞬~","Pひぐらしのなく頃に~瞬~AM-S",,,"Daiichi",,"ミドル","0P1206","2021/2/8","0","1","1"
"9294","P","PF戦姫絶唱シンフォギア(甘デジ)","Pフィーバー戦姫絶唱シンフォギアYR",,,"SANKYO",,"甘デジ","0P0451","2021/3/8","0","1","1"
"9293","S","パチスロKING黄門ちゃま","SパチスロKING黄門ちゃまL6",,"KING黄門ちゃま","オリンピア","6号機","AT","0S0290","2021/2/8","0","0","1"
"9292","P","P JAWS3 SHARK PANIC~深淵~","PJAWS3H1AZ5Y",,,"平和",,"ミドル","0P0918","2021/2/8","0","1","1"
"9291","P","ぱちんこ 冬のソナタ FOREVER","Pぱちんこ冬のソナタForeverM2",,,"京楽",,"ミドル","0P0846","2020/12/21","0","1","1"
"9290","S","パチスロ フレームアームズ・ガール","SフレームアームズガールNC",,"フレームアームズ・ガール","ネット","6号機","AT","0S1140","2021/2/8","0","0","1"
"9289","S","パチスロ ゴッドイーター ジ・アニメーション","SパチスロゴッドイータージアニメSLHH",,"ゴッドイーターアニメ","セブンリーグ","6号機","AT","0S1116","2021/2/8","0","0","1"
"9288","P","Pコードギアス 反逆のルルーシュ","Pコードギアス 反逆のルルーシュbR",,,"ビスティ",,"ミドル","0P0965","2021/1/4","0","0","1"
"9287","P","PA花の慶次~蓮","PA花の慶次~蓮N-V",,,"ニューギン",,"甘デジ","0P0984","2021/1/25","0","0","1"
"9286","P","PA貞子vs伽椰子 頂上決戦FWA","PA貞子vs伽椰子 頂上決戦FWA",,,"藤商事",,"甘デジ","0P0430","2021/1/4","0","1","1"
"9285","P","PA緋弾のアリアIII FW設定付","PA緋弾のアリアIII FW設定付",,,"藤商事",,"甘デジ","9P0655","2021/1/4","0","0","1"
"9284","S","パチスロ花の慶次~武威","S花の慶次~武威~EP",,"花の慶次~武威","エキサイト","6号機","AT","0S0584","2021/1/12","0","0","1"
"9283","P","Pワイルドロデオ6750だぜぇ","PワイルドロデオS2",,,"豊丸",,"その他","0P0607","2021/1/12","0","0","1"
"9282","P","Pアナザーゴッドポセイドン-怒濤の神撃-","PアナザーゴッドポセイドンMH",,,"メーシー",,"ミドル","0P1171","2021/1/12","0","1","1"
"9281","S","麻雀格闘倶楽部 真","S麻雀格闘倶楽部真KS",,"麻雀格闘倶楽部 真","コナミアミューズメント","6号機","AT","0S0844","2021/1/12","0","0","1"
"9280","P","P真シャカRUSH","P真シャカRUSH G",,,"マルホン",,"ライトミドル","0P1107","2021/1/25","0","0","1"
"9279","P","デジハネPA交響詩篇エウレカセブン HI-EVOLUTION ZERO","PAデジハネエウレカセブンハイエボゼロSSJD",,,"サミー",,"甘デジ","0P1155","2021/1/25","0","1","1"
"9278","P","P閃乱カグラ2 胸躍る199Ver.","P閃乱カグラ2V2A",,,"高尾",,"ライトミドル","0P0683","2020/12/21","0","1","1"
"9277","S","戦国乙女3~天剣を継ぐもの~","S戦国乙女3天剣を継ぐものH3",,"戦国乙女3","平和","6号機","AT","9S1639","2021/1/12","0","0","1"
"9276","S","S Lucky海物語","SLucky海物語KH",,"Lucky海物語","三洋物産","6号機","A","0S0887","2021/1/12","0","0","1"
"9275","P","PAF真花月2 Light Ver.","PAフィーバー真花月2Y",,,"SANKYO",,"甘デジ","0P0815","2021/2/8","0","1","1"
"9274","P","Pスーパーコンビα7500","Pスーパーコンビα7500jS",,,"SANKYO",,"その他","0P0908","2021/1/12","0","0","1"
"9273","S","パチスロ 哲也 -天運地力-","Sパチスロ哲也6.1 DSN",,"哲也 -天運地力-","Daiichi","6号機","AT","0S1166","2020/12/21","0","0","1"
"9272","P","P新日本プロレスリング","P新日本プロレスリングL6AU3S",,,"アムテックス",,"ライトミドル","0P0014","2020/12/7","0","0","1"
"9271","S","パチスロ頭文字D","S パチスロ頭文字D XR",,"頭文字D","サミー","6号機","AT","0S0903","2021/1/12","0","0","1"
"9270","P","P春一番~恋絵巻~MB","P春一番~恋絵巻~MB",,,"西陣",,"ライトミドル","0P0778","2021/1/4","0","1","1"
"9269","P","P春一番~恋絵巻~ZE","P春一番~恋絵巻~ZE",,,"西陣",,"ミドル","0P0643","2021/1/4","0","1","1"
"9268","P","PモモキュンソードGC250A","PモモキュンソードGC250A",,,"西陣",,"甘デジ","0P0983","2021/1/25","0","1","1"
"9267","S","ニューハナハナゴールド-30","SニューハナハナゴールドEX-30",,"ニューハナハナG-30","パイオニア","6号機","A","9S0752","2021/1/4","0","0","1"
"9266","S","パチスロひぐらしのなく頃に祭2","Sパチスロひぐらしのなく頃に祭2PX",,"ひぐらし祭2","オーイズミ","6号機","ART","0S1050","2020/12/21","0","0","1"
"9265","P","PAロードファラオ~神の一撃~連撃Ver.","PAロードファラオ1AC",,,"豊丸",,"甘デジ","8P0612","2020/11/2","0","0","1"
"9264","P","ぱちんこ ウルトラセブン 超乱舞","Pぱちんこウルトラセブン超乱舞K4",,,"オッケー.",,"ライトミドル","0P0862","2020/11/16","0","1","1"
"9263","P","P牙狼コレクション遊タイムver.","P牙狼コレクションMA",,,"サンセイR&D",,"ライトミドル","0P0242","2020/11/16","0","1","1"
"9262","P","PFタイガーマスクW","PフィーバータイガーマスクW R",,,"SANKYO",,"ミドル","0P0902","2020/12/21","0","1","1"
"9261","P","P銭形平次2 疾風ST Ver.","P銭形平次2V3B",,,"高尾",,"甘デジ","0P0640","2020/11/16","0","1","1"
"9260","P","Pパイレーツオブダイナマイトキング","PパイレーツオブダイナマイトキングAG-JJJS",,,"D-light",,"その他","0P0870","2020/12/7","0","0","1"
"9259","S","南国育ち30","S南国育ちA5-30",,"南国育ち30","アムテックス","6号機","AT","0S0191","2021/1/12","0","0","1"
"9258","S","アカメが斬る!","SATアカメが斬る!K",,"アカメが斬る!","七匠","6号機","AT","9S1271","2020/11/9","0","0","1"
"9257","P","P真・北斗無双 第3章","P真北斗無双3SFJ",,,"サミー",,"ミドル","0P0589","2020/12/7","0","1","1"
"9256","P","P大海物語4スペシャル","P海物語E",,,"三洋物産",,"ミドル","0P0828","2020/12/7","0","1","1"
"9255","S","パチスロ モンスターハンター:ワールドTM","SモンスターハンターワールドZI",,"モンハンワールド","エンターライズ","6号機","AT","0S0948","2020/11/16","0","0","1"
"9254","S","華祭","SハナマツリSP",,"華祭","パイオニア","6号機","AT","0S0390","2020/11/2","0","0","1"
"9253","P","ぱちんこ 劇場版 魔法少女まどか☆マギカ キュゥべえver.","Pぱちんこ劇場版魔法少女まどか☆マギカA5",,,"京楽",,"甘デジ","0P0570","2020/10/19","0","1","1"
"9252","P","PA戦国BASARA N-5V1","PA戦国BASARA N-5V1",,,"ニューギン",,"甘デジ","0P0565","2020/11/2","0","0","1"
"9251","S","パチスロ学園黙示録ハイスクール・オブ・ザ・デッド ゴールド","SハイスクールオブザデッドゴールドSLFF",,"HOTDゴールド","セブンリーグ","6号機","AT","0S0269","2020/11/2","0","0","1"
"9250","P","Pぱちんこ 乗物娘 WITH CYBERJAPAN(R)DANCERS M5-K1","P乗物娘M5-K1",,,"ニューギン",,"ライトミドル","0P0256","2020/11/16","0","0","1"
"9249","P","Pぱちんこ 乗物娘 WITH CYBERJAPAN(R)DANCERS M-K1","P乗物娘M-K1",,,"ニューギン",,"ライトミドル","9P1386","2020/11/16","0","0","1"
"9248","P","Pとある魔術の禁書目録","Pとある魔術の禁書目録JUA",,,"JFJ",,"ミドル","0P0703","2020/11/2","0","1","1"
"9247","P","PAハイスクール・フリート スイートでハッピー!","PAハイスクール・フリートAE",,,"メーシー",,"甘デジ","0P0361","2020/11/2","0","0","1"
"9246","S","~ガールズケイリン~GIフェアリーグランプリ","SGIフェアリーグランプリKP",,"ガールズケイリン","コナミアミューズメント","6号機","AT","0S0606","2020/11/2","0","0","1"
"9245","P","Pルパン三世~復活のマモー~","Pルパン三世112YZ7",,,"平和",,"ミドル","0P0671","2020/11/2","0","0","1"
"9244","S","吉宗3","S吉宗3EA5",,"吉宗3","サボハニ","6号機","AT","9S1783","2020/10/5","0","0","1"
"9243","P","Pリング 呪いの7日間2 FSA","Pリング 呪いの7日間2 FSA",,,"藤商事",,"ライトミドル","0P0229","2020/10/5","0","1","1"
"9242","P","Pビッグドリーム2激神 199Ver.","Pビッグドリーム2GEB",,,"サミー",,"ライトミドル","0P0426","2020/11/2","0","1","1"
"9241","S","パチスロ七つの大罪","S パチスロ七つの大罪 XS",,"七つの大罪","サミー","6号機","AT","0S0088","2020/11/2","0","0","1"
"9240","P","P結城友奈は勇者である","P結城友奈は勇者であるMAa",,,"西陣",,"ライトミドル","0P0674","2020/11/2","0","1","1"
"9239","P","PAドラム海物語IN JAPAN","PAドラム海物語INジャパンRBB",,,"サンスリー",,"甘デジ","0P0232","2020/11/2","0","1","1"
"9238","P","P学園黙示録ハイスクール・オブ・ザ・デッド2 弾丸319Ver.","Pハイスクールオブザデッド2N1A",,,"高尾",,"ミドル","0P0379","2020/10/19","0","1","1"
"9237","P","PFゴルゴ13 疾風ver.","Pフィーバーゴルゴ13-2W",,,"SANKYO",,"ミドル","0P0552","2020/11/2","0","1","1"
"9236","P","新世紀エヴァンゲリオン 決戦~真紅~","P新世紀エヴァンゲリオン シト、新生 決戦W",,,"ビスティ",,"ミドル","0P0620","2020/10/5","0","1","1"
"9235","P","P真・牙狼","P真・牙狼RS",,,"サンセイR&D",,"ミドル","0P0522","2020/10/5","0","1","1"
"9234","P","P義風堂々!!~兼続と慶次~2 N-X","P義風堂々!!~兼続と慶次~2N-X",,,"ニューギン",,"甘デジ","9P1281","2020/10/19","0","0","1"
"9233","P","Pおそ松さんの頑張れ!ゴールデンロード625VER.","Pおそ松さんのゴールデンロード!625NT-JS",,,"D-light",,"ライトミドル","0P0627","2020/10/19","0","1","1"
"9232","P","ぱちんこ 仮面ライダー 轟音","Pぱちんこ仮面ライダー轟音M6",,,"京楽",,"ミドル","0P0174","2020/9/7","0","1","1"
"9231","P","P弾球黙示録カイジ沼4 ざわっ...Ver.","Pカイジ沼4S2A",,,"高尾",,"甘デジ","9P1604","2020/9/7","0","0","1"
"9230","S","S笑ゥせぇるすまん絶笑","S笑ゥせぇるすまん絶笑SJ",,"笑ゥせぇるすまん絶笑","サンスリー","6号機","AT","0S0225","2020/10/5","0","0","1"
"9229","P","PAヤッターマンVVV","PAヤッターマンVVV-YBB",,,"サンスリー",,"甘デジ","9P1852","2020/10/5","0","0","1"
"9228","P","ぱちんこGI優駿倶楽部遊タイム付","PGI優駿倶楽部AU",,,"コナミアミューズメント",,"甘デジ","0P0547","2020/10/5","0","1","1"
"9227","P","PA真・怪獣王ゴジラ NL-K1","PA真・怪獣王ゴジラNL-K1",,,"ニューギン",,"甘デジ","0P0412","2020/9/7","0","0","1"
"9226","S","PACHISLOT リングにかけろ1 ワールドチャンピオンカーニバル編","S RK1 WCC編YB",,"リンかけ WCC編","スパイキー","6号機","AT","0S0442","2020/9/23","0","0","1"
"9225","P","PFクィーンII","PフィーバークィーンII",,,"ジェイビー",,"甘デジ","0P0148","2020/10/5","0","1","1"
"9224","P","PFクィーンII ごらく ver.","PフィーバークィーンII-N",,,"ジェイビー",,"甘デジ","0P0335","2020/10/5","0","0","1"
"9223","P","Pクイーンズブレイド3 ナナエルVer.","Pクイーンズブレイド3S1G",,,"高尾",,"甘デジ","9P1544","2020/8/17","0","0","1"
"9222","S","対魔導学園35試験小隊","S対魔導学園35試験小隊H1",,"対魔導学園35試験小隊","平和","6号機","AT","9S1900","2020/9/23","0","0","1"
"9221","P","P烈火の炎3 甘デジ","P烈火の炎39AS1",,,"平和",,"甘デジ","0P0362","2020/9/7","0","0","1"
"9220","P","P ROAD TO EDEN","PロードトゥエデンGED",,,"サミー",,"ライトミドル","0P0337","2020/9/7","0","0","1"
"9219","S","アナターのオット!?はーです","S/アナターのオット!?はーです/BR",,"はーです","ミズホ","6号機","AT","0S0094","2020/9/7","0","0","1"
"9218","P","P鳳凰∞ライトミドル","P鳳凰∞LM",,,"マルホン",,"ライトミドル","0P0199","2020/8/17","0","0","1"
"9217","P","P交響詩篇エウレカセブン HI-EVOLUTION ZERO","PエウレカセブンハイエボゼロSEJD",,,"サミー",,"ライトミドル","0P0170","2020/8/3","0","1","1"
"9216","P","ぱちんこ 新・必殺仕置人 TURBO","PAぱちんこ新必殺仕置人TURBO-A8",,,"京楽",,"甘デジ","0P0308","2020/8/3","0","1","1"
"9215","P","PA GI DREAM駿","PA GIDREAM駿NU",,,"サンセイR&D",,"甘デジ","9P1734","2020/8/17","0","0","1"
"9214","P","Pツインループ花満開GLA","Pツインループ花満開GLA",,,"西陣",,"甘デジ","9P1820","2020/8/17","0","0","1"
"9213","P","Pおばけらんど怪 甘デジ","Pおばけらんど怪GLPおばけらんど怪GLS",,,"西陣",,"甘デジ","9P1616","2020/8/3","0","0","1"
"9212","S","ハイパーブラックジャック","SハイパーブラックジャックZG",,"ハイパーBJ","ネット","6号機","AT","0S0528","2020/8/17","0","0","1"
"9211","P","P遠山の金さん2 遠山桜と華の密偵","P遠山の金さん2 遠山桜と華の密偵JUD",,,"JFJ",,"ライトミドル","0P0198","2020/8/3","0","1","1"
"9210","P","PFアクエリオンALL STARS LIGHTver.","PAフィーバーアクエリオン6bY",,,"SANKYO",,"甘デジ","0P0365","2020/8/17","0","1","1"
"9209","S","OZ-1","SOZ1-01",,"OZ-1","オズ","6号機","A","9S1302","2020/5/18","0","0","1"
"9208","S","パチスロ言い訳はさせないわよ!by壇蜜","SダンミツBB",,"壇蜜","ボーダー","6号機","A","0S0160","2020/7/6","0","0","1"
"9207","S","パチスロ真・北斗無双","S パチスロ 真北斗無双 ZN",,"真・北斗無双","サミー","6号機","AT","9S1778","2020/7/20","0","0","1"
"9206","P","Pカナカナ2 with 桃乃木かな","Pカナカナ2with桃乃木かな",,,"マルホン",,"甘デジ","0P0095","2020/7/20","0","0","1"
"9205","P","P貞子3D2~呪われた12時間~","P貞子3D2S2B",,,"高尾",,"ミドル","0P0138","2020/7/20","0","1","1"
"9204","S","戦国コレクション4","S戦国コレクション4KF",,"戦国コレクション4","コナミアミューズメント","6号機","AT","0S0139","2020/8/17","0","0","1"
"9203","P","PダンガンロンパM6-V1","PダンガンロンパM6-V1",,,"ニューギン",,"ライトミドル","9P1773","2020/8/3","0","0","1"
"9202","S","シャア専用パチスロ 逆襲の赤い彗星","Sシャア専用パチスロ 逆襲の赤い彗星G",,"シャア専用","ビスティ","6号機","AT","0S0324","2020/8/3","0","0","1"
"9201","P","Fバイオハザード リベレーションズ2 LIGHTver.","PAフィーバーバイオハザード2Y",,,"SANKYO",,"甘デジ","9P1693","2020/7/20","0","0","1"
"9200","P","Fバイオハザード リベレーションズ2 1/199","Pフィーバーバイオハザード2T",,,"SANKYO",,"ライトミドル","9P1452","2020/7/20","0","0","1"
"9199","P","Pひぐらしのなく頃に~憩~","Pひぐらしのなく頃に~憩~AZ",,,"Daiichi",,"甘デジ","9P1770","2020/7/20","0","0","1"
"9198","P","PAぱちんこ ガラスの仮面N-K1","PAガラスの仮面N-K1",,,"ニューギン",,"甘デジ","9P1810","2020/7/20","0","0","1"
"9197","P","Pミニミニモンスター4LM","Pミニミニモンスター4LM",,,"竹屋",,"ライトミドル","9P1826","2020/7/20","0","0","1"
"9196","P","Pミニミニモンスター4a","Pミニミニモンスター4a",,,"竹屋",,"ライトミドル","9P1822","2020/7/20","0","0","1"
"9195","P","Pアナザーゴッドハーデス ザ・ワールド","Pアナザーゴッドハーデス2SC",,,"メーシー",,"ライトミドル","9P1899","2020/8/17","0","0","1"
"9194","P","Pリング 呪いの7日間2","Pリング 呪いの7日間2 JN",,,"JFJ",,"ミドル","0P0076","2020/5/11","0","1","1"
"9193","P","P一騎当千SS斬 呂蒙Ver.","P一騎当千斬SS V2A",,,"高尾",,"甘デジ","9P1430","2020/5/11","0","0","1"
"9192","S","ワンバーS-30","SワンバーS1-30",,"ワンバーS-30","ベルコ","6号機","AT","9S1884","2020/7/6","0","0","1"
"9191","P","PモモキュンソードMC","PモモキュンソードMC",,,"西陣",,"ライトミドル","0P0190","2020/7/6","0","1","1"
"9190","P","P烈火の炎3 TYPE-R","P烈火の炎3B40000H1AZ2",,,"平和",,"ミドル","9P1732","2020/4/20","0","0","1"
"9189","S","パチスロ BLACK LAGOON4","S ATブラックラグーン4SY",,"BLACK LAGOON4","スパイキー","6号機","AT","0S0042","2020/7/20","0","0","1"
"9188","P","Pスーパー海物語 IN JAPAN2 金富士 319バージョン","Pスーパー海物語INジャパン2STB",,,"三洋物産",,"ミドル","9P1612","2020/9/7","0","0","1"
"9187","P","Pスーパー海物語 IN JAPAN2 金富士 199バージョン","Pスーパー海物語INジャパン2SCB",,,"三洋物産",,"ライトミドル","9P1529","2020/9/7","0","0","1"
"9186","S","ハイドラ-30","SハイドラND-30",,"ハイドラ-30","カルミナ","6号機","AT","9S1091","2020/5/18","0","0","1"
"9185","P","PAFトータル・イクリプス LIGHTver.","PAフィーバートータル・イクリプスY",,,"SANKYO",,"甘デジ","9P1673","2020/5/18","0","0","1"
"9184","P","PAうる星やつら~ラムのLoveSong~","PAうる星やつらN-K",,,"ニューギン",,"甘デジ","9P1572","2020/5/11","0","0","1"
"9183","P","P戦国乙女6 暁の関ヶ原","P戦国乙女6M2AZ1Y",,,"アムテックス",,"ライトミドル","0P0078","2020/10/5","0","1","1"
"9182","P","PAガンスリンガー ストラトス 遊撃ver.","P GunslingerStratos THE ANIMATION A02",,,"大都技研",,"甘デジ","9P0814","2020/4/20","0","0","1"
"9181","S","押忍!サラリーマン番長2","S押忍!サラリーマン番長2A2",,"サラ番2","大都技研","6号機","AT","9S1687","2020/4/20","0","0","1"
"9180","P","PF真花月2夜桜バージョン","Pフィーバー真花月2S",,,"SANKYO",,"ライトミドル","0P0032","2020/4/20","0","1","1"
"9179","P","PF戦姫絶唱シンフォギア2","Pフィーバー戦姫絶唱シンフォギア2",,,"SANKYO",,"ライトミドル","9P1868","2020/4/20","0","0","1"
"9178","P","P元祖大工の源さん 199ver.","P元祖大工の源さんWCC",,,"三洋物産",,"ライトミドル","9P1683","2020/5/7","0","0","1"
"9177","P","PAコマコマ倶楽部@エイジセレクトY2F","PAコマコマ倶楽部@エイジセレクトY2F",,,"豊丸",,"甘デジ","9P1802","2020/4/6","0","0","1"
"9176","P","P10カウントチャージ絶狼","P10カウントチャージ絶狼MC",,,"サンセイR&D",,"ミドル","9P1824","2020/4/20","0","0","1"
"9175","P","P炎のドラム魂GA「PB機」","P炎のドラム魂GA",,,"ニューギン",,"ミドル","9P1751","2020/3/23","0","0","1"
"9174","S","Sヤッターマン絶対正義","Sヤッターマン絶対正義SE",,"ヤッターマン絶対正義","サンスリー","6号機","AT","9S1859","2020/5/7","0","0","1"
"9173","P","PビッグポップコーンA","PビッグポップコーンA",,,"A-gon",,"その他","0P0561","2021/8/2","0","0","1"
"9172","P","P13日の金曜日MA","P13日の金曜日MA",,,"西陣",,"ライトミドル","9P1887","2020/5/11","0","0","1"
"9171","P","P13日の金曜日GLA","P13日の金曜日GLA",,,"西陣",,"甘デジ","9P1915","2020/5/11","0","0","1"
"9170","S","Sパチスロダイナマイトキング極","Sパチスロダイナマイトキング極JJT",,"ダイナマイトキング極","D-light","6号機","AT","9S1214","2020/5/11","0","0","1"
"9169","P","P戦国BASARA","P戦国BASARA L4-7V1",,,"ニューギン",,"ライトミドル","9P1759","2020/4/6","0","0","1"
"9168","P","P大工の源さん 超韋駄天","P大工の源さん超韋駄天YTA",,,"三洋物産",,"ミドル","9P1784","2020/4/20","0","0","1"
"9167","P","新世紀エヴァンゲリオン~シト、新生~PREMIUM MODEL","P新世紀エヴァンゲリオン シト、新生Y",,,"ビスティ",,"甘デジ","9P1592","2020/3/23","0","0","1"
"9166","P","P ROKUROKU 6000Ver.","PロクロクL1C",,,"高尾",,"ミドル","9P1450","2020/4/6","0","0","1"
"9165","P","Pひぐらしのなく頃に~廻~219ver.","Pひぐらしのなく頃に~廻~AG-S",,,"Daiichi",,"ライトミドル","9P1460","2020/5/11","0","0","1"
"9164","S","エヴァンゲリオン フェスティバル","SエヴァンゲリオンフェスティバルR",,"エヴァ フェスティバル","ビスティ","6号機","AT","9S1599","2020/3/2","0","0","1"
"9163","S","パチスロ モンキーターンIV","Sモンキーターン4ZDD",,"モンキーターンIV","山佐","6号機","AT","9S1729","2020/5/11","0","0","1"
"9162","P","Pホームランキング","Pホームランキング9AV2S",,,"アムテックス",,"甘デジ","9P1272","2020/3/2","0","0","1"
"9161","P","D-CLOCK","P D-CLOCK1",,,"マルホン",,"ライトミドル","9P1832","2020/4/20","0","0","1"
"9160","S","スペリオーレ","SスペリオーレBB",,"スペリオーレ","バルテック","6号機","AT","9S1368","2020/3/16","0","0","1"
"9159","P","P戦国乙女5 甘デジ","P戦国乙女5 9AU1",,,"アムテックス",,"甘デジ","9P0921","2020/3/16","0","0","1"
"9158","S","回胴黙示録カイジ~沼~","S カイジ沼 KR",,"カイジ沼","サミー","6号機","AT","9S1396","2020/10/19","0","0","1"
"9157","P","PAぱちんこ 新・必殺仕置人 TURBO GORAKU Version「PB機」","PAぱちんこ新必殺仕置人TURBO-G1",,,"京楽",,"甘デジ","9P1484","2020/3/2","0","0","1"
"9156","S","いろはに愛姫","Sいろはに愛姫PA5",,"いろはに愛姫","パオン・ディーピー","6号機","ART","9S1421","2020/3/2","0","0","1"
"9155","S","サンダーVライトニング","S/サンダーVライトニング/TH",,"サンダーVライトニング","アクロス","6号機","A","9S1588","2020/4/20","0","0","1"
"9154","S","沖ドキ!2-30","S/沖ドキ!2/SA-30",,"沖ドキ!2-30","アクロス","6号機","AT","8S1437","2020/5/18","0","0","1"
"9153","P","PAでかちりラッシュ","PAデカチリラッシュAE",,,"メーシー",,"甘デジ","9P1494","2020/3/2","0","0","1"
"9152","S","パチスロ咲-Saki-","S咲-Saki-SH",,"パチスロ咲-Saki-","サンスリー","6号機","AT","9S1511","2020/4/6","0","0","1"
"9151","S","ビッグシオ-30","SビッグシオSP-30",,"ビッグシオ-30","パイオニア","6号機","AT","9S1516","2020/5/18","0","0","1"
"9150","P","P GI DREAMROAD","P GI DREAMROAD-MH",,,"サンセイR&D",,"ライトミドル","9P1582","2020/4/6","0","0","1"
"9149","P","P銀河鉄道999 PREMIUM","P銀河鉄道999 2H1AU6",,,"アムテックス",,"ミドル","9P1769","2020/3/23","0","0","1"
"9148","P","P DD北斗の拳~主役はジャギ!!~ユリアVer.","PA DD北斗の拳 主役はジャギT3A",,,"高尾",,"甘デジ","9P1517","2020/3/2","0","0","1"
"9147","S","パチスロ〈物語〉シリーズ セカンドシーズン","S物語セカンドシーズンXA",,"化物語2","サミー","6号機","AT","9S1727","2020/3/16","0","0","1"
"9146","P","P天昇!姫相撲","P天昇!姫相撲~大横綱ver~AC-T",,,"Daiichi",,"その他","9P1579","2020/3/2","0","0","1"
"9145","P","PAスーパー海物語IN地中海SBA","PAスーパー海物語IN地中海SBA",,,"三洋物産",,"甘デジ","9P1367","2020/3/2","0","0","1"
"9144","S","みうのおしゃべりパチスロ","SみうスロM1",,"みうスロ","岡崎産業","6号機","AT","9S0093","2020/3/16","0","0","1"
"9143","P","Pデカビスカス","P光れ!デカビスカスHD",,,"西陣",,"その他","9P1710","2020/4/6","0","0","1"
"9142","S","スナイパイ71","Sスナイパイ71CC",,"スナイパイ71","ネット","6号機","AT","9S1644","2020/4/6","0","0","1"
"9141","S","S地獄少女 あとはあなたが決めることよ","S地獄少女 あとはあなたが決めることよFD",,"地獄少女 あとはあなた","藤商事","6号機","AT","9S1436","2020/3/2","0","0","1"
"9140","P","Pルパン三世~神々への予告状~甘デジ","Pルパン三世LASTGOLD 9AU1",,,"平和",,"甘デジ","9P0729","2020/2/17","0","0","1"
"9139","P","ヱヴァンゲリヲン13 エクストラモデル","PAヱヴァンゲリヲン13EX YZ",,,"ビスティ",,"甘デジ","9P1282","2020/2/3","0","0","1"
"9138","P","鉄拳 極 SWEET COMBO VER.","PA鉄拳3Y",,,"ビスティ",,"甘デジ","9P1596","2020/2/3","0","0","1"
"9137","P","P真・北斗無双 第2章 頂上決戦","P真北斗無双第2章頂上決戦SEA",,,"サミー",,"ライトミドル","9P0743","2020/3/16","0","0","1"
"9136","S","パチスロ ファンタシースターオンライン2","S SLOT PSO2 MB",,"PSO2","サミー","6号機","AT","9S1571","2020/2/25","0","0","1"
"9135","P","デジハネPあの日見た花の名前を僕達はまだ知らない。","PデジハネあのはなGSC",,,"サミー",,"甘デジ","9P1678","2020/3/2","0","0","1"
"9134","S","キングオブジャック","SキングオブジャックJ1",,"キングオブジャック","ベルコ","6号機","AT","9S1478","2020/3/2","0","0","1"
"9133","P","PA CYBORG009 N-X1","PA CYBORG009 N-X1",,,"ニューギン",,"甘デジ","9P1321","2020/3/16","0","0","1"
"9132","S","新鬼武者~DAWN OF DREAMS~","S新鬼武者ZC",,"新鬼武者","エンターライズ","6号機","AT","9S1474","2020/3/23","0","0","1"
"9131","S","DIAMOND","Sオリスロ3AA",,,"JPS","6号機","A","9S1375","2020/2/25","0","0","1"
"9130","S","スロまる",,,,"JPS","6号機","A",,"2020/2/25","0","0","1"
"9129","S","パチスロ123",,,,"JPS","6号機","A",,"2020/1/27","0","0","1"
"9128","S","ハイパーアピエル",,,,"JPS","6号機","A",,"2020/1/6","0","0","1"
"9127","P","P真・黄門ちゃま","P真黄門ちゃまH1AZ5",,,"平和",,"ミドル","9P1540","2020/3/2","0","0","1"
"9126","S","アイムジャグラーEX","SアイムジャグラーEX-TP",,"Sアイム","北電子","6号機","A","9S1309","2020/12/14","0","0","1"
"9125","S","パチスロ ハナペカ","SハナペカY",,"ハナペカ","ニューギン","6号機","AT","9S1163","2020/3/2","0","0","1"
"9124","P","P笑点","P笑点MU",,,"サンセイR&D",,"ライトミドル","9P1322","2020/3/2","0","0","1"
"9123","S","パチスロ ケロット4","Sケロット4CC",,"ケロット4","セブンリーグ","6号機","A","9S1291","2020/3/2","0","0","1"
"9122","P","PFアクエリオンALL STARS","Pフィーバーアクエリオン6bV",,,"SANKYO",,"ミドル","9P1674","2020/3/2","0","0","1"
"9121","P","PF機動戦士ガンダム逆襲のシャア Light ver.","PAフィーバー機動戦士ガンダム逆襲のシャアY",,,"SANKYO",,"甘デジ","9P1085","2020/3/16","0","0","1"
"9120","P","PAスーパー海物語IN地中海GO「PB機」","PAスーパー海物語IN地中海GO",,,"三洋物産",,"甘デジ","9P1419","2020/3/2","0","0","1"
"9119","P","PヤッターマンVVV","PヤッターマンVVV-YCE",,,"サンスリー",,"ライトミドル","9P1424","2020/3/2","0","0","1"
"9118","P","Pゴッドイーターアマデジ神撃90Ver.","PゴッドイーターMBY",,,"サンセイR&D",,"甘デジ","9P0623","2020/2/17","0","0","1"
"9117","P","Pゴッドイーター神撃90Ver.","PゴッドイーターREY3",,,"サンセイR&D",,"ライトミドル","9P1433","2020/2/17","0","0","1"
"9116","P","P地獄少女四","P地獄少女 四JG",,,"JFJ",,"ミドル","9P1324","2020/2/17","0","0","1"
"9115","P","ぱちんこ 新鬼武者 狂鬼乱舞 Light Version","PAぱちんこ新鬼武者ズバババ90A1",,,"オッケー.",,"甘デジ","9P1180","2020/1/6","0","0","1"
"9114","S","SLOTバジリスク~甲賀忍法帖~絆2","S/甲賀忍法帖/LL",,"絆2","ミズホ","6号機","AT","9S1461","2020/2/17","0","0","1"
"9113","S","パチスロ 花伝 30φ","S花伝M9-30",,"花伝 30φ","アムテックス","6号機","AT","9S1503","2020/1/27","0","0","1"
"9112","P","ぱちんこGI優駿倶楽部","P GI優駿倶楽部MU",,,"コナミアミューズメント",,"ライトミドル","9P1061","2020/3/2","0","0","1"
"9111","S","パチスロ 青鬼","Sパチスロ青鬼ver1.000L4",,"青鬼","オリンピア","6号機","AT","9S1409","2020/2/3","0","0","1"
"9110","P","P弾球黙示録カイジ沼4 カイジVer.","Pカイジ沼4S1B",,,"高尾",,"ミドル","9P1059","2020/2/17","0","0","1"
"9109","P","P蒼天の拳 双龍","P蒼天の拳双龍SFG",,,"サミー",,"ミドル","9P1492","2020/2/17","0","0","1"
"9108","P","ぱちんこ ウルトラ6兄弟","Pぱちんこウルトラ6兄弟K3",,,"オッケー.",,"ミドル","9P1392","2020/1/20","0","0","1"
"9107","S","探偵オペラ ミルキィホームズ 1/2の奇跡","SミルキィホームズND",,"ミルキィ1/2","カルミナ","6号機","AT","9S1338","2020/1/20","0","0","1"
"9106","P","P魔法少女リリカルなのは -2人の絆-","P魔法少女リリカルなのは2XCB",,,"三洋物産",,"ライトミドル","9P1039","2020/2/3","0","0","1"
"9105","P","ミリオンヴィーナス","PミリオンヴィーナスNA6",,,"コナミアミューズメント",,"ミドル","8P0871","2019/12/16","0","0","1"
"9104","P","P花の慶次~蓮","P花の慶次~蓮L16-V",,,"ニューギン",,"ミドル","9P1115","2020/2/3","0","0","1"
"9103","S","パチスロたまピー","S TMP AA",,,"JPS","6号機","A","9S1166","2019/12/23","0","0","1"
"9102","P","Fマクロスデルタ V-ラッシュ ver.","PフィーバーマクロスΔY",,,"SANKYO",,"甘デジ","9P1560","2020/2/17","0","0","1"
"9101","P","PA怪盗おそ松さん","PAハネモノ怪盗おそ松さんHC-R",,,"D-light",,"その他","9P0815","2020/2/3","0","0","1"
"9100","P","P春夏秋冬GLB","P春夏秋冬GLB",,,"西陣",,"甘デジ","9P1241","2020/1/20","0","0","1"
"9099","P","P闘将覇伝","P闘将覇伝HSJ-W",,,"ジェイビー",,"ミドル","9P1344","2020/2/3","0","0","1"
"9098","P","アマデジPA笑ゥせぇるすまん ドーンといきまSHOW","PA笑ゥせぇるすまんRGY",,,"サンセイR&D",,"甘デジ","9P0869","2020/1/6","0","0","1"
"9097","P","P笑ゥせぇるすまん ドーンといきまSHOW 199ver.","P笑ゥせぇるすまんRCY2",,,"サンセイR&D",,"ライトミドル","9P0917","2020/1/6","0","0","1"
"9096","P","Pビッグドリーム2激神","Pビッグドリーム2GFE",,,"サミー",,"ミドル","9P1390","2020/1/20","0","0","1"
"9095","P","P春夏秋冬MA","P春夏秋冬MA",,,"西陣",,"ライトミドル","9P1162","2020/1/20","0","0","1"
"9094","P","P春夏秋冬ZB","P春夏秋冬ZB",,,"西陣",,"ミドル","9P0797","2020/1/20","0","0","1"
"9093","S","スカイガールズ~ゼロノツバサ~","SスカイガールズKK",,"スカイガールズ","コナミアミューズメント","6号機","AT","9S1387","2020/1/20","0","0","1"
"9092","S","パチスロ 花伝 25φ","S花伝M4",,"花伝 25φ","アムテックス","6号機","AT","9S1112","2020/1/20","0","0","1"
"9091","S","Sリング 恐襲ノ連鎖","Sリング 恐襲ノ連鎖JA",,"リング 恐襲ノ連鎖","JFJ","6号機","AT","9S0912","2020/1/6","0","0","1"
"9090","P","ぱちんこ AKB48 ワン・ツー・スリー!! フェスティバル","PぱちんこAKB48ワンツースリーフェスティバルL1",,,"京楽",,"ライトミドル","9P1176","2019/12/2","0","0","1"
"9089","P","Pほのかとクールポコと、ときどき武藤敬司Y3F","Pほのかとクールポコと、ときどき武藤敬司Y3F",,,"豊丸",,"ライトミドル","9P0847","2020/1/14","0","0","1"
"9088","P","Pホー助くん","Pホー助くんYKBU2",,,"アムテックス",,"その他","9P0353","2019/12/16","0","0","1"
"9087","P","Pひぐらしのなく頃に~廻~319ver.","Pひぐらしのなく頃に~廻~AM",,,"Daiichi",,"ミドル","9P1332","2020/1/6","0","0","1"
"9086","P","P暴れん坊将軍 炎獄鬼神の怪 FW設定付","P暴れん坊将軍 炎獄鬼神の怪FW設定付",,,"藤商事",,"甘デジ","9P0502","2019/12/2","0","0","1"
"9085","P","P暴れん坊将軍 炎獄鬼神の怪 設定付 GO2「PB機」","P暴れん坊将軍 炎獄鬼神の怪 設定付GO2",,,"藤商事",,"甘デジ","9P0614","2019/12/2","0","0","1"
"9084","S","パチスロ交響詩篇エウレカセブン3 HI-EVOLUTION ZERO","Sエウレカセブン3 HIEVO ZR","パチスロ交響詩篇エウレカセブン3","エウレカセブン3","サミー","6号機","AT","9S1265","2019/12/9","0","0","1"
"9083","P","キュインぱちんこ P南国育ち デカパトver.","P南国育ち5H1AZ9",,,"アムテックス",,"ミドル","9P1083","2020/1/6","0","0","1"
"9082","P","新世紀エヴァンゲリオン~シト、新生~","P新世紀エヴァンゲリオン シト、新生G",,,"ビスティ",,"ミドル","9P1121","2019/12/16","0","0","1"
"9081","S","パチスロ1000ちゃん","Sパチスロ1000ちゃんPX",,"1000ちゃん","オーイズミ","6号機","AT","9S1223","2020/1/6","0","0","1"
"9080","P","Pちょいパチ海物語3R2","Pちょいパチ海物語3R2A",,,"三洋物産",,"甘デジ","9P1069","2020/1/6","0","0","1"
"9079","P","PA海物語3R2","PA海物語3R2F",,,"三洋物産",,"甘デジ","9P0812","2020/1/6","0","0","1"
"9078","P","Pぱちんこ ガラスの仮面ML-K1","Pガラスの仮面ML-K1",,,"ニューギン",,"ライトミドル","9P1079","2020/1/6","0","0","1"
"9077","P","Pぱちんこ ガラスの仮面M-K1","Pガラスの仮面M-K1",,,"ニューギン",,"ミドル","9P0629","2020/1/6","0","0","1"
"9076","P","PAぶいぶい!ゴジラ N4-K6","PAぶいぶい!ゴジラN4-K6",,,"ニューギン",,"甘デジ","9P1153","2019/12/2","0","0","1"
"9075","P","PAぶいぶい!ゴジラ N-K1","PAぶいぶい!ゴジラN-K1",,,"ニューギン",,"甘デジ","9P1067","2019/12/2","0","0","1"
"9074","P","Pバジリスク~甲賀忍法帖~2","Pバジリスク2MD",,,"メーシー",,"ミドル","9P1230","2019/12/16","0","0","1"
"9073","P","Fバイオハザード リベレーションズ2","Pフィーバーバイオハザード2Z",,"大工の源さん 超韋駄天 BLACK","SANKYO",,"ミドル","9P1274","2020/1/6","0","0","1"
"9072","P","F蒼穹のファフナー2 Light ver.","PA蒼穹のファフナー2Y",,"ファフナー2 Light ver.C952","SANKYO",,"甘デジ","8P1124","2020/1/6","0","0","1"
"9071","P","ぱちんこ AKB48-3 誇りの丘 Light Version","PぱちんこAKB48-3A10",,,"京楽",,"甘デジ","9P1041","2019/11/18","0","0","1"
"9070","P","P一騎当千SS斬 孫策Ver.","P一騎当千斬SS V1F",,,"高尾",,"ミドル","9P1226","2019/12/16","0","0","1"
"9069","P","P貞子vs伽椰子 頂上決戦","P貞子vs伽椰子 頂上決戦FUZ",,,"藤商事",,"ミドル","9P1050","2019/12/16","0","0","1"
"9068","S","S沖っ娘","S沖っ娘25/A4",,"沖っ娘","サンセイR&D","6号機","AT","9S1022","2019/12/9","0","0","1"
"9067","S","プレドキ!",,,,"JPS","6号機","AT",,"2019/10/21","0","0","1"
"9066","S","S喰霊-零- 運命乱~うんめいのみだれ~","S喰霊零 運命乱JJ",,"喰霊-零- 運命乱","JFJ","6号機","AT","9S0621","2019/12/2","0","0","1"
"9065","P","P13日の金曜日ZB","P13日の金曜日ZB",,,"西陣",,"ミドル","9P1031","2019/12/2","0","0","1"
"9064","P","P華牌R~猿渡翔がローズテイルにやってきた~","P華牌R Y2F",,,"豊丸",,"ライトミドル","9P0666","2019/11/5","0","0","1"
"9063","S","パチスロ トータル・イクリプス2","Sトータル・イクリプス2R",,"トータル・イクリプス2","SANKYO","6号機","AT","9S0862","2019/12/2","0","0","1"
"9062","S","ドリームクルーン2","Sドリームクルーン2CX",,"ドリームクルーン2","オーイズミ","6号機","AT","9S0550","2019/12/2","0","0","1"
"9061","S","マジカルハロウィン7","Sマジカルハロウィン7KU",,"マジカルハロウィン7","コナミアミューズメント","6号機","AT","9S0866","2019/12/2","0","0","1"
"9060","P","PA元祖大工の源さん","PA元祖大工の源さんWBE",,,"三洋物産",,"甘デジ","9P0934","2019/12/2","0","0","1"
"9059","P","PA咲-Saki-阿知賀編 99バージョン","PA咲-Saki-阿知賀編MBB",,,"三洋物産",,"甘デジ","9P1048","2019/12/2","0","0","1"
"9058","P","Pちょいパチ清流物語3 XBG","Pちょいパチ清流物語3XBG",,,"サンスリー",,"甘デジ","9P0854","2019/11/5","0","0","1"
"9057","S","Sルパン三世 イタリアの夢","Sルパン三世イタリアの夢H5",,"ルパンイタリア","平和","6号機","AT","9S0828","2019/12/2","0","0","1"
"9056","P","P烈火の炎3","P烈火の炎3H1AZ4",,,"平和",,"ミドル","9P0973","2019/11/18","0","0","1"
"9055","S","パチスロ サラリーマン金太郎~MAX~","Sサラリーマン金太郎~MAX~X2",,"サラ金~MAX~","エキサイト","6号機","AT","9S0872","2019/11/5","0","0","1"
"9054","S","天下布武4","S天下布武4HH",,"天下布武4","セブンリーグ","6号機","AT","9S0899","2019/12/2","0","0","1"
"9053","S","PYRAMID EYE","S PYRAMID EYE A2",,"PYRAMID EYE","大都技研","6号機","A","8S0809","2019/10/21","0","0","1"
"9052","P","P忍者ハットリくん~決戦!サイバーからくり城の巻~中忍ver","P忍者ハットリくん4AG-S",,,"Daiichi",,"ライトミドル","9P0855","2019/11/5","0","0","1"
"9051","P","P忍者ハットリくん~決戦!サイバーからくり城の巻~","P忍者ハットリくん4AM-S",,,"Daiichi",,"ミドル","9P0919","2019/11/5","0","0","1"
"9050","P","P牙狼コレクション","P牙狼コレクションRJ",,,"サンセイR&D",,"ライトミドル","9P0893","2019/11/5","0","0","1"
"9049","P","ぱちんこ 劇場版 魔法少女まどか☆マギカ","Pぱちんこ魔法少女まどか☆マギカ2H5",,,"京楽",,"ミドル","9P1033","2019/10/21","0","0","1"
"9048","P","PA緋弾のアリアAA JD設定付","PA緋弾のアリアAA JD設定付",,,"JFJ",,"甘デジ","9P0879","2019/11/5","0","0","1"
"9046","P","P鳳凰∞","P鳳凰∞2",,,"マルホン",,"ミドル","9P1017","2019/11/18","0","0","1"
"9045","P","PFトータル・イクリプス","Pフィーバートータル・イクリプスV",,,"SANKYO",,"ライトミドル","9P0945","2019/11/18","0","0","1"
"9044","P","PAFスーパー戦隊 LIGHT ver.","PAフィーバースーパー戦隊Y",,,"SANKYO",,"甘デジ","9P0484","2019/12/2","0","0","1"
"9043","P","PハイスクールD×D GLA","PハイスクールD×D GLA",,,"西陣",,"甘デジ","9P0767","2019/11/18","0","0","1"
"9042","P","P CYBORG009 GO「PB機」","P CYBORG009GO",,,"ニューギン",,"甘デジ","9P0194","2019/10/7","0","0","1"
"9041","P","Pデビルメイクライ4 アウトオブリミット","Pデビルメイクライ4AA",,,"メーシー",,"ライトミドル","9P0382","2019/10/21","0","0","1"
"9040","S","パチスロ北斗の拳 天昇","Sパチスロ北斗の拳AB XR",,"北斗の拳 天昇","サミー","6号機","AT","9S0954","2019/11/5","0","0","1"
"9039","P","デジハネP七つの大罪 エリザベスVer.","Pデジハネ七つの大罪CXE",,,"サミー",,"ライトミドル","8P1171","2019/11/5","0","0","1"
"9038","P","P華牌R~猿渡翔がローズテイルにやってきた~GO「PB機」","P華牌R GO",,,"豊丸",,"甘デジ","9P0787","2019/11/5","0","0","1"
"9037","P","デジハネPAガオガオキング3","PAデジハネガオガオキング3SWQA",,,"サミー",,"甘デジ","9P0966","2019/10/21","0","0","1"
"9036","P","Pガオガオキング3","Pガオガオキング3EWA",,,"サミー",,"ライトミドル","9P0763","2019/10/21","0","0","1"
"9035","S","パチスロ 蒼穹のファフナー EXODUS","S蒼穹のファフナーEXODUS bA",,"蒼穹のファフナー EX","SANKYO","6号機","AT","8S1335","2019/10/28","0","0","1"
"9034","P","P亜人~衝戟に備えろ!~199ver.","P亜人L9BY1",,,"平和",,"ライトミドル","9P0549","2019/11/5","0","0","1"
"9033","P","P亜人~衝戟の全突フルスペック!~319ver.","P亜人H1AZ1",,,"平和",,"ミドル","9P0641","2019/11/5","0","0","1"
"9032","S","闘魂継承アントニオ猪木という名のパチスロ機","S闘魂継承アントニオ猪木L3","闘魂継承アントニオ猪木","闘魂継承アントニオ猪木","オリンピア","6号機","AT","9S0824","2019/10/21","0","0","1"
"9031","S","カードバトルパチスロ ガンダム クロスオーバー","S GUNDAM X-OVER A","ガンダム クロスオーバー","ガンダム クロスオーバー","ビスティ","6号機","AT","9S0712","2019/10/7","0","0","1"
"9030","P","P義風堂々!!~兼続と慶次~2 M6-X","P義風堂々!!~兼続と慶次~2M6-X",,,"ニューギン",,"ライトミドル","9P0915","2019/10/7","0","0","1"
"9029","S","S 呪怨 再誕AT","S呪怨 再誕AT FC",,"呪怨 再誕","藤商事","6号機","AT","9S0114","2019/10/15","0","0","1"
"9028","P","羽根モノ スカイレーサー","PスカイレーサーDX",,,"ジェイビー",,"その他","9P0437","2019/10/15","0","0","1"
"9027","P","Pクイーンズブレイド3 レイナver.","Pクイーンズブレイド3S1E",,,"高尾",,"ミドル","9P0813","2019/10/21","0","0","1"
"9026","P","PFアクエリオンW 気持ちいい~!ver.","PフィーバーアクエリオンW Y",,,"SANKYO",,"甘デジ","8P0399","2019/10/15","0","0","1"
"9025","P","PFマクロスフロンティア3 Light ver.","PAフィーバーマクロスフロンティア3Y",,,"SANKYO",,"甘デジ","8P0896","2019/10/15","0","0","1"
"9024","P","Pトキオブラック4500","Pトキオブラック4500V1",,,"アムテックス",,"その他","8P1252","2019/9/30","0","0","1"
"9023","P","ぱちんこ 新鬼武者 狂鬼乱舞","Pぱちんこ新鬼武者ズバババ90XX9",,,"オッケー.",,"ミドル","9P0656","2019/9/17","0","0","1"
"9022","P","Pヱヴァンゲリヲン13ごらくモデル「PB機」","PAヱヴァンゲリヲン~超覚醒~GO1",,,"ビスティ",,"甘デジ","9P0237","2019/9/2","0","0","1"
"9021","P","ヱヴァンゲリヲン13 プレミアムモデル","PAヱヴァンゲリヲン~超覚醒~YR",,,"ビスティ",,"甘デジ","9P0153","2019/9/2","0","0","1"
"9020","P","Pジューシーハニー2REY2","Pジューシーハニー2REY2",,,"サンセイR&D",,"ライトミドル","8P0581","2019/9/17","0","0","1"
"9019","P","Pツインループ花満開","Pツインループ花満開XD",,,"西陣",,"ミドル","9P0694","2019/10/7","0","0","1"
"9018","P","P義風堂々!!~兼続と慶次~2 M3-X","P義風堂々!!~兼続と慶次~2M3-X",,,"ニューギン",,"ライトミドル","9P0669","2019/10/7","0","0","1"
"9017","P","PAスーパー海物語IN JAPAN2 with 太鼓の達人","PAスーパー海物語INジャパン2MG",,,"三洋物産",,"甘デジ","9P0719","2019/10/7","0","0","1"
"9016","P","ぱちんこ ウルトラセブン2 Light Version","PAぱちんこウルトラセブン2A6",,,"京楽",,"甘デジ","9P0631","2019/9/2","0","0","1"
"9015","P","ayumi hamasaki~LIVE in CASINO~ 設定搭載ver.","P浜崎あゆみKG-F",,,"D-light",,"ライトミドル","9P0711","2019/10/7","0","0","1"
"9014","P","ayumi hamasaki~LIVE in CASINO~","P浜崎あゆみKG-JJF",,,"D-light",,"ライトミドル","9P0759","2019/10/7","0","0","1"
"9013","S","パチスロ 南国娘2-30","S南国娘2MA4-30",,"南国娘2-30","アムテックス","6号機","AT","8S1147","2019/10/7","0","0","1"
"9012","S","パチスロ 南国娘2","S南国娘2H2",,"南国娘2","平和","6号機","AT","8S1296","2019/10/7","0","0","1"
"9011","S","ドラゴンホイール","SドラゴンホイールKT",,"ドラゴンホイール","コナミアミューズメント","6号機","AT","9S0098","2019/10/7","0","0","1"
"9010","P","PF機動戦士ガンダム 逆襲のシャア","Pフィーバー機動戦士ガンダム逆襲のシャアZ",,,"SANKYO",,"ライトミドル","9P0732","2019/9/17","0","0","1"
"9009","P","P巨人の星~栄光の軌跡~連戦連勝version","P巨人の星2-RFY",,,"サンセイR&D",,"ライトミドル","9P0390","2019/8/19","0","0","1"
"9008","P","PA巨人の星~栄光の軌跡~Light version","PA巨人の星2-RLY",,,"サンセイR&D",,"甘デジ","9P0499","2019/8/19","0","0","1"
"9007","S","パチスロ ラブ嬢2","Sパチスロラブ嬢2L2",,"ラブ嬢2","オリンピア","6号機","AT","9S0385","2019/9/17","0","0","1"
"9006","P","PA聖闘士星矢4 The Battle of ""限界突破""","PA聖闘士星矢4XBD",,,"三洋物産",,"甘デジ","9P0602","2019/9/17","0","0","1"
"9005","P","P Rewrite GLA","P Rewrite GLA",,,"西陣",,"甘デジ","9P0105","2019/9/17","0","0","1"
"9004","P","Pぶいぶい!ゴジラ かいじゅう大集合!!","Pぶいぶい!ゴジラM3-K1",,,"ニューギン",,"ライトミドル","9P0520","2019/9/2","0","0","1"
"9003","S","バンバンクロス","S BANG BANG CROSS SA1",,"バンバンクロス","サボハニ","6号機","A","9S0435","2019/8/5","0","0","1"
"9002","P","Pガンスリンガー ストラトス","P GunslingerStratos THE ANIMATION L01",,,"大都技研",,"ライトミドル","9P0325","2019/8/5","0","0","1"
"9001","P","PA春一番~花札昇舞~GO「PB機」","PA春一番~花札昇舞~GO",,,"西陣",,"甘デジ","9P0436","2019/8/5","0","0","1"
"9000","P","Pキャッツ・アイ~最高のお宝、頂きに上がります~SweetTreasures ver.","Pキャッツアイ2L2BZ1SA",,,"アムテックス",,"ライトミドル","8P0993","2019/8/19","0","0","1"
"8999","P","P銭形平次2","P銭形平次2V2L",,,"高尾",,"ライトミドル","9P0553","2019/9/2","0","0","1"
"8998","S","OVER-SLOT「AINZ OOAL GOWN絶対支配者光臨」","SパチスロオーバーロードYX","OVER-SLOT「アインズ・ウール・ゴウン絶対支配者光臨」","オバロ","オーイズミ","6号機","AT","9S0570","2019/8/19","0","0","1"
"8997","P","Pルパン三世~神々への予告状~","Pルパン三世LASTGOLD L9BW4S",,,"平和",,"ライトミドル","9P0048","2019/9/2","0","0","1"
"8996","S","パチスロ TIGER & BUNNY","Sパチスロタイガー&バニーHZ","タイガー&バニー","TIGER & BUNNY","山佐","6号機","AT","9S0603","2019/9/2","0","0","1"
"8995","P","ゴールドマックス 限界突破!!!!!","PゴールドマックスLM1",,,"コナミアミューズメント",,"ミドル","8P0940","2019/9/2","0","0","1"
"8994","P","P一騎当千 サバイバルソルジャー 甘デジVer.","P一騎当千SS3S2C",,,"高尾",,"甘デジ","9P0012","2019/8/5","0","0","1"
"8993","P","P北斗の拳8覇王","P北斗の拳8覇王FQA",,,"サミー",,"ミドル","9P0480","2019/9/2","0","0","1"
"8992","P","PFマクロスΔ 設定付","PフィーバーマクロスΔA",,,"SANKYO",,"ライトミドル","9P0311","2019/8/5","0","0","1"
"8991","P","PFマクロスΔ","PフィーバーマクロスΔF",,,"SANKYO",,"ライトミドル","9P0318","2019/8/5","0","0","1"
"8990","S","SLOT WONDER AGENTS",,,,"JPS","6号機","AT",,"2019/7/8","0","0","1"
"8989","S","花娘",,,"花娘","JPS","6号機","AT",,"2019/8/19","0","0","1"
"8988","S","BELLE CITY",,,"BELLE CITY","JPS","6号機","AT",,"2019/8/5","0","0","1"
"8987","S","タマどき!",,,"タマどき!","JPS","6号機","AT",,"2019/10/7","0","0","1"
"8986","S","どき!すろ","Sオリスロ2AA",,"どき!すろ","JPS","6号機","AT","9S0186","2019/8/19","0","0","1"
"8985","P","鉄拳 極","P鉄拳3",,,"ビスティ",,"ライトミドル","9P0378","2019/8/19","0","0","1"
"8984","S","SLOT劇場版魔法少女まどか☆マギカ[新編]叛逆の物語","S/叛逆の物語/FH","まどか☆マギカ叛逆の物語","まどか叛逆","メーシー","6号機","AT","9S0698","2019/9/2","0","0","1"
"8983","P","Pリング バースデイ 呪いの始まり設定付","Pリング バースデイ 呪いの始まりFRX設定付",,,"藤商事",,"ミドル","9P0164","2019/8/5","0","0","1"
"8982","P","ぱちんこ 新・必殺仕置人","Pぱちんこ新必殺仕置人K3",,,"京楽",,"ミドル","9P0040","2019/7/22","0","0","1"
"8981","S","麻雀格闘倶楽部参","S麻雀格闘倶楽部3KR",,"麻雀格闘倶楽部3","コナミアミューズメント","6号機","AT","9S0023","2019/8/5","0","0","1"
"8980","P","Pハイスクール・フリート","Pハイスクール・フリートMA",,,"メーシー",,"ミドル","9P0408","2019/8/19","0","0","1"
"8979","P","P沖7BLACK","P沖7BLACK",,,"マルホン",,"ライトミドル","9P0462","2019/8/19","0","0","1"
"8978","P","Pおばけらんど怪XA","Pおばけらんど怪XA",,,"西陣",,"ライトミドル","8P1323","2019/8/19","0","0","1"
"8977","P","Pおばけらんど怪ZA","Pおばけらんど怪ZA",,,"西陣",,"ミドル","9P0297","2019/8/19","0","0","1"
"8976","P","Pおばけらんど怪ZBS","Pおばけらんど怪ZBS",,,"西陣",,"ミドル","9P0454","2019/8/19","0","0","1"
"8975","S","スーパービンゴギャラクシー","SスーパービンゴギャラクシーG3",,"Sビンゴギャラクシー","ベルコ","6号機","AT","8S1314","2019/9/17","0","0","1"
"8974","P","Pターミネーター2~連撃FULL AUTO VER.~","Pターミネーター2L1BS1S",,,"平和",,"甘デジ","8P0835","2019/7/22","0","0","1"
"8973","P","P春一番~花札昇舞~GLB","P春一番~花札昇舞~GLB",,,"西陣",,"甘デジ","9P0314","2019/8/5","0","0","1"
"8972","P","Pすしざんまい極上5700","Pすしざんまい極上W2A",,,"豊丸",,"その他","9P0083","2019/8/19","0","0","1"
"8971","P","P戦国乙女5 1/219~1/184ver.","P戦国乙女5 M1BU2S",,,"アムテックス",,"ライトミドル","8P1285","2019/8/5","0","0","1"
"8970","S","パチスロあの日見た花の名前を僕達はまだ知らない。","SあのはなZM","あのはな","あのはな","サミー","6号機","AT","9S0405","2019/8/5","0","0","1"
"8968","S","ハイハイシオサイ","SハイハイシオサイHY",,"ハイハイシオサイ","パイオニア","6号機","A","9S0041","2019/8/5","0","0","1"
"8967","P","Pドラム海物語IN沖縄 桜バージョン","Pドラム海物語IN沖縄桜SBE",,,"サンスリー",,"ライトミドル","9P0368","2019/8/5","0","0","1"
"8966","P","Pあの日見た花の名前を僕達はまだ知らない。","PあのはなSLJA",,,"サミー",,"ライトミドル","9P0276","2019/8/5","0","0","1"
"8965","P","P彼岸島RPY","P彼岸島RPY",,,"サンセイR&D",,"甘デジ","8P1136","2019/6/24","0","0","1"
"8964","S","パチスロ 天元突破グレンラガン","S AT天元突破グレンラガンY",,"天元突破グレンラガン","七匠","6号機","AT","9S0371","2019/8/5","0","0","1"
"8963","P","Pケロロ軍曹GLA","Pケロロ軍曹GLA",,,"西陣",,"甘デジ","9P0163","2019/7/22","0","0","1"
"8962","P","PA究極神判 Sweet Judgement 99ver.","PA究極神判AINK",,,"七匠",,"甘デジ","8P0683","2019/6/17","0","0","1"
"8961","P","P CYBORG009 M2-V","P CYBORG009M2-V",,,"ニューギン",,"ライトミドル","9P0028","2019/8/5","0","0","1"
"8960","P","PA真・怪獣王ゴジラ N2-K6","PA真・怪獣王ゴジラN2-K6",,,"ニューギン",,"ライトミドル","8P1008","2019/7/8","0","0","1"
"8959","P","P牙狼冴島鋼牙XX","P牙狼冴島鋼牙XX-MU",,,"サンセイR&D",,"ミドル","9P0392","2019/7/8","0","0","1"
"8958","P","PAストライクウィッチーズXBD","PAストライクウィッチーズXBD",,,"三洋物産",,"甘デジ","9P0107","2019/7/8","0","0","1"
"8957","S","パチスロ ガールズ&パンツァーG~これが私の戦車道です!~","Sガールズ&パンツァーG/LA1","ガールズ&パンツァーG","ガルパンG","オリンピア","6号機","AT","9S0181","2019/7/8","0","0","1"
"8956","P","Pアナザーゴッドハーデス ジャッジメント","Pアナザーゴッドハーデス2ME",,,"メーシー",,"ミドル","9P0313","2019/6/17","0","0","1"
"8955","P","PストレートセブンDX-H","P STRAIGHT SEVEN DX-H",,,"ジェイビー",,"甘デジ","8P1128","2019/7/8","0","0","1"
"8954","P","PストレートセブンLSJ-H","P STRAIGHT SEVEN LSJ-H",,,"ジェイビー",,"ライトミドル","8P1159","2019/7/8","0","0","1"
"8953","P","PFゴルゴ13Light ver.「2019年」","Pフィーバーゴルゴ13sY",,,"SANKYO",,"甘デジ","8P0597","2019/7/8","0","0","1"
"8952","P","デジハネPブラックラグーン3","Pデジハネブラックラグーン3CA",,,"サミー",,"甘デジ","8P0944","2019/6/17","0","0","1"
"8951","P","P翠星のガルガンティアKS","P翠星のガルガンティアKS",,,"Daiichi",,"甘デジ","8P0964","2019/6/17","0","0","1"
"8950","P","P V王 GLC","P V王GLC",,,"西陣",,"甘デジ","9P0272","2019/6/17","0","0","1"
"8949","P","P白魔女学園オワリトハジマリ~赤き騎士団Ver.~","P白魔女学園V1A",,,"高尾",,"ライトミドル","8P1283","2019/6/17","0","0","1"
"8948","P","P白魔女学園オワリトハジマリ~白魔女Ver.~","P白魔女学園V2B",,,"高尾",,"ライトミドル","9P0184","2019/6/17","0","0","1"
"8947","P","P JAWS再臨-SHARK PANIC AGAIN-1/116~1/95ver.","P JAWS再臨L1BU2S",,,"平和",,"甘デジ","8P0545","2019/5/20","0","0","1"
"8946","S","パチスロ鉄拳4","Sパチスロ鉄拳4CC",,"鉄拳4","山佐","6号機","AT","9S0147","2019/7/22","0","0","1"
"8944","P","PA押忍!番長2","Pぱちんこ押忍!番長2A02",,,"大都技研",,"甘デジ","9P0034","2019/5/20","0","0","1"
"8943","P","PFバイオハザード リベレーションズ LIGHT VER.","PフィーバーバイオハザードsY",,,"SANKYO",,"ライトミドル","8P0463","2019/6/3","0","0","1"
"8942","S","超AT 美ら沖","S ATちゅら沖S",,"超AT 美ら沖","七匠","6号機","AT","8S0820","2019/6/3","0","0","1"
"8941","S","スーパードラゴン","SスーパードラゴンNO",,"スーパードラゴン","ネット","6号機","AT","9S0197","2019/6/17","0","0","1"
"8940","P","P咲-Saki-阿知賀編 役満GOLDバージョン","P咲-Saki-阿知賀編MTC",,,"三洋物産",,"ミドル","8P1321","2019/6/3","0","0","1"
"8939","P","P天龍∞2400","P天龍∞2000",,,"マルホン",,"その他","9P0079","2019/5/20","0","0","1"
"8938","P","Pうる星やつら~ラムのLoveSong~","Pうる星やつらM3-K",,,"ニューギン",,"ライトミドル","9P0137","2019/6/3","0","0","1"
"8937","S","ぱちスロ 冬のソナタ","パチスロ冬のソナタKJ",,"冬のソナタ","京楽","5号機","RT","7S1507","2019/5/20","0","0","0"
"8936","P","PAドラゴン伝説66WV","PAドラゴン伝説66WV",,,"豊丸",,"その他","8P1341","2019/4/1","0","0","1"
"8935","P","P DD北斗の拳~主役はジャギ!!~","P DD北斗の拳 主役はジャギT1A",,,"高尾",,"ミドル","8P0637","2019/5/7","0","0","1"
"8934","P","PハイスクールD×D MA","PハイスクールD×D MA",,,"西陣",,"ライトミドル","9P0071","2019/5/20","0","0","1"
"8933","P","PハイスクールD×D MX","PハイスクールD×D MX",,,"西陣",,"ライトミドル","8P1427","2019/5/20","0","0","1"
"8932","P","PハイスクールD×D ZD","PハイスクールD×D ZD",,,"西陣",,"ミドル","9P0119","2019/5/20","0","0","1"
"8931","P","PAキャプテン翼 雷獣バージョン","PAキャプテン翼 雷獣バージョンRAY",,,"サンセイR&D",,"ライトミドル","8P0796","2019/5/20","0","0","1"
"8929","P","P緋弾のアリアIII 設定付","P緋弾のアリアIII FUZ設定付",,,"藤商事",,"ミドル","8P1383","2019/5/20","0","0","1"
"8928","P","P SHOW BY ROCK!!","PショウバイロックEJC",,,"サミー",,"ライトミドル","8P1326","2019/5/20","0","0","1"
"8927","P","PA女子ザジャイアントYF","PA女子ザジャイアントYF",,,"豊丸",,"ライトミドル","8P0888","2019/5/20","0","0","1"
"8926","P","Pぱちんこ冬のソナタG","Pぱちんこ冬のソナタG",,,"京楽",,"甘デジ","8P0723","2019/4/22","0","0","1"
"8925","S","咲桜弁慶","サクラベンケイ2",,"咲桜弁慶","ボーダー","5号機","A","8S0064","2019/6/17","0","0","0"
"8924","S","ハナビ通","ハナビ2HAハナビ2HH",,"ハナビ通","アクロス","5号機","RT","7S1235","2019/5/20","0","0","0"
"8923","P","ぱちんこGANTZ:2","PぱちんこGANTZ2RM6",,,"オッケー.",,"ミドル","8P1399","2019/4/22","0","0","1"
"8922","S","実況BINGO倶楽部","S実況BINGO倶楽部KU",,"実況BINGO倶楽部","コナミアミューズメント","6号機","AT","8S0682","2019/6/3","0","0","1"
"8921","S","新世紀エヴァンゲリオン 暴走400","パチスロ新世紀エヴァンゲリオン10j",,"エヴァ 暴走400","ビスティ","5号機","RT","7S1463","2019/4/1","0","0","0"
"8920","P","PA清流物語3GO","PA清流物語3GO",,,"サンスリー",,"甘デジ","8P1126","2019/4/8","0","0","1"
"8919","S","天晴!モグモグ風林火山 全国制覇版","S天晴!モグモグ風林火山NI",,"モグモグ風林火山 全国","ネット","6号機","AT","9S0064","2019/5/20","0","0","1"
"8918","S","パチスロ ボンバーパワフルIII","Sボンバーパワフル3V",,"ボンバーパワフル3","SANKYO","6号機","AT","8S0924","2019/5/7","0","0","1"
"8913","P","Pゾンビリーバボー~絶叫~S3-T1","Pゾンビリーバボー~絶叫~S3-T1",,,"ニューギン",,"ライトミドル","8P0517","2019/5/7","0","0","1"
"8912","P","Pゾンビリーバボー~絶叫~S4-T6","Pゾンビリーバボー~絶叫~S4-T6",,,"ニューギン",,"ライトミドル","8P1328","2019/5/7","0","0","1"
"8911","P","Pゾンビリーバボー~絶叫~S5-T1","Pゾンビリーバボー~絶叫~S5-T1",,,"ニューギン",,"ライトミドル","8P1247","2019/5/7","0","0","1"
"8910","P","モードぱちんこ ヱヴァンゲリヲン~超暴走~G","Pヱヴァンゲリヲン~超覚醒~G",,,"ビスティ",,"ライトミドル","8P1260","2019/3/18","0","0","1"
"8909","S","SLOTギャラガ","S/ギャラガ/DB",,"ギャラガ","メーシー","6号機","AT","8S1110","2019/4/22","0","0","1"
"8908","P","ぱちんこ冬のソナタRemember Sweet Version","Pぱちんこ冬のソナタNA1",,,"京楽",,"甘デジ","8P0488","2019/4/22","0","0","1"
"8907","P","PFドラムゴルゴ13sY","Pドラムゴルゴ13sY",,,"SANKYO",,"甘デジ","8P0198","2019/5/7","0","0","1"
"8906","P","ぱちんこセブンインパクト","PセブンインパクトAST",,,"ベルコ",,"甘デジ","8P1198","2019/4/8","0","0","1"
"8905","P","Pベルサイユのばら~革命への序曲~GLB","Pベルサイユのばら 革命への序曲GLB",,,"西陣",,"甘デジ","8P0746","2019/5/7","0","0","1"
"8904","P","PF革命機ヴァルヴレイヴYR","Pフィーバー革命機ヴァルヴレイヴYR",,,"SANKYO",,"甘デジ","8P0451","2019/5/7","0","0","1"
"8903","S","ワンダフルジャック","ワンダフルジャック/W2",,"ワンダフルジャック","岡崎産業","5号機","A","7S1921","2019/4/8","0","0","0"
"8902","P","PFスーパー戦隊S","Pフィーバースーパー戦隊S",,,"SANKYO",,"ライトミドル","8P1269","2019/4/15","0","0","1"
"8901","S","ジャングルマスターコングダム","ジャングルマスターコングダム/CC",,"ジャングルマスターコングダム","山佐","5号機","RT","7S1352","2019/5/7","0","0","0"
"8900","P","Pスーパー海物語IN JAPAN2","Pスーパー海物語INジャパン2MTR",,,"三洋物産",,"ミドル","8P1042","2019/4/22","0","0","1"
"8899","P","Pスターオーシャン4 SWEET PREMIUM ver.","Pスターオーシャン4AA",,,"メーシー",,"甘デジ","8P0685","2019/4/1","0","0","1"
"8898","P","P信長の野望~創造~GO","P信長の野望~創造~GO",,,"ニューギン",,"甘デジ","8P1130","2019/3/18","0","0","1"
"8897","P","Pクイーンズブレイド美闘士カーニバル ナナエルVer.","Pクイーンズブレイド美闘士カーニバルS3B",,,"高尾",,"ライトミドル","8P0452","2019/3/18","0","0","1"
"8896","S","プレミアムハナハナ-30","プレミアムハナハナ/DX-30",,"プレミアムハナハナ-30","パイオニア","5号機","A","8S0028","2019/4/22","0","0","0"
"8893","P","P EXゼウス","P EXZEUS M-4S",,,"ニューギン",,"その他","8P1099","2019/4/1","0","0","1"
"8892","P","モードぱちんこ ヱヴァンゲリヲン~超覚醒~","Pヱヴァンゲリヲン~超覚醒~M",,,"ビスティ",,"ライトミドル","8P1074","2019/3/4","0","0","1"
"8891","P","ヱヴァンゲリヲン~超暴走~","Pヱヴァンゲリヲン~超覚醒~",,,"ビスティ",,"ライトミドル","8P1180","2019/3/4","0","0","1"
"8890","S","パチスロ黄門ちゃまV女神盛-MEGAMORI-","Sパチスロ黄門ちゃまV女神VER/LA6","パチスロ黄門ちゃまV 女神盛","黄門ちゃまV女神盛","オリンピア","6号機","AT","8S1228","2019/4/22","0","0","1"
"8887","P","P緋弾のアリアAA FE設定付","P緋弾のアリアAA FE設定付",,,"藤商事",,"ライトミドル","8P0823","2019/3/4","0","0","1"
"8886","P","P七つの大罪 強欲Ver.","P七つの大罪EXA",,,"サミー",,"ライトミドル","8P1200","2019/4/15","0","0","1"
"8885","S","パチスロおそ松さん~驚~","Sパチスロおそ松さん",,"おそ松さん~驚~","D-light","6号機","AT","8S1010","2019/3/4","0","0","1"
"8884","P","P GOD EATER-ブラッドの覚醒-MP","PゴッドイーターMP",,,"サンセイR&D",,"ライトミドル","8P0542","2019/4/8","0","0","1"
"8883","P","P GOD EATER-ブラッドの覚醒-MVY2","PゴッドイーターMVY2",,,"サンセイR&D",,"ミドル","8P1215","2019/4/8","0","0","1"
"8882","S","ドンちゃん2","S/ドンちゃん2/DC",,"ドンちゃん2","アクロス","6号機","RT","8S1238","2019/4/1","0","0","1"
"8881","S","戦国パチスロ義風堂々!!~兼続と慶次~","義風堂々!!~兼続と慶次~EM","戦国パチスロ義風堂々!!","義風堂々!!~兼続と慶次~","エキサイト","5号機","RT","7S1876","2019/4/1","0","0","0"
"8879","P","PA清流物語3 XBA","PA清流物語3XBA",,,"サンスリー",,"甘デジ","8P1076","2019/4/8","0","0","1"
"8878","P","P平家物語-RELOADED-Y2C","P平家物語RELOADED Y2C",,,"豊丸",,"ライトミドル","8P0303","2019/4/1","0","0","1"
"8877","P","Pちょいパチ SUPER電役ナナシーDXII G39","PちょいパチナナシーDX II G39",,,"豊丸",,"その他","8P0978","2019/3/4","0","0","1"
"8876","P","P SUPER電役ナナシーDXII 189M","PナナシーDX II 189M",,,"豊丸",,"その他","8P0340","2019/3/4","0","0","1"
"8875","S","マイフラワー30","SマイフラワーKT-30",,"マイフラワー30","北電子","6号機","AT","8S0852","2019/4/8","0","0","1"
"8874","S","ゴーゴージャグラー2","ゴーゴージャグラー2/KD","GOGOジャグラー2","ゴーゴージャグラー2","北電子","5号機","A","7S1147","2019/4/8","0","0","0"
"8872","P","PA設定付牙狼GOLDSTORM翔RH","PA設定付牙狼GOLDSTORM翔RH",,,"サンセイR&D",,"甘デジ","8P0410","2019/3/4","0","0","1"
"8871","P","P藤丸くん 6000 FHX","P藤丸くん6000FHX",,,"藤商事",,"その他","8P0841","2019/3/18","0","0","1"
"8870","P","P V王 Legend XA","P V王 XA",,,"西陣",,"ライトミドル","8P1222","2019/3/18","0","0","1"
"8869","P","P V王 Legend MC","P V王 MC",,,"西陣",,"ライトミドル","8P1018","2019/3/18","0","0","1"
"8867","S","Re:ゼロから始める異世界生活","S Re:ゼロから始める異世界生活A6","Re:ゼロ","Re:ゼロ","大都技研","6号機","AT","8S1164","2019/3/4","0","0","1"
"8866","P","P Rewrite FB","P Rewrite FB",,,"西陣",,"ライトミドル","8P1105","2019/4/8","0","0","1"
"8865","P","P Rewrite FA","P Rewrite FA",,,"西陣",,"ライトミドル","8P1056","2019/4/8","0","0","1"
"8864","S","パチスロ ヱヴァンゲリヲン AT777","SヱヴァンゲリヲンAT777F",,"エヴァAT","ビスティ","6号機","AT","8S1123","2019/2/18","0","0","1"
"8861","P","P信長の野望-創造-N-K","P信長の野望~創造~N-K",,,"ニューギン",,"甘デジ","8P0734","2019/3/18","0","0","1"
"8860","P","Pリング 呪縛RUSH FEX設定付","Pリング 呪縛RUSH FEX設定付",,,"藤商事",,"ライトミドル","8P0927","2019/3/4","0","0","1"
"8858","P","Pベルサイユのばら~革命への序曲~MA","Pベルサイユのばら 革命への序曲MA",,,"西陣",,"ライトミドル","8P0778","2019/2/18","0","0","1"
"8857","S","CTザクザク七福神","SザクザクシチフクジンEE",,"ザクザク七福神","山佐","6号機","A","8S0642","2019/3/18","0","0","1"
"8856","P","PFアクエリオンW最終決戦ver.","PフィーバーアクエリオンW Z",,,"SANKYO",,"ライトミドル","8P0929","2019/3/4","0","0","1"
"8854","P","P美夏美華パラダイス","P美夏美華パラダイスM-V",,,"ニューギン",,"ライトミドル","8P0839","2019/3/4","0","0","1"
"8853","S","アナザーハナビ弥生ちゃん","S/アナザーハナビ弥生ちゃん/DH",,"弥生ちゃん","ユニバーサルブロス","6号機","AT","8S1059","2019/2/25","0","0","1"
"8852","P","P咲-Saki-阿知賀編episode of side-A","P咲-Saki-阿知賀編MCD",,,"三洋物産",,"ライトミドル","8P0866","2019/3/4","0","0","1"
"8851","P","PAドラム海物語IN沖縄 GO","PAドラム海物語IN沖縄GO4",,,"サンスリー",,"甘デジ","8P0863","2019/2/4","0","0","1"
"8850","P","ぱちんこ 劇場霊","Pぱちんこ劇場霊NM7",,,"オッケー.",,"ミドル","8P0721","2019/2/18","0","0","1"
"8848","S","パチスロ猛獣王 王者の咆哮","S猛獣王 王者の咆哮ZZ",,"猛獣王 王者の咆哮","サミー","6号機","AT","8S1172","2019/4/1","0","0","1"
"8847","P","ぱちんこ 必殺仕事人 総出陣","Pぱちんこ必殺仕事人総出陣-A3",,,"京楽",,"甘デジ","8P0541","2019/2/4","0","0","1"
"8846","P","モードぱちんこ どらむ☆ヱヴァンゲリヲンGOLD","Pヱヴァンゲリヲン ドラムVER.YR",,,"ビスティ",,"ライトミドル","8P0376","2019/1/21","0","0","1"
"8845","P","PF蒼穹のファフナー2","P蒼穹のファフナー2A",,"ファフナー2","SANKYO",,"ライトミドル","8P0651","2019/2/4","0","0","1"
"8844","S","パチスロ ミクちゃん","SパチスロミクチャンMPB AA",,"ミクちゃん","JPS","6号機","A","8S0625","2019/1/7","0","0","1"
"8843","P","P暴れん坊将軍 炎獄鬼神の怪FHX","P暴れん坊将軍 炎獄鬼神の怪FHX",,,"藤商事",,"ミドル","8P0566","2019/2/4","0","0","1"
"8842","P","P暴れん坊将軍 炎獄鬼神の怪FSZ設定付","P暴れん坊将軍 炎獄鬼神の怪FSZ設定付",,,"藤商事",,"ライトミドル","8P0726","2019/2/4","0","0","1"
"8841","P","Pロードファラオ~神の一撃~","Pロードファラオ5T",,,"豊丸",,"ミドル","8P0476","2019/2/4","0","0","1"
"8840","P","P犬夜叉 JUDGEMENT∞PREMIUM","P犬夜叉AS-V",,,"D-light",,"その他","8P0495","2019/1/7","0","0","1"
"8839","S","ニューパルサーDX~チェリーバージョン~","ニューパルサーDX2/CC",,"ニューパルサーDX2","山佐","5号機","A","7S1206","2019/2/4","0","0","0"
"8838","S","GI優駿倶楽部2","S GI優駿倶楽部2KB",,"GI優駿倶楽部2","コナミアミューズメント","6号機","AT","8S0937","2019/2/18","0","0","1"
"8837","P","PAドラム海物語IN沖縄","PAドラム海物語IN沖縄SBG",,,"サンスリー",,"甘デジ","8P0635","2019/2/4","0","0","1"
"8834","S","A-SLOT DARTSLIVE","パチスロダーツライブ/ZA",,"DARTSLIVE","サミー","5号機","RT","8S0048","2019/2/4","0","0","0"
"8832","P","Pベルサイユのばら~革命への序曲~FA","Pベルサイユのばら 革命への序曲FA",,,"西陣",,"ライトミドル","8P1155","2019/2/18","0","0","1"
"8831","P","P寄生獣","P寄生獣MG",,,"サンセイR&D",,"ライトミドル","8P0644","2019/2/4","0","0","1"
"8830","P","P押忍!番長2","Pぱちんこ押忍!番長2L01",,,"大都技研",,"ライトミドル","8P0727","2019/1/7","0","0","1"
"8829","S","ぱちスロAKB48 エンジェル","パチスロAKB48エンジェルMA",,"AKB48 エンジェル","京楽","5号機","A","7S1325","2019/1/21","0","0","0"
"8828","S","戦国BASARA HEROES PARTY","戦国BASARA HP/ZX",,"戦国BASARA HP","エンターライズ","5号機","ART","7S1854","2019/1/21","0","0","0"
"8827","S","アナザーゴッドハーデス-冥王召喚-","アナザーゴッドハーデス冥王/GL",,"ハーデス-冥王召喚-","ミズホ","5号機","ART","8S0069","2018/12/1","0","0","0"
"8824","P","PAさくらももこ劇場コジコジ2 N2-K","PAさくらももこ劇場コジコジ2N2-K",,,"ニューギン",,"甘デジ","8P0268","2019/1/7","0","0","1"
"8823","P","PAさくらももこ劇場コジコジ2 N2-K4","PAさくらももこ劇場コジコジ2N2-K4",,,"ニューギン",,"甘デジ","8P0353","2019/1/7","0","0","1"
"8822","S","ミリオンルーレット","ミリオンルーレット/KU",,"ミリオンルーレット","コナミアミューズメント","5号機","A","7S1401","2019/2/4","0","0","0"
"8821","P","デジハネPA北斗の拳7 天破","PAデジハネ北斗の拳7天破STJB",,,"サミー",,"甘デジ","8P0616","2019/1/21","0","0","1"
"8820","S","パチスロ蒼天の拳 朋友","S蒼天の拳AA ZB",,"蒼天の拳 朋友","サミー","6号機","AT","8S0804","2019/1/7","0","0","1"
"8819","P","P喰霊-零- 葵上~あおいのうえ~FS","P喰霊-零- 葵上~あおいのうえ~FS",,,"藤商事",,"ライトミドル","8P0449","2018/12/1","0","0","1"
"8817","S","パチスロ聖闘士星矢 海皇覚醒Special","S聖闘士星矢海皇覚醒SP-KF","聖闘士星矢海皇覚醒SP","星矢SP","三洋物産","6号機","AT","8S0844","2019/1/7","0","0","1"
"8816","S","戦国パチスロ花の慶次~天を穿つ戦槍~剛弓ver.","花の慶次~天を穿つ戦槍~剛弓NM",,"花の慶次 剛弓","ニューギン","5号機","ART","7S1726","2019/1/7","0","0","0"
"8813","S","パチスロ ロード オブ ヴァーミリオン Re:","S ATロードオブヴァーミリオンRe: A",,"LoV Re:","七匠","6号機","AT","8S0725","2018/12/1","0","0","1"
"8812","S","島漢-30","SシマムスコMB1-30",,"島漢-30","アムテックス","6号機","AT","8S0769","2019/1/21","0","0","1"
"8811","S","島漢","SシマムスコHB1",,"島漢","平和","6号機","AT","8S0767","2019/1/21","0","0","1"
"8810","P","PAシュタインズ・ゲート 未来ガジェット99号機","PAシュタインズゲートN2-V",,,"ニューギン",,"甘デジ","8P0620","2018/12/1","0","0","1"
"8809","S","BIOHAZARD INTO THE PANIC","バイオイントゥザパニック/ZA",,,"スパイキー","5号機","A","8S0023","2018/11/1","0","0","0"
"8808","S","パチスロ フィーバークィーンII","パチスロ フィーバークィーンII b",,,"ビスティ","5号機","A","7S1491","2019/1/21","0","0","0"
"8804","P","P藤丸くん30min FF設定付","P藤丸くん30minFF設定付",,,"藤商事",,"その他","8P0207","2019/1/7","0","0","1"
"8803","P","P藤丸くん30min 4000FGZ設定付","P藤丸くん30min4000FGZ設定付",,,"藤商事",,"その他","8P0490","2019/1/7","0","0","1"
"8802","P","PA地獄少女 宵伽 きくりの地獄祭り 設定付","PA地獄少女 宵伽 きくりの地獄祭りFI設定付",,,"藤商事",,"甘デジ","8P0416","2018/11/1","0","0","1"
"8801","P","P春一番 花札昇舞","P春一番~花札昇舞~MC",,,"西陣",,"ライトミドル","8P0491","2019/1/7","0","0","1"
"8800","S","スーパーリノXX","SスーパーリノXZZ",,"スーパーリノXX","山佐","6号機","A","8S0711","2018/12/1","0","0","1"
"8797","S","ドリームクルーン711","ドリームクルーンR/CX",,,"オーイズミ","5号機","ART","7S1504","2018/12/1","0","0","0"
"8796","P","PAスーパー海物語IN沖縄2 GO1","PAスーパー海物語IN沖縄2 GO1",,,"三洋物産",,"甘デジ","8P0336","2018/11/1","0","0","1"
"8795","P","Pにこパチ豆BNK","Pにこパチ豆BNK",,,"ベルコ",,"その他","8P0660","2018/12/1","0","0","1"
"8794","P","Pにこパチ豆MNK","Pにこパチ豆MNK",,,"ベルコ",,"その他","8P0459","2018/12/1","0","0","1"
"8793","S","回胴黙示録カイジ4","カイジ4/ZS",,,"サミー","5号機","ART","7S1728","2018/12/1","0","0","0"
"8792","S","パチスロ巨人の星~情熱編~","パチスロ巨人の星情熱編/S3",,,"サンセイR&D","5号機","ART","8S0001","2018/12/1","0","0","0"
"8790","P","ぱちんこ新鬼武者 超・蒼剣","Pぱちんこ新鬼武者2S5",,,"京楽",,"ミドル","8P0576","2018/11/1","0","0","1"
"8786","S","パチスロ マッハGoGoGo","パチスロマッハGoGoGo A",,,"七匠","5号機","RT","8S0111","2018/12/1","0","0","0"
"8781","S","戦コレ![泰平女君]徳川家康","S戦コレ!徳川家康KE",,"戦コレ! 徳川家康","コナミアミューズメント","6号機","AT","8S0549","2018/11/1","0","0","1"
"8780","S","南国育ちA/2H-30","南国育ちA/2H-30",,,"平和","5号機","A","7S1612","2018/9/1","0","0","0"
"8779","P","モードぱちんこ コードギアス 反逆のルルーシュ ~お気楽バージョン~","PコードギアスYR",,,"ビスティ",,"甘デジ","8P0230","2018/9/1","0","0","1"
"8778","S","デュエルドラゴンプラス","デュエルドラゴンプラスUL",,,"ミズホ","5号機","RT","7S1638","2018/10/1","0","0","0"
"8776","P","PAモモキュンtheドラム GLA","PAモモキュンEX GLA",,,"西陣",,"甘デジ","8P0522","2018/11/1","0","0","1"
"8775","P","Pモモキュンtheドラム ME","PモモキュンEX ME",,,"西陣",,"ライトミドル","8P0506","2018/11/1","0","0","1"
"8773","P","P沼","P沼A",,,"高尾",,"その他","8P0160","2018/11/1","0","0","1"
"8772","S","ぱちスロ ゲッターロボ","SパチスロゲッターロボKB",,"ゲッターロボ","京楽","6号機","A","8S0314","2019/1/21","0","0","1"
"8770","S","パチスロらんま1/2W","パチスロらんま1/2W",,,"エキサイト","5号機","ART","8S0007","2018/11/1","0","0","0"
"8769","S","パチスロ 戦国乙女 TYPE-A+","戦国乙女Type-A+/D4",,,"オリンピア","5号機","RT","7S0700","2018/9/1","0","0","0"
"8768","S","パチスロ ダンジョンに出会いを求めるのは間違っているだろうか","ダンまち/KT",,,"北電子","5号機","A","7S1794","2018/11/1","0","0","0"
"8767","P","PA地獄少女 宵伽 設定付GO 3","PA地獄少女 宵伽 設定付GO 3",,,"藤商事",,"甘デジ","8P0281","2018/9/1","0","0","1"
"8765","P","ぱちんこ宇宙戦艦ヤマト2199-波動-199Ver.","P宇宙戦艦ヤマト2199ETJA",,,"サミー",,"ライトミドル","8P0363","2018/11/1","0","0","1"
"8764","P","ぱちんこ宇宙戦艦ヤマト2199-反撃-219Ver.","P宇宙戦艦ヤマト2199ETB",,,"サミー",,"ライトミドル","8P0392","2018/11/1","0","0","1"
"8763","S","パチスロ チェインクロニクル","SチェインクロニクルWR",,"チェインクロニクル","サミー","6号機","AT","8S0469","2018/11/1","0","0","1"
"8762","P","Pスーパー海物語IN沖縄2 SAHS","Pスーパー海物語IN沖縄2 SAHS",,,"三洋物産",,"甘デジ","8P0326","2018/11/1","0","0","1"
"8758","S","ツインドラゴンハナハナ-30","ツインドラゴンハナハナ/DX-30",,,"パイオニア","5号機","A","7S1812","2018/10/1","0","0","0"
"8752","P","PA FAIRY TAIL 設定付","PA FAIRY TAIL FW設定付",,,"藤商事",,"甘デジ","8P0220","2018/9/1","0","0","1"
"8751","P","PA喰霊-零-葵上 ~あおいのうえ~ 設定付","PA喰霊-零- 葵上~あおいのうえ~FW設定付",,,"藤商事",,"甘デジ","8P0189","2018/10/1","0","0","1"
"8749","S","トリプルクラウンX-30","トリプルクラウンX-30",,,"清龍ゲームジャパン","5号機","A","7S1648","2018/9/1","0","0","0"
"8748","S","スーパープラネットSP","スーパープラネットSP/CC",,,"山佐","5号機","A","7S1634","2018/11/1","0","0","0"
"8746","P","Pサイボーグ009vsデビルマン119Ver.","Pサイボーグ009VSデビルマンN2-T",,,"ニューギン",,"甘デジ","8P0184","2018/9/1","0","0","1"
"8742","P","PA地獄少女 宵伽 設定付","PA地獄少女 宵伽FDZ設定付",,,"藤商事",,"甘デジ","8P0262","2018/9/1","0","0","1"
"8741","S","アレックス","アレックスAE",,,"アクロス","5号機","A","8S0123","2018/9/1","0","0","0"
"8738","S","パチスロ大海物語4 with すーぱーそに子","大海物語4withすーぱーそに子KD",,,"三洋物産","5号機","RT","8S0151","2018/10/1","0","0","0"
"8735","S","SLOTファミリースタジアム","SLOTファミリースタジアム/DN",,,"メーシー","5号機","RT","7S1622","2018/8/1","0","0","0"
"8734","S","A-SLOT ツインエンジェルBREAK","ツインエンジェルBREAK-A/ZR",,,"サミー","5号機","RT","8S0077","2018/8/1","0","0","0"
"8730","S","南国育ち~蝶々ver~30","南国育ちC/1A-30",,,"アムテックス","5号機","ART","7S1949","2018/9/1","0","0","0"
"8728","P","P学園黙示録ハイスクール・オブ・ザ・デッド 毒島Ver.","PハイスクールオブザデッドT3A",,,"高尾",,"ライトミドル","8P0240","2018/8/1","0","0","1"
"8727","P","P弾球黙示録カイジHIGH&LOW ざわっ・・・Ver.","P弾球黙示録カイジ4 R3A",,,"高尾",,"ライトミドル","8P0239","2018/8/1","0","0","1"
"8725","S","ロックマン アビリティ 史上最大の試練","ロックマンアビリティ/ZY",,,"スパイキー","5号機","RT","8S0119","2018/9/1","0","0","0"
"8723","S","ハイカ101","ワンダーハイカ/CC",,,"山佐","5号機","RT","7S1443","2018/8/1","0","0","0"
"8722","S","南国育ち~蝶々ver~25","南国育ちC/1A",,,"アムテックス","5号機","ART","8S0149","2018/9/1","0","0","0"
"8721","S","HEY!鏡","Sアメリカン番長HEY!鏡B2",,"HEY!鏡","大都技研","6号機","AT","8S0371","2018/9/1","0","0","1"
"8719","P","PFR-18Honey ver.","PフィーバーR-18YG",,,"SANKYO",,"ライトミドル","8P0251","2018/9/1","0","0","1"
"8714","P","P魔法先生ネギま!","P魔法先生ネギま!ZZ-Y",,,"サンセイR&D",,"甘デジ","8P0175","2018/9/1","0","0","1"
"8711","S","スーパービンゴリバース","ビンコ/A1",,,"ベルコ","5号機","ART","8S0145","2018/9/1","0","0","0"
"8710","P","PF革命機ヴァルヴレイヴW","Pフィーバー革命機ヴァルヴレイヴW",,,"SANKYO",,"ライトミドル","8P0205","2018/8/1","0","0","1"
"8709","S","パチスロ ベン・トー ~狼たちの夜~","パチスロベントー/BA",,,"バルテック","5号機","RT","7S1703","2018/7/1","0","0","0"
"8708","S","パチスロ ハクション大魔王AA","パチスロハクション大魔王AA",,,"JPS","5号機","RT","8S0043","2018/9/1","0","0","0"
"8705","P","PAミルキーバー N-W6","PAミルキーバーN-W6",,,"ニューギン",,"甘デジ","8P0176","2018/9/1","0","0","1"
"8704","P","PAミルキーバー N-W3","PAミルキーバーN-W3",,,"ニューギン",,"甘デジ","8P0180","2018/9/1","0","0","1"
"8702","S","クレアの秘宝伝~女神の夢と魔法の遺跡~","クレアの秘宝伝 女神の夢と魔法の遺跡/P4","クレアの秘宝伝 女神の夢",,"パオン・ディーピー","5号機","RT","7S1909","2018/8/1","0","0","0"
"8699","S","ストリートファイターV パチスロエディション","ストリートファイターV/ZS",,,"エンターライズ","5号機","ART","7S1716","2018/7/1","0","0","0"
"8697","S","パチスロ 花人-はなんちゅ-","パチスロハナンチュ/SA",,,"スパイキー","5号機","ART","7S1524","2018/8/1","0","0","0"
"8695","S","パチスロ ルパン三世 世界解剖","ルパン三世世界解剖/K1",,,"オリンピア","5号機","A","7S1878","2018/7/1","0","0","0"
"8694","S","雷雷弁慶","ライライベンケイ2",,,"ボーダー","5号機","A","7S1818","2018/7/1","0","0","0"
"8692","S","パチスロ 闇芝居","闇芝居/ND",,,"ネット","5号機","A","7S1266","2018/9/1","0","0","0"
"8689","S","グレート69~TOMOLER~","グレート69/AA",,,"バルテック","5号機","A","8S0013","2018/6/1","0","0","0"
"8688","S","マシマシ-30","リュウキュウマシマシ/KC-30",,,"パイオニア","5号機","RT","7S0876","2018/8/1","0","0","0"
"8687","S","マシマシ","リュウキュウマシマシ/KC",,,"パイオニア","5号機","RT","7S1189","2018/8/1","0","0","0"
"8686","S","オリスロAA","オリスロAA",,,"JPS","5号機","A","8S0143","2018/6/1","0","0","0"
"8684","S","ルーレットクイーン-女神の羅針盤-","ルーレットクイーン/KN",,,"コナミアミューズメント","5号機","ART","7S1595","2018/8/1","0","0","0"
"8680","S","沖ドキ!バケーション-30","沖ドキ!バケーションNN-30",,,"アクロス","5号機","A","7S1311","2018/6/1","0","0","0"
"8679","S","沖ドキ!バケーション","沖ドキ!バケーションNN",,,"アクロス","5号機","A","7S1499","2018/6/1","0","0","0"
"8678","S","クロノス~刻の支配者~","クロノス/C1",,,"ベルコ","5号機","ART","7S1913","2018/8/1","0","0","0"
"8673","S","マイジャグラーIV","マイジャグラーIV/KE",,,"北電子","5号機","A","7S1012","2018/7/1","0","0","0"
"8672","S","パチスロ蒼き鋼のアルペジオ -アルス・ノヴァ- Mental Model ver.","蒼き鋼のアルペジオ アルスノヴァ2/ZS",,,"タイヨーエレック","5号機","RT","7S1689","2018/8/1","0","0","0"
"8671","S","SLOTハイスクール・フリート","SLOTハイスクール・フリートBU",,,"ユニバーサルブロス","5号機","ART","7S1684","2018/7/1","0","0","0"
"8670","S","エルインカ~黄金文明~","エルインカ黄金文明/KK",,,"KPE","5号機","RT","7S1600","2018/7/1","0","0","0"
"8669","S","パチスロ 大神","大神/ZS",,,"エンターライズ","5号機","ART","7S1270","2018/6/1","0","0","0"
"8667","S","パチスロ 美ラメキ!","ピカれ!アイランドFSA",,,"藤商事","5号機","ART","7S1690","2018/6/1","0","0","0"
"8666","P","PAナナシーDXII88GO","PAナナシーDX II 88GO",,,"豊丸",,"その他","8P0162","2018/6/1","0","0","1"
"8665","S","パチスロ学園黙示録ハイスクール・オブ・ザ・デッド","ハイスクールオブザデッド/CC",,,"山佐","5号機","ART","7S1481","2018/6/1","0","0","0"
"8664","S","パチスロ ウィザード・バリスターズ~弁魔士セシル","パチスロウィザードバリスターズ/MX",,,"オーイズミ","5号機","ART","7S1389","2018/8/1","0","0","0"
"8663","S","パチスロ ダンガンロンパ","ダンガンロンパ~希望の学園と絶望の高校生~NW",,,"ニューギン","5号機","ART","7S1654","2018/7/1","0","0","0"
"8657","S","パチスロ 天元突破グレンラガン極","パチスロ天元突破グレンラガン極/SA",,,"スパイキー","5号機","RT","7S1387","2018/6/1","0","0","0"
"8656","S","パチスロ トータル・イクリプスLv.MAX-RT","パチスロトータル・イクリプスNb",,,"ビスティ","5号機","RT","7S1720","2018/6/1","0","0","0"
"8655","S","ゆるせぽね","ゆるせぽねDY",,,"ミズホ","5号機","RT","7S1516","2018/6/1","0","0","0"
"8651","S","パチスロ 貞子 vs 伽椰子","貞子VS伽椰子FSC",,,"藤商事","5号機","RT","7S0824","2018/5/1","0","0","0"
"8649","S","パチスロディスクアップ","ディスクアップ/ZS",,,"銀座","5号機","ART","7S1598","2018/6/1","0","0","0"
"8647","S","シークレットハイビスカス","シークレットハイビスカス/AA",,,"パイオニア","5号機","A","7S1036","2018/5/1","0","0","0"
"8641","S","秘宝伝 Rev.","秘宝伝Rev./A4",,,"サボハニ","5号機","ART","7S1918","2018/5/1","0","0","0"
"8640","S","パチスロ黄門ちゃまV","パチスロ黄門ちゃまV/K2",,,"オリンピア","5号機","ART","7S1718","2018/6/1","0","0","0"
"8638","S","ちゃぶ台返し","チャブダイ/A1",,,"ベルコ","5号機","A","7S1642","2018/6/1","0","0","0"
"8636","S","十字架4","十字架4/NA",,,"ネット","5号機","ART","7S1509","2018/6/1","0","0","0"
"8635","S","SLOTパックマン","SLOTパックマン/DG",,,"メーシー","5号機","A","7S1558","2018/4/1","0","0","0"
"8634","S","パチスロ FAIRY TAIL","FAIRY TAIL FSA",,,"藤商事","5号機","ART","7S1186","2018/4/1","0","0","0"
"8632","S","パチスロ 楽シーサー30Φ","パチスロ楽シーサー30jR",,,"ジェイビー","5号機","A","7S1260","2018/5/1","0","0","0"
"8623","S","パチスロ北斗の拳 修羅の国篇 羅刹ver.","パチスロ北斗の拳AA/ZS",,,"サミー","5号機","RT","7S0983","2018/5/1","0","0","0"
"8622","S","パチスロ大海物語4","パチスロ大海物語4KF",,,"三洋物産","5号機","RT","7S1750","2018/5/1","0","0","0"
"8619","S","マジカルハロウィン6","マジカルハロウィン6/KK",,,"KPE","5号機","ART","7S1520","2018/5/1","0","0","0"
"8612","S","パチスロガールズガンズグルービー","GirlsGunsGroovy-V",,,"ニューギン","5号機","RT","7S0994","2018/3/1","0","0","0"
"8605","S","カンフーレディ・テトラ","カンフーレディEVO/XX",,,"山佐","5号機","RT","7S1214","2018/3/1","0","0","0"
"8597","S","パチスロ これはゾンビですか?","これはゾンビですか/KA",,,"北電子","5号機","ART","7S0943","2018/4/1","0","0","0"
"8596","S","パチスロ超GANTZ","パチスロ超GANTZ/SA",,,"スパイキー","5号機","A","7S1534","2018/3/1","0","0","0"
"8595","S","押忍!番長A","押忍!番長A/A3",,,"大都技研","5号機","RT","7S1429","2018/3/1","0","0","0"
"8594","S","ドリームクルーン500","ドリームクルーン/GX",,,"オーイズミ","5号機","A","7S1063","2018/3/1","0","0","0"
"8591","S","ビッグアップ","ビッグアップ/J1",,,"ヤーマ","5号機","RT","7S1505","2018/3/1","0","0","0"
"8589","S","不二子 TYPE A+","ルパン三世不二子Type-A+/G6",,,"オリンピア","5号機","RT","7S1296","2018/4/1","0","0","0"
"8584","S","パチスロ マイケル・ジャクソン","パチスロ マイケル・ジャクソンA",,,"SANKYO","5号機","ART","7S1461","2018/3/1","0","0","0"
"8580","S","コンチネンタルゼロ","コンチネンタルゼロZZ",,,"ユニバーサルブロス","5号機","A","7S1397","2018/2/1","0","0","0"
"8579","S","ニューシオサイ-30","ニューシオサイ/EX-30",,,"パイオニア","5号機","RT","7S0861","2018/2/1","0","0","0"
"8575","S","パチスロ戦場のヴァルキュリア","パチスロ戦場のヴァルキュリア/RS",,,"タイヨーエレック","5号機","ART","7S1381","2018/2/1","0","0","0"
"8574","S","新世紀エヴァンゲリオン~まごころを、君に~2","パチスロ新世紀エヴァンゲリオン・まごころを君に2j",,,"ビスティ","5号機","RT","7S1377","2018/2/1","0","0","0"
"8565","S","トリプルクラウンZEROII SECOND EDITION","トリプルクラウンZ2-30",,,"清龍ゲームジャパン","5号機","A","7S1011","2018/1/1","0","0","0"
"8563","S","ニューラッキージャックポット7Ver.","ニューラッキージャックポット/N1",,,"岡崎産業","5号機","RT","7S0919","2018/1/1","0","0","0"
"8561","S","パチスロ GATE","GATE/ND",,,"ネット","5号機","RT","7S1215","2018/2/1","0","0","0"
"8558","S","乙女マスターズ~空を翔る白き軌跡~","乙女マスターズ空を翔る白き軌跡/S1",,,"オリンピア","5号機","RT","7S1191","2018/2/1","0","0","0"
"8552","S","パチスロ烈火の炎","烈火の炎Z",,,"ニューギン","5号機","RT","7S1121","2018/1/1","0","0","0"
"8548","S","EVANGELION 30ΦMODEL","パチスロ ヱヴァンゲリヲン・30MODEL S",,,"ビスティ","5号機","A","7S0581","2018/1/1","0","0","0"
"8546","S","パチスロコードギアス 反逆のルルーシュR2 C.C.ver.","コードギアスR2C.C./ZS",,,"サミー","5号機","RT","7S1251","2018/1/1","0","0","0"
"8539","S","イミソーレXX","イミソーレ2R",,,"エマ","5号機","A","7S0671","2017/11/1","0","0","0"
"8536","S","南国物語TYPE-A","南国物語Type-A/F1",,,"オリンピア","5号機","A","7S1020","2018/1/1","0","0","0"
"8535","S","鬼若弁慶","オニワカベンケイ",,,"ボーダー","5号機","A","7S1056","2018/2/1","0","0","0"
"8533","S","タロットエンペラー","タロットエンペラーRT",,,"ユニバーサルブロス","5号機","RT","7S1246","2017/11/1","0","0","0"
"8531","S","SLOT魔法少女まどか☆マギカA","SLOT魔法少女まどか☆マギカAMA",,,"エレコ","5号機","A","7S1057","2017/12/1","0","0","0"
"8529","S","まめ","マメ/A3",,,"ベルコ","5号機","A","7S1079","2017/12/1","0","0","0"
"8527","S","パチスロ ゴッドイーター2","パチスロゴッドイーター2/CC",,,"山佐","5号機","ART","7S0998","2017/12/1","0","0","0"
"8525","S","パチスロ BLACK LAGOON3","パチスロブラックラグーンリミットブレイクT",,,"七匠","5号機","ART","7S0899","2017/12/1","0","0","0"
"8518","S","ニューパルサーSPII","ニューパルサーSP2/DD",,,"山佐","5号機","A","7S1083","2017/11/1","0","0","0"
"8508","S","グレートキングハナハナ","グレートキングハナハナ/EX",,,"パイオニア","5号機","A","7S0838","2017/11/1","0","0","0"
"8507","S","ワンダークーちゃん","ワンダークーちゃん/GG",,,"山佐","5号機","A","7S0941","2017/9/1","0","0","0"
"8506","S","戦国コレクション3","戦国コレクション3/KR",,,"KPE","5号機","ART","7S1038","2017/11/1","0","0","0"
"8502","S","YASUDA7","YASUDA7 AA",,,"JPS","5号機","A","7S0923","2017/9/1","0","0","0"
"8500","S","SLOT魁!!男塾","SLOT魁!!男塾BM",,,"ミズホ","5号機","ART","7S0681","2017/9/1","0","0","0"
"8497","S","盗忍!剛衛門","番長外伝 盗忍!剛衛門/A8",,,"大都技研","5号機","ART","7S0742","2017/9/1","0","0","0"
"8490","S","イミソーレ3V-30","イミソーレ3V-30",,,"エマ","5号機","A","7S0676","2017/8/1","0","0","0"
"8489","S","SLOTデビルマンΧ","SLOTデビルマンχDA",,,"エレコ","5号機","ART","7S0565","2017/9/1","0","0","0"
"8488","S","回胴性ミリオンアーサー","回胴性ミリオンアーサーBN",,,"ミズホ","5号機","ART","6S0693","2017/9/1","0","0","0"
"8487","S","アメイジング・スパイダーマン","アメイジングスパイダーマンQG",,,"ミズホ","5号機","ART","7S0032","2017/9/1","0","0","0"
"8486","S","乱嵐エイサーver.100","ランランエイサー2/CX",,,"オーイズミ","5号機","A","6S0838","2017/9/1","0","0","0"
"8483","S","パチスロ織田信奈の野望","織田信奈の野望S",,,"D-light","5号機","ART","7S0411","2017/8/1","0","0","0"
"8482","S","パチスロ 地獄少女 宵伽","地獄少女 宵伽FSB",,,"藤商事","5号機","ART","7S0499","2017/9/1","0","0","0"
"8480","S","想定科学パチスロ Steins;Gate 廻転世界のインダクタンス ランヴォア","パチスロシュタインズゲートR/WX",,,"オーイズミ","5号機","RT","7S0786","2017/9/1","0","0","0"
"8479","S","ぱちスロ ウルトラセブン","パチスロウルトラセブンKC",,,"オッケー.","5号機","ART","7S0740","2017/9/1","0","0","0"
"8477","S","パチスロ 闘え!サラリーマン","闘え!サラリーマン/XA",,,"ロデオ","5号機","ART","7S0687","2017/9/1","0","0","0"
"8476","S","パチスロ イースI&II","パチスロイースI&II/XX",,,"ロデオ","5号機","ART","7S0679","2017/9/1","0","0","0"
"8475","S","紅き魂は桜の如く","クレナイザクラ/A7",,,"ベルコ","5号機","ART","7S0823","2017/9/1","0","0","0"
"8473","S","トロピカルKISS スウィートVer","トロピカルキス ビター/HC",,,"ハイライツ・エンタテインメント","5号機","RT","7S0699","2017/9/1","0","0","0"
"8472","S","トロピカルKISS ビターVer","トロピカルキス ビター/HA",,,"ハイライツ・エンタテインメント","5号機","RT","7S0626","2017/9/1","0","0","0"
"8471","S","パチスロ蒼き鋼のアルペジオ -アルス・ノヴァ-","蒼き鋼のアルペジオ アルス・ノヴァ/XA",,,"タイヨーエレック","5号機","ART","7S0828","2017/9/1","0","0","0"
"8470","S","パチスロ 亜人","パチスロ亜人/A3",,,"オリンピア","5号機","ART","7S0590","2017/9/1","0","0","0"
"8469","S","パチスロ 討鬼伝","パチスロ討鬼伝N",,,"七匠","5号機","ART","7S0316","2017/8/1","0","0","0"
"8464","S","イノキロードトゥゴッド","イノキロードトゥゴッドMG",,,"ミズホ","5号機","ART","7S0109","2017/8/1","0","0","0"
"8462","S","パチスロ セイクリッドセブン","セイクリッドセブン/XX",,,"山佐","5号機","ART","6S1706","2017/9/1","0","0","0"
"8461","S","パチスロ笑ゥせぇるすまん3~笑撃のドーン~","パチスロ笑ゥせぇるすまん3KJ","笑ゥせぇるすまん3",,"三洋物産","5号機","ART","7S0746","2017/9/1","0","0","0"
"8460","S","パチスロ北斗の拳 新伝説創造","パチスロ北斗の拳 2017/XF",,,"サミー","5号機","ART","7S0888","2017/9/1","0","0","0"
"8459","S","政宗2","政宗2/A5",,,"大都技研","5号機","ART","7S0209","2017/7/1","0","0","0"
"8457","S","シンデレラブレイド3","シンデレラ×ブレイド3/NI",,,"ネット","5号機","ART","7S0870","2017/9/1","0","0","0"
"8456","S","トリプルクラウン ZERO II-30","トリプルクラウンZ-30",,,"清龍ゲームジャパン","5号機","A","7S0232","2017/7/1","0","0","0"
"8454","S","パチスロ ゴルゴ13S","パチスロゴルゴ13S",,,"SANKYO","5号機","ART","7S0229","2017/9/1","0","0","0"
"8451","S","ぱちスロAKB48 勝利の女神","パチスロAKB48勝利の女神G",,,"京楽","5号機","ART","7S0190","2017/8/1","0","0","0"
"8450","S","ぱちスロ 仮面ライダーBLACK","パチスロ仮面ライダーBLACK KB",,,"京楽","5号機","ART","7S0537","2017/8/1","0","0","0"
"8448","S","戦国乙女~TYPE-A~","戦国乙女Type-A/D5",,,"オリンピア","5号機","RT","6S1230","2017/8/1","0","0","0"
"8447","S","パチスロ ロボットガールズZ","パチスロロボットガールズZ/AB",,,"バルテック","5号機","ART","7S0343","2017/8/1","0","0","0"
"8446","S","ワンバーワン-25","ワンバーワン/S2",,,"ベルコ","5号機","ART","7S0683","2017/8/1","0","0","0"
"8445","S","神の左手 悪魔の右目","神の左手悪魔の右目/HC",,,"ハイライツ・エンタテインメント","5号機","ART","7S0201","2017/8/1","0","0","0"
"8442","S","パチスロ 世界でいちばん強くなりたい!","世界でいちばん強くなりたい!FSA",,,"藤商事","5号機","ART","6S1632","2017/7/1","0","0","0"
"8441","S","アイムジャグラーEX-AE","アイムジャグラーEX-AE/KT",,,"北電子","5号機","A","7S0393","2017/8/1","0","0","0"
"8439","S","ワンバーワン-30","ワンバーワン/S5-30",,,"ベルコ","5号機","ART","7S0476","2017/7/1","0","0","0"
"8436","S","戦国パチスロ花の慶次~天を穿つ戦槍~","花の慶次~天を穿つ戦槍~T",,,"エキサイト","5号機","ART","7S0422","2017/8/1","0","0","0"
"8431","S","SHAKEIII SIDE-A","SHAKEIII SIDE-A/A7",,,"大都技研","5号機","RT","6S1514","2017/7/1","0","0","0"
"8428","S","ラグナロクサーガ","ラグナロクサーガ/RN",,,"メーシー","5号機","ART","7S0502","2017/7/1","0","0","0"
"8426","S","ピンクベル/C3","ピンクベル/C3",,,"ベルコ","5号機","ART","7S0438","2017/6/1","0","0","0"
"8424","S","燃えよ!功夫淑女 ドラゴン","カンフーレディドラゴン/GG",,,"山佐","5号機","ART","7S0444","2017/7/1","0","0","0"
"8421","S","TRAD THUNDER BLACK","トラッドサンダーブラック/T1",,,"岡崎産業","5号機","A","7S0197","2017/7/1","0","0","0"
"8419","S","パチスロ バイオハザード リベレーションズ","バイオハザードリベレーションズ/ZW",,,"エンターライズ","5号機","ART","7S0275","2017/7/1","0","0","0"
"8415","S","パチスロ リング 終焉ノ刻","リング 終焉ノ刻FSA",,,"藤商事","5号機","ART","6S1721","2017/6/1","0","0","0"
"8411","S","パチスロ アクエリオンEVOL","パチスロアクエリオンEVOL",,,"SANKYO","5号機","ART","7S0330","2017/7/1","0","0","0"
"8409","S","パチスロガールフレンド(仮)~聖櫻学園メモリアル~","パチスロガールフレンド(仮)/G4",,,"オリンピア","5号機","ART","7S0436","2017/7/1","0","0","0"
"8408","S","ケロロ軍曹","ケロロ軍曹/A2",,,"大都技研","5号機","ART","6S1378","2017/6/1","0","0","0"
"8407","S","しすくえパラダイス","しすくえ/HC",,,"ハイライツ・エンタテインメント","5号機","RT","7S0326","2017/7/1","0","0","0"
"8404","S","熊酒場2丁目店","熊酒場2/NC",,,"ネット","5号機","A","6S1627","2017/7/1","0","0","0"
"8403","S","パチスロ聖闘士星矢 海皇覚醒","パチスロ聖闘士星矢海皇覚醒KH",,,"三洋物産","5号機","ART","7S0460","2017/7/1","0","0","0"
"8402","S","ハイパーリノ","ハイパーリノ/CC",,,"山佐","5号機","A","7S0309","2017/6/1","0","0","0"
"8401","S","グレートキングハナハナ-30","グレートキングハナハナ/DX-30",,,"パイオニア","5号機","A","7S0206","2017/7/1","0","0","0"
"8395","S","SLOTギルティクラウン","SLOTギルティクラウンUC",,,"エレコ","5号機","ART","7S0351","2017/6/1","0","0","0"
"8393","S","A-SLOT エイリヤンエボリューション","エイリヤンエボリューション/XR",,,"サミー","5号機","RT","7S0001","2017/7/1","0","0","0"
"8391","S","ぱちスロ PSYCHO-PASS サイコパス","パチスロサイコパスK",,,"京楽","5号機","ART","6S1085","2017/6/1","0","0","0"
"8384","S","ぱちスロ アベンジャーズ","パチスロアベンジャーズKB",,,"オッケー.","5号機","ART","7S0015","2017/5/1","0","0","0"
"8382","S","パチスロ ベン・トー ~半額弁当争奪戦!!~","パチスロベントー/AB",,,"バルテック","5号機","ART","7S0170","2017/6/1","0","0","0"
"8378","S","パチスロ 閃乱カグラ","パチスロ閃乱カグラ/JX",,,"オーイズミ","5号機","ART","7S0245","2017/7/1","0","0","0"
"8377","S","ドリームジャンボEE","ドリームあの興奮をもう一度ジャンボEE",,,"JPS","5号機","RT","7S0151","2017/6/1","0","0","0"
"8375","S","パチスロ信長の野望-創造-Z","信長の野望-創造-Z",,,"エキサイト","5号機","ART","6S1124","2017/6/1","0","0","0"
"8371","S","パチスロ 結城友奈は勇者である","結城友奈は勇者である/DE",,,"DAXEL","5号機","ART","6S1145","2017/7/1","0","0","0"
"8370","S","パチスロ そらのおとしものフォルテ","パチスロそらのおとしものフォルテ/DX",,,"DAXEL","5号機","ART","6S0047","2017/7/1","0","0","0"
"8363","S","忍魂 ~暁ノ章~","忍魂暁ノ章/A2",,,"大都技研","5号機","ART","6S0645","2017/5/1","0","0","0"
"8362","S","パチスロツインエンジェルBREAK","ツインエンジェルBREAK/ZS",,,"サミー","5号機","ART","7S0115","2017/6/1","0","0","0"
"8358","S","パチスロ 逆転裁判","逆転裁判/ZW",,,"エンターライズ","5号機","ART","6S1366","2017/5/1","0","0","0"
"8357","S","悪魔城ドラキュラ~ロードオブシャドウ~","悪魔城ドラキュラLoS/KD",,,"KPE","5号機","ART","6S1716","2017/7/1","0","0","0"
"8356","S","ロイヤルマハロ-30","ロイヤルマハロ/KT-30",,,"北電子","5号機","A","5S1419","2017/7/1","0","0","0"
"8355","S","スーパーミラクルジャグラー","スーパーミラクルジャグラー/KU",,,"北電子","5号機","A","6S0391","2017/6/1","0","0","0"
"8354","S","パチスロ テイルズ オブ シンフォニア","テイルズオブシンフォニア/KP",,,"北電子","5号機","ART","6S1671","2017/6/1","0","0","0"
"8348","S","パチスロ グラップラー刃牙N","パチスログラップラー刃牙N",,,"七匠","5号機","ART","6S1677","2017/5/1","0","0","0"
"8347","S","パチスロ 黒神 The Animation","パチスロ黒神/K2",,,"オリンピア","5号機","ART","7S0110","2017/5/1","0","0","0"
"8340","S","賞金首2","賞金首2/NE",,,"ネット","5号機","ART","6S1679","2017/5/1","0","0","0"
"8339","S","SLOTアカギ~闇に降り立った天才~","SLOTアカギ/DA",,,"メーシー","5号機","ART","6S1605","2017/4/1","0","0","0"
"8337","S","ハッピージャックポット","ハッピージャックポット/H1",,,"岡崎産業","5号機","A","6S1329","2017/5/1","0","0","0"
"8331","S","タイムクロス2","タイムクロス2/DD",,,"山佐","5号機","A","6S1083","2017/5/1","0","0","0"
"8330","S","ぱちスロ 水戸黄門","パチスロ水戸黄門KJ",,,"京楽","5号機","ART","6S1321","2017/4/1","0","0","0"
"8328","S","パチスロ 呪怨","呪怨FSC",,,"藤商事","5号機","ART","6S1567","2017/5/1","0","0","0"
"8327","S","パチスロおそ松くん","パチスロおそ松くんS",,,"D-light","5号機","ART","6S1566","2017/4/1","0","0","0"
"8324","S","パチスロサクラ大戦~熱き血潮に~","パチスロサクラ大戦 熱き血潮に/XR",,,"サミー","5号機","ART","6S1598","2017/5/1","0","0","0"
"8322","S","パチスロ マクロスフロンティア3","パチスロマクロスフロンティア3",,,"SANKYO","5号機","ART","6S1768","2017/4/1","0","0","0"
"8318","S","パチスロ ラストエグザイル-銀翼のファム-","パチスロラストエグザイル銀翼のファム/VX",,,"オーイズミ","5号機","AT","7S0156","2017/5/1","0","0","0"
"8314","S","ラッキーベガス","ラッキーベガス/KS",,,"KPE","5号機","ART","6S1519","2017/5/1","0","0","0"
"8312","S","パチスロ獣王 王者の覚醒","獣王 王者の覚醒/ZA",,,"サミー","5号機","ART","6S1203","2017/4/1","0","0","0"
"8306","S","パチスロ恵比寿マスカッツ","恵比寿マスカッツY",,,"エキサイト","5号機","ART","6S1030","2017/4/1","0","0","0"
"8305","S","パチスロ キン肉マン ~夢の超人タッグ編~","パチスロキンニクマン3/CC",,,"山佐","5号機","ART","6S1492","2017/4/1","0","0","0"
"8302","S","ドキドキマンゴー-30","ドキドキマンゴー/SP-30",,,"パイオニア","5号機","A","6S0911","2017/4/1","0","0","0"
"8301","S","ドキドキマンゴー-25","ドキドキマンゴー/SP",,,"パイオニア","5号機","A","6S1252","2017/4/1","0","0","0"
"8297","S","アナザーゴッドポセイドン-海皇の参戦-","アナザーゴッドポセイドンWP",,,"エレコ","5号機","ART","6S1563","2017/3/1","0","0","0"
"8296","S","パチスロ 機動戦士Zガンダム","パチスロ機動戦士ZガンダムS",,,"ビスティ","5号機","ART","6S1412","2017/4/1","0","0","0"
"8294","S","鬼浜爆走紅蓮隊 愛","オニハマアイ/L7",,,"ベルコ","5号機","ART","6S1167","2017/4/1","0","0","0"
"8290","S","パチスロ攻殻機動隊S.A.C. 2nd GIG","攻殻機動隊2/ZS",,,"サミー","5号機","ART","6S1408","2017/3/1","0","0","0"
"8287","S","パチスロ みんなで楽シーサー","パチスロみんなで楽シーサーS",,,"SANKYO","5号機","A","6S1665","2017/3/1","0","0","0"
"8280","S","パチスロ ゼクスイグニッション","パチスロゼクスイグニッション/Z1",,,"オリンピア","5号機","ART","6S0475","2017/3/1","0","0","0"
"8279","S","パチスロ ビビッドレッド・オペレーション","ビビッドレッド・オペレーションKE",,,"三洋物産","5号機","ART","6S0758","2017/3/1","0","0","0"
"8276","S","パチスロ 輪るピングドラム","輪るピングドラム/KU",,,"北電子","5号機","ART","6S1430","2017/3/1","0","0","0"
"8275","S","アイムジャグラーEX AnniversaryEdition","アイムジャグラーEX-AnniversaryEdition/KK","アイムジャグラーEX アニバーサリー",,"北電子","5号機","A","6S0442","2017/3/1","0","0","0"
"8274","S","防空少女ラブキューレ","ラブキューレ/KY",,,"KPE","5号機","ART","6S1317","2017/3/1","0","0","0"
"8268","S","パチスロ宇宙戦艦ヤマト2199","宇宙戦艦ヤマト2199/ZX",,,"サミー","5号機","ART","6S1502","2017/2/1","0","0","0"
"8266","S","ドリスタせかんど","ドリスタせかんど/NE",,,"ネット","5号機","ART","6S1523","2017/3/1","0","0","0"
"8264","S","パチスロマジンガーZ","マジンガーZ新たな魔神の力Z",,,"エキサイト","5号機","ART","6S1014","2017/2/1","0","0","0"
"8263","S","ジャックポット トロピカルバージョン2","ジャックポットTPV2/J1",,,"岡崎産業","5号機","A","6S0723","2017/2/1","0","0","0"
"8252","S","ヱヴァンゲリヲン・勝利への願い","ヱヴァンゲリヲン・勝利への願いS",,,"ビスティ","5号機","ART","6S1325","2017/2/1","0","0","0"
"8249","S","パチスロ モンキーターンIII","モンキーターン3/DD",,,"山佐","5号機","ART","6S1436","2017/2/1","0","0","0"
"8243","S","ニューペガサスR","ペガサスR",,,"エマ","5号機","A","6S1222","2016/12/1","0","0","0"
"8242","S","パチスロ ソウルキャリバー","パチスロソウルキャリバー/HH",,,"山佐","5号機","ART","6S1473","2017/1/1","0","0","0"
"8241","S","パチスロおそ松さん","パチスロおそ松さん",,,"D-light","5号機","A","6S1017","2017/2/1","0","0","0"
"8239","S","SLOTスターオーシャン4","SLOTスターオーシャン4TR",,,"ユニバーサルブロス","5号機","ART","6S1132","2017/1/1","0","0","0"
"8237","S","パチスロJAWS~it’s a SHARK PANIC~","パチスロJAWS/J5",,,"オリンピア","5号機","ART","6S1323","2017/2/1","0","0","0"
"8235","S","GI優駿倶楽部","GI優駿倶楽部/KD",,,"KPE","5号機","ART","6S0747","2017/2/1","0","0","0"
"8233","S","オアシスデイズ","オアシスデイズ/DX",,,"パイオニア","5号機","A","6S1149","2017/1/1","0","0","0"
"8226","S","パチスロ牙狼-守りし者-","牙狼 守りし者/ZX",,,"サミー","5号機","ART","6S1134","2017/2/1","0","0","0"
"8224","S","パチスロZETMAN","ZETMAN-X",,,"エキサイト","5号機","ART","6S0137","2017/1/1","0","0","0"
"8217","S","TVアニメーション弱虫ペダル","TVアニメーション弱虫ペダル/Y1",,,"オリンピア","5号機","ART","6S0856","2017/1/1","0","0","0"
"8216","S","パチスロ エウレカセブンAO","エウレカセブンAO/XS",,,"サミー","5号機","ART","6S0834","2017/1/1","0","0","0"
"8215","S","押忍!番長3","押忍!番長3/A5",,,"大都技研","5号機","ART","6S1594","2017/3/1","0","0","0"
"8212","S","SLOTバジリスク~甲賀忍法帖~III","SLOTバジリスクIIIBE",,,"エレコ","5号機","ART","6S0915","2016/11/1","0","0","0"
"8211","S","シスタークエスト~時の魔術師と悠久の姉妹~","シスタークエスト/HA",,,"ハイライツ・エンタテインメント","5号機","ART","6S0941","2017/1/1","0","0","0"
"8204","S","パチスロニュースモモチャンEX-30","ニュースモモチャンEX-30",,,"ニューギン","5号機","A","6S0319","2016/12/1","0","0","0"
"8203","S","パチスロニュースモモチャンEX","ニュースモモチャンEX",,,"ニューギン","5号機","A","6S0257","2016/12/1","0","0","0"
"8201","S","スーパービンゴリゾート","スーパービンゴリゾート/R5",,,"ベルコ","5号機","ART","6S1112","2016/12/1","0","0","0"
"8198","S","パチスロ犬夜叉（5号機）","犬夜叉/ZX",,,"ロデオ","5号機","ART","6S1138","2016/12/1","0","0","0"
"8194","S","パチスロ 涼宮ハルヒの憂鬱","パチスロ涼宮ハルヒS",,,"SANKYO","5号機","ART","6S0873","2016/12/1","0","0","0"
"8192","S","パチスロ ロリポップチェーンソー","ロリポップチェーンソーFSB",,,"藤商事","5号機","ART","6S0963","2016/12/1","0","0","0"
"8189","S","パチスロ ウィッチクラフトワークス","パチスロウィッチクラフトワークス/DA",,,"DAXEL","5号機","ART","6S0930","2016/11/1","0","0","0"
"8186","S","SHAKEIII","シェイクIII/A4",,,"大都技研","5号機","ART","6S1065","2016/12/1","0","0","0"
"8183","S","パチスロ モンスターハンター~狂竜戦線~","モンスターハンター狂竜戦線/ZS",,,"エンターライズ","5号機","ART","6S1097","2016/12/1","0","0","0"
"8182","S","パチスロ火曜サスペンス劇場","パチスロ火曜サスペンス劇場/ZZ",,,"タイヨーエレック","5号機","RT","6S0296","2016/11/1","0","0","0"
"8179","S","クランキーセレブレーション","クランキーセレブレーションCEクランキーセレブレーションRE",,,"アクロス","5号機","A","6S0358","2016/10/1","0","0","0"
"8174","S","麻雀格闘倶楽部2","麻雀格闘倶楽部2/KA",,,"KPE","5号機","ART","6S0920","2016/11/1","0","0","0"
"8170","S","パチスロ 凪のあすから","凪のあすから/NC",,,"ネット","5号機","RT","6S0815","2016/11/1","0","0","0"
"8168","S","パチスロ薄桜鬼蒼焔録","薄桜鬼蒼焔録WV",,,"D-light","5号機","A","6S0586","2016/11/1","0","0","0"
"8165","S","パチスロ ウィッチマスター","ウィッチマスター/FF",,,"山佐","5号機","ART","6S0303","2016/11/1","0","0","0"
"8163","S","ニューアイムジャグラーEX-KA","ニューアイムジャグラーEX-KA",,,"北電子","5号機","A","4S0098","2016/9/1","0","0","0"
"8155","S","パチスロ 貞子3D","パチスロ貞子3D-Z",,,"ニューギン","5号機","ART","6S0647","2016/10/1","0","0","0"
"8149","S","マハラJA","マハラJA",,,"デンケン販売","5号機","RT","5S1308","2016/9/1","0","0","0"
"8146","S","もっと!沖縄フェスティバル-30","モットオキフェス/DX-30",,,"パイオニア","5号機","A","6S0008","2016/9/1","0","0","0"
"8138","S","3×3EYES~聖魔覚醒~","3×3EYES/A7",,,"大都技研","5号機","A","5S0936","2016/9/1","0","0","0"
"8129","S","SLOT魔法少女まどか☆マギカ2","SLOT魔法少女まどか☆マギカ2/MM",,,"メーシー","5号機","ART","6S0862","2016/9/1","0","0","0"
"8128","S","天下布武3","天下布武3/ZZ",,,"山佐","5号機","ART","6S0492","2016/9/1","0","0","0"
"8127","S","パチスロ ロード オブ ヴァーミリオン","パチスロロードオブヴァーミリオンY",,,"七匠","5号機","ART","6S0671","2016/10/1","0","0","0"
"8119","S","パチスロ北斗の拳 修羅の国篇","パチスロ北斗の拳 修羅の国/RF",,,"サミー","5号機","ART","6S0373","2016/9/1","0","0","0"
"8116","S","パチスロスーパー海物語IN沖縄2","パチスロスーパー海物語IN沖縄2KK",,,"三洋物産","5号機","A","6S0203","2016/9/1","0","0","0"
"8114","S","パチスロ未来日記","パチスロ未来日記W",,,"エキサイト","5号機","A","6S0153","2016/9/1","0","0","0"
"8113","S","SLOTデッド オア アライブ5","デッドオアアライブ5EK",,,"ユニバーサルブロス","5号機","ART","6S0382","2016/8/1","0","0","0"
"8112","S","マタドールII-30","マタドールII/KS-30",,,"北電子","5号機","A","6S0088","2016/8/1","0","0","0"
"8111","S","乱嵐エイサー-30","ランランエイサー/EX-30",,,"オーイズミ","5号機","A","6S0261","2016/9/1","0","0","0"
"8110","S","プリシラと魔法の本","プリシラと魔法の本/NB",,,"ネット","5号機","ART","6S0688","2016/10/1","0","0","0"
"8109","S","デビル メイ クライ クロス","デビルメイクライクロス/ZY",,,"エンターライズ","5号機","ART","6S0161","2016/7/1","0","0","0"
"8105","S","パチスロ ロスト プラネット2","パチスロロストプラネット2/E2",,,"オリンピア","5号機","ART","6S0394","2016/8/1","0","0","0"
"8103","S","パチスロBLOOD+ 二人の女王","パチスロBLOOD+ 二人の女王/XA",,,"タイヨーエレック","5号機","ART","6S0606","2016/9/1","0","0","0"
"8102","S","クイーンジャックネオ","クイーンジャックネオ/Q1",,,"岡崎産業","5号機","A","6S0414","2016/8/1","0","0","0"
"8099","S","トリプルクラウンG-30","トリプルクラウンG-30",,,"清龍ゲームジャパン","5号機","A","6S0074","2016/6/1","0","0","0"
"8085","S","パチスロ 戦姫絶唱シンフォギア","パチスロ戦姫絶唱シンフォギアS",,,"SANKYO","5号機","ART","5S1161","2016/8/1","0","0","0"
"8083","S","バーサス","バーサスSE",,,"アクロス","5号機","RT","6S0371","2016/7/1","0","0","0"
"8080","S","クレアの秘宝伝~眠りの塔とめざめの石~","クレアの秘宝伝眠りの塔と目覚めの石/A2","クレアの秘宝伝 眠りの塔",,"大都技研","5号機","RT","6S0476","2016/8/1","0","0","0"
"8076","S","スーパープラネットデラックス","スーパープラネットDX/CC",,,"山佐","5号機","RT","5S1487","2016/8/1","0","0","0"
"8074","S","パチスロ「メタルギア ソリッド スネークイーター」","メタルギアソリッド/KG",,,"KPE","5号機","ART","6S0635","2016/10/1","0","0","0"
"8073","S","セブンスビート","セブンスビート/KS",,,"KPE","5号機","A","6S0429","2016/7/1","0","0","0"
"8069","S","パチスロ バルタン星人","パチスロウルトラマンT",,,"七匠","5号機","A","5S1378","2016/6/1","0","0","0"
"8067","S","パチスロ ルパン三世~消されたルパン~","ルパン三世消されたルパン/B4",,,"オリンピア","5号機","ART","6S0443","2016/7/1","0","0","0"
"8064","S","A-SLOT偽物語","A-SLOT偽物語/ZR",,,"サミー","5号機","RT","6S0236","2016/6/1","0","0","0"
"8063","S","A-SLOT北斗の拳 将","A-SLOT北斗の拳 強敵/ZS",,,"サミー","5号機","RT","6S0341","2016/6/1","0","0","0"
"8060","S","ぱちスロ テラフォーマーズ","パチスロテラフォーマーズQ",,,"京楽","5号機","ART","6S0317","2016/6/1","0","0","0"
"8055","S","真田純勇士~ラブストライク~","真田純勇士ラブストライクX",,,"エキサイト","5号機","ART","6S0205","2016/6/1","0","0","0"
"8053","S","ファンキージャグラー","ファンキージャグラー/KK",,,"北電子","5号機","A","5S1422","2016/7/1","0","0","0"
"8049","S","沖ドキ!パラダイス-30","沖ドキ!パラダイスHH-30",,,"アクロス","5号機","AT","5S1370","2016/6/1","0","0","0"
"8048","S","沖ドキ!パラダイス-25","沖ドキ!パラダイスHA",,,"ユニバーサルブロス","5号機","AT","5S1348","2016/6/1","0","0","0"
"8046","S","パチスロ 翠星のガルガンティア","翠星のガルガンティアS",,,"D-light","5号機","ART","5S1426","2016/5/1","0","0","0"
"8045","S","南国物語SPECIAL","南国物語/F5",,,"オリンピア","5号機","A","5S1350","2016/6/1","0","0","0"
"8042","S","ドリームハナハナ-30","ドリームハナハナ/DX-30",,,"パイオニア","5号機","A","6S0228","2016/6/1","0","0","0"
"8041","S","元祖ハネスロ再び","元祖ハネスロ再び/EX",,,"オーイズミ","5号機","RT","6S0165","2016/6/1","0","0","0"
"8040","S","秘宝伝~TheLast~","秘宝伝 The Last/A3",,,"大都技研","5号機","AT","5S1149","2016/5/1","0","0","0"
"8032","S","パチスロ ビッグドリームinロストアイランド2","ロストアイランド2/ZS",,,"タイヨーエレック","5号機","A","5S1336","2016/6/1","0","0","0"
"8031","S","スーパーリノMAX","スーパーリノDX/EE",,,"山佐","5号機","A","5S0874","2016/4/1","0","0","0"
"8030","S","ナイツ2","ナイツ2/CC",,,"山佐","5号機","A","5S1311","2016/5/1","0","0","0"
"8022","S","パチスロコードギアス 反逆のルルーシュR2","コードギアス反逆のルルーシュR2/ZX",,,"サミー","5号機","ART","5S1380","2016/5/1","0","0","0"
"8020","S","アステカ-太陽の紋章-","アステカ太陽の紋章AE",,,"エレコ","5号機","ART","6S0049","2016/4/1","0","0","0"
"8017","S","めぞん一刻 桜の下で","めぞん一刻桜の下でN/F4",,,"オリンピア","5号機","RT","5S1452","2016/5/1","0","0","0"
"8015","S","コクッチーブラック","コクッチーブラック",,,"タイヨー","5号機","A","6S0127","2016/5/1","0","0","0"
"8014","S","スーパーストリートファイターIV パチスロエディション","スーパーストリートファイターIV/ZY",,,"エンターライズ","5号機","ART","5S1463","2016/4/1","0","0","0"
"8011","S","パチスロ マブラヴ オルタネイティヴ トータル・イクリプス","パチスロトータル・イクリプスR",,,"SANKYO","5号機","ART","5S1337","2016/4/1","0","0","0"
"8006","S","探偵歌劇 ミルキィホームズ TD 消えた7と奇跡の歌","ミルキィホームズ/DE",,,"DAXEL","5号機","ART","6S0010","2016/4/1","0","0","0"
"8005","S","ニューチバリヨ-30","ニューチバリヨ/ND-30",,,"ネット","5号機","AT","5S1398","2016/4/1","0","0","0"
"8004","S","ニューチバリヨ","ニューチバリヨ/NE",,,"ネット","5号機","AT","5S1390","2016/4/1","0","0","0"
"7998","S","パチスロ ウルトラマン","パチスロウルトラマンM",,,"七匠","5号機","A","5S1500","2016/3/1","0","0","0"
"7996","S","沖ドキ!トロピカル-30","沖ドキ!トロピカルHH-30",,,"アクロス","5号機","AT","5S1064","2016/3/1","0","0","0"
"7995","S","ミラクル","ミラクルMC",,,"エレコ","5号機","AT","5S1217","2016/3/1","0","0","0"
"7994","S","ゲッターマウス","ゲッターマウスDG",,,"アクロス","5号機","A","5S1420","2016/3/1","0","0","0"
"7993","S","バガナックルー","バガナックルー/A4",,,"大都技研","5号機","AT","5S1246","2016/3/1","0","0","0"
"7991","S","めんそーれ30黄金守護神","メンソーレ3R-30",,,"エマ","5号機","A","5S1394","2017/8/1","0","0","0"
"7988","S","南国物語","南国物語/F1",,,"オリンピア","5号機","AT","5S1146","2016/3/1","0","0","0"
"7979","S","ユルビスカス-30","ユルビスカスDX-30",,,"パイオニア","5号機","A","5S0782","2016/3/1","0","0","0"
"7977","S","パチスロひぐらしのなく頃に 絆","パチスロひぐらしのなく頃に絆S",,,"D-light","5号機","ART","5S1193","2016/2/1","0","0","0"
"7973","S","キングパルサー~DOT PULSAR~","ドットパルサーKPV/CC",,,"山佐","5号機","AT","5S1153","2016/4/1","0","0","0"
"7972","S","プチマーメイド","プチマーメイド/KS",,,"北電子","5号機","A","5S1003","2016/4/1","0","0","0"
"7971","S","パチスロ 機動警察パトレイバー","機動警察パトレイバー/KH",,,"北電子","5号機","AT","5S1199","2016/4/1","0","0","0"
"7969","S","パチスロ偽物語","偽物語/ZS",,,"サミー","5号機","ART","5S1298","2016/2/1","0","0","0"
"7966","S","パチスロ鉄拳3rd エンジェルVer.","パチスロ鉄拳3エンジェルバージョン/EE",,,"山佐","5号機","AT","5S0996","2016/3/1","0","0","0"
"7965","S","十字架3","十字架3/NE",,,"ネット","5号機","AT","5S1388","2016/3/1","0","0","0"
"7961","S","PACHISLOT NINJA GAIDEN","パチスロニンジャガイデンN",,,"七匠","5号機","AT","5S1112","2016/2/1","0","0","0"
"7960","S","南海花浪漫-30","南海花浪漫-30",,,"タイヨー","5号機","A","5S0868","2016/3/1","0","0","0"
"7959","S","沖ドキ!トロピカル","沖ドキ!トロピカルHH",,,"ユニバーサルブロス","5号機","AT","5S1063","2016/1/1","0","0","0"
"7948","S","スーパーオアシス","スーパーオアシス/DX",,,"パイオニア","5号機","A","5S0953","2016/1/1","0","0","0"
"7946","S","キュインハナチャン-30","キュインハナチャンX-30",,,"ニューギン","5号機","A","5S0977","2016/1/1","0","0","0"
"7945","S","キュインハナチャン-25","キュインハナチャンX-25",,,"ニューギン","5号機","A","5S0958","2016/1/1","0","0","0"
"7943","S","パチスロ緋弾のアリア","緋弾のアリアFSB",,,"藤商事","5号機","ART","5S0988","2016/1/1","0","0","0"
"7939","S","マジカルハロウィン5","マジカルハロウィン5/KA",,,"KPE","5号機","ART","5S1159","2016/2/1","0","0","0"
"7938","S","まつりば!","まつりば!/A5",,,"大都技研","5号機","ART","5S0999","2016/2/1","0","0","0"
"7936","S","パチスロ 機動戦士ガンダム 覚醒-Chained battle-","パチスロ機動戦士ガンダム・覚醒CB",,,"ビスティ","5号機","ART","5S0998","2016/1/1","0","0","0"
"7929","S","戦国乙女2~深淵に輝く気高き将星~","戦国乙女2深淵に輝く気高き将星/D2",,,"オリンピア","5号機","AT","5S1043","2016/1/1","0","0","0"
"7925","S","リノ","リノNGTCC",,,"山佐","5号機","A","5S0550","2015/12/1","0","0","0"
"7924","S","ペガッパ","ペガッパZ",,,"エマ","5号機","A","5S0947","2015/12/1","0","0","0"
"7919","S","ラッキージャックポット","ラッキージャックポットL1",,,"岡崎産業","5号機","A","5S0799","2016/1/1","0","0","0"
"7910","S","デビルマンIII-悪魔ノ黙示録-","デビルマンIIIDM",,,"エレコ","5号機","ART","5S0933","2015/11/1","0","0","0"
"7907","S","秘宝伝~伝説への道~","秘宝伝 伝説への道/A4",,,"大都技研","5号機","ART","5S0974","2015/12/1","0","0","0"
"7906","S","ヱヴァンゲリヲン・魂を繋ぐもの","パチスロヱヴァンゲリヲン・魂を繋ぐものF",,,"ビスティ","5号機","A","5S0945","2015/11/1","0","0","0"
"7903","S","ニュートリプルクラウン3-30","Nトリプルクラウン3-30",,,"清龍ゲームジャパン","5号機","A","5S0938","2015/11/1","0","0","0"
"7896","S","パチスロ ああっ女神さまっ","ああっ女神さまっWT",,,"D-light","5号機","ART","5S0695","2015/11/1","0","0","0"
"7881","S","パチスロ鬼武者3 時空天翔","鬼武者3 時空天翔AS",,,"サミー","5号機","AT","5S0745","2015/11/1","0","0","0"
"7878","S","ぱちスロAKB48 バラの儀式","パチスロAKB48バラの儀式C",,,"京楽","5号機","ART","5S0798","2015/10/1","0","0","0"
"7873","S","パチスロ百花繚乱サムライガールズ","パチスロ百花繚乱サムライガールズDK",,,"DAXEL","5号機","AT","5S0806","2015/10/1","0","0","0"
"7863","S","スーパーブラックジャック2","スーパーブラックジャック2NG",,,"ネット","5号機","ART","5S0900","2015/11/1","0","0","0"
"7858","S","パチスロ 機甲戦記ドラグナー","機甲戦記ドラグナーXS",,,"サミー","5号機","AT","5S0451","2015/10/1","0","0","0"
"7857","S","パチスロ ガールズ&パンツァー","パチスロガールズ&パンツァーC3",,,"オリンピア","5号機","AT","5S0607","2015/10/1","0","0","0"
"7856","S","パチスロ ゴッドイーター荒神Ver.","パチスロゴッドイーターFF",,,"山佐","5号機","AT","4S0913","2015/9/1","0","0","0"
"7851","S","パチスロ龍が如く OF THE END","龍が如く OF THE END ZA",,,"タイヨーエレック","5号機","AT","5S0756","2015/10/1","0","0","0"
"7850","S","パチスロ銀と金2","パチスロ銀と金2ZA",,,"タイヨーエレック","5号機","ART","5S0539","2015/11/1","0","0","0"
"7848","S","想定科学パチスロ STEINS;GATE~廻転世界のインダクタンス~","パチスロシュタインズゲートMX",,,"オーイズミ","5号機","AT","5S0489","2015/10/1","0","0","0"
"7847","S","パチスロ IS<インフィニット・ストラトス>","パチスロ IS インフィニット・ストラトス",,,"SANKYO","5号機","ART","5S0236","2015/10/1","0","0","0"
"7846","S","ハイスクールD×D","ハイスクールDD KR",,,"KPE","5号機","ART","5S0479","2015/10/1","0","0","0"
"7845","S","パチスロヤッターマン","パチスロヤッターマンKH",,,"三洋物産","5号機","ART","5S0822","2015/11/1","0","0","0"
"7839","S","戦国パチスロ花の慶次~戦極めし傾奇者の宴~","花の慶次~戦極めし傾奇者の宴~EP",,,"エキサイト","5号機","ART","5S0419","2015/10/1","0","0","0"
"7838","S","パチスロ デッドマン・ワンダーランド","デッドマン・ワンダーランドKC",,,"北電子","5号機","ART","5S0525","2015/10/1","0","0","0"
"7834","S","パチスロ地獄少女","地獄少女FSA",,,"藤商事","5号機","ART","5S0548","2015/10/1","0","0","0"
"7833","S","パチスロ 無双OROCHI","パチスロムソウオロチDD",,,"山佐","5号機","AT","5S0652","2015/9/1","0","0","0"
"7832","S","パチスロ ベヨネッタ","ベヨネッタZF",,,"サミー","5号機","AT","5S0446","2015/9/1","0","0","0"
"7831","S","銀河機攻隊 マジェスティックプリンス","パチスロマジェスティックプリンスS",,,"D-light","5号機","AT","5S0670","2015/10/1","0","0","0"
"7829","S","アスラズラース","アスラズラースZS",,,"エンターライズ","5号機","ART","5S0457","2015/9/1","0","0","0"
"7825","S","パチスロ ルパン三世 ロイヤルロード~金海に染まる黄金神殿~","ルパン三世ロイヤルロードB1",,,"オリンピア","5号機","AT","5S0470","2015/9/1","0","0","0"
"7824","S","キングジャック","キングジャックGK",,,"アクロス","5号機","A","5S0439","2015/9/1","0","0","0"
"7822","S","Zゴールド・インフィニティ","ゼットゴールドインフィニティNC",,,"ネット","5号機","AT","5S0578","2015/9/1","0","0","0"
"7821","S","ビーストバスターズ","ビーストバスターズAE",,,"SNKプレイモア","5号機","ART","5S0596","2015/10/1","0","0","0"
"7818","S","プレミアムビンゴ","スーパービンゴネオM1",,,"ベルコ","5号機","AT","4S0673","2015/10/1","0","0","0"
"7813","S","パチスロクジラッキー","パチスロクジラッキーKF",,,"三洋物産","5号機","AT","2S1212","2015/9/1","0","0","0"
"7811","S","サイレントヒル","サイレントヒルCP",,,"コナミアミューズメント","5号機","AT","5S0444","2015/9/1","0","0","0"
"7808","S","ハナハナホウオウ-30","ハナハナホウオウEX-30",,,"パイオニア","5号機","A","5S0623","2015/9/1","0","0","0"
"7807","S","パチスロ マクロスフロンティア2 Bonus Live ver.","パチスロマクロスフロンティア2BL",,,"SANKYO","5号機","ART","5S0487","2015/8/1","0","0","0"
"7805","S","サンダーVリボルト","サンダーVリボルトUR",,,"アクロス","5号機","A","5S0424","2015/8/1","0","0","0"
"7794","S","パチスロ聖闘士星矢~女神聖戦~","パチスロ聖闘士星矢女神聖戦KD",,,"三洋物産","5号機","ART","5S0239","2015/8/1","0","0","0"
"7792","S","パチスロ北斗の拳 強敵","パチスロ北斗の拳 強敵ZA",,,"サミー","5号機","AT","5S0225","2015/8/1","0","0","0"
"7791","S","ガリンポ-30","ガリンポ-30",,,"エマ","5号機","A","5S0228","","0","0","0"
"7790","S","スカイガールズ~ゼロ、ふたたび~","スカイガールズ2RA",,,"コナミアミューズメント","5号機","ART","5S0360","2015/8/1","0","0","0"
"7788","S","SLOTシャドウハーツII-運命の道標-","シャドウハーツII運命の道標SS",,,"ユニバーサルブロス","5号機","ART","5S0365","2015/8/1","0","0","0"
"7787","S","乙女魂~光と無月~","乙女魂JV",,,"コナミアミューズメント","5号機","ART","3S0939","2015/8/1","0","0","0"
"7770","S","ジャッカスチーム","JACKASSTEAM A7",,,"大都技研","5号機","ART","5S0224","2015/7/1","0","0","0"
"7758","S","パチスロ ストライクウィッチーズ","パチスロストライクウィッチーズVX",,,"オーイズミ","5号機","AT","5S0213","2015/7/1","0","0","0"
"7756","S","サマージャンボ","サマーあの夏のチケットの行方ジャンボAA",,,"JPS","5号機","AT","5S0249","2015/7/1","0","0","0"
"7755","S","ヱヴァンゲリヲン 希望の槍","ヱヴァンゲリヲン・希望の槍R",,,"ビスティ","5号機","ART","5S0191","2015/6/1","0","0","0"
"7754","S","パチスロ バイオハザード6","バイオハザード6ZY",,,"エンターライズ","5号機","ART","5S0217","2015/6/1","0","0","0"
"7753","S","マイジャグラーIII","マイジャグラーIII KD",,,"北電子","5号機","A","5S0094","2015/7/1","0","0","0"
"7752","S","イケイケマハロ-30","イケイケマハロKD-30",,,"北電子","5号機","A","5S0193","2015/7/1","0","0","0"
"7751","S","めんそ~れ","メンソーレ2R",,,"エマ","5号機","A","5S0168","2015/7/1","0","0","0"
"7750","S","鬼神7","オニガミセブンX",,,"ハイライツ・エンタテインメント","5号機","RT","3S0803","2015/7/1","0","0","0"
"7746","S","パチスロ 魔法少女リリカルなのは","パチスロリリカルなのはKE",,,"三洋物産","5号機","ART","5S0161","2015/7/1","0","0","0"
"7741","S","煩悩BREAKER禅","ゼンFF",,,"山佐","5号機","AT","4S0754","2015/7/1","0","0","0"
"7728","S","ハイディングドラゴンB","ハイディングドラゴンB",,,"JPS","5号機","A","5S0087","2015/4/1","0","0","0"
"7719","S","押し順ケロルン","ケロルンCC",,,"山佐","5号機","AT","4S0919","2015/6/1","0","0","0"
"7716","S","吉宗~極~","ヨシムネH2A4",,,"大都技研","5号機","AT","3S1093","2015/6/1","0","0","0"
"7713","S","パチスロ大工の源さん~桜満開!源DREAM Ver.~","パチスロ大工の源さん桜満開KF",,,"三洋物産","5号機","AT","4S0800","2015/6/1","0","0","0"
"7709","S","ガン×ソード","ガンソードDT",,,"コナミアミューズメント","5号機","AT","4S1120","2015/6/1","0","0","0"
"7704","S","デビルサバイバー2 最後の7日間","デビルサバイバー2最後の7日間H1",,,"オリンピア","5号機","AT","5S0051","2015/5/1","0","0","0"
"7703","S","めんそ~れ30","メンソーレ2-30",,,"エマ","5号機","A","5S0065","2015/5/1","0","0","0"
"7702","S","ドラゴンギャル~双龍の闘い~","ドラゴンギャル双龍の闘いAB",,,"SNKプレイモア","5号機","AT","4S1080","2015/5/1","0","0","0"
"7701","S","最胸伝奇 パイ遊記","パイ遊記NB",,,"ネット","5号機","AT","4S0010","2015/5/1","0","0","0"
"7692","S","パチスロ おとめ妖怪ざくろ","おとめ妖怪ざくろKD",,,"北電子","5号機","ART","4S0487","2015/6/1","0","0","0"
"7687","S","沖縄フェスティバル-30（5号機）","オキフェスDX-30",,,"パイオニア","5号機","A","5S0056","2015/4/1","0","0","0"
"7686","S","パチスロ 修羅の刻","パチスロ修羅の刻A",,,"SANKYO","5号機","AT","4S0768","2015/4/1","0","0","0"
"7684","S","ミリオンゴッド-神々の凱旋-","ミリオンゴッド-神々の凱旋-BD",,,"ユニバーサルブロス","5号機","AT","4S0861","2015/3/1","0","0","0"
"7674","S","サイレントメビウス","サイレントメビウスS1",,,"岡崎産業","5号機","ART","4S0997","2015/4/1","0","0","0"
"7658","S","まじかるすいーとプリズム・ナナエース","まじかるすいーとプリズム・ナナエースDE",,,"DAXEL","5号機","RT","4S0409","2015/2/1","0","0","0"
"7654","S","コクッチーマスターズ","コクッチー",,,"タイヨー","5号機","A","4S1198","2015/3/1","0","0","0"
"7653","S","ゴーゴージャグラーKK","ゴーゴージャグラーKK","GOGOジャグラー",,"北電子","5号機","A","4S0942","2015/4/1","0","0","0"
"7648","S","パチスロサイバーブルー","パチスロサイバーブルーTA",,,"三洋物産","5号機","AT","4S0905","2015/2/1","0","0","0"
"7643","S","トラッド480","トラッド480R2",,,"ヤーマ","5号機","A","4S1081","2015/3/1","0","0","0"
"7642","S","トラッド","トラッドT2",,,"ヤーマ","5号機","A","4S1127","2015/3/1","0","0","0"
"7641","S","パチスロ ゴッドイーター","パチスロゴッドイーターCC",,,"山佐","5号機","AT","4S0713","2015/4/1","0","0","0"
"7640","S","パチスロベルセルク","パチスロベルセルクS",,,"七匠","5号機","ART","4S0918","2015/2/1","0","0","0"
"7639","S","麻雀物語3 役満乱舞の究極大戦","麻雀物語3役満乱舞の究極大戦G1",,,"オリンピア","5号機","AT","4S1092","2015/3/1","0","0","0"
"7637","S","パチスロコブラ","パチスロコブラAB",,,"SNKプレイモア","5号機","ART","3S0862","2015/3/1","0","0","0"
"7631","S","戦国コレクション2","戦国コレクション2KS",,,"KPE","5号機","AT","4S0897","2015/2/1","0","0","0"
"7630","S","ハナビ","ハナビBHハナビBHS2","HANABI",,"アクロス","5号機","RT","4S1056","2015/2/1","0","0","0"
"7625","S","スーパーラクラクビスカス","スーパーラクラクビスカスNA",,,"パイオニア","5号機","A","4S0930","2015/3/1","0","0","0"
"7615","S","ニューパルサーデラックス","ニューパルサーDXCC",,,"山佐","5号機","A","4S0758","2015/1/1","0","0","0"
"7610","S","スーパージャックポット","スーパージャックポットXJ",,,"アクロス","5号機","A","4S0699","2015/1/1","0","0","0"
"7608","S","真モグモグ風林火山2","真モグモグ風林火山2NB",,,"ネット","5号機","AT","4S0904","2015/1/1","0","0","0"
"7607","S","パチスロ アラジン AII","アラジンA II ZS",,,"サミー","5号機","AT","4S0859","2015/2/1","0","0","0"
"7598","S","テラシグマ","テラシグマSP",,,"JPS","5号機","AT","2S1434","2015/1/1","0","0","0"
"7580","S","サラリーマン金太郎 出世回胴編","サラリーマン金太郎 出世回胴編XF",,,"ロデオ","5号機","AT","4S0784","2014/12/1","0","0","0"
"7579","S","シーマスター ~ララ、旅立ちのプレリュード~","シーマスター2GG",,,"山佐","5号機","AT","3S1138","2014/12/1","0","0","0"
"7577","S","パチスロ黄門ちゃま 喝","パチスロ黄門ちゃま喝D1",,,"オリンピア","5号機","AT","4S0696","2015/1/1","0","0","0"
"7576","S","パチスロ蒼穹のファフナー","パチスロ 蒼穹のファフナーA",,,"SANKYO","5号機","ART","4S0874","2014/12/1","0","0","0"
"7569","S","トラッドザレジェンド","トラッドザレジェンドD1",,,"岡崎産業","5号機","AT","4S0450","2014/11/1","0","0","0"
"7565","S","パチスロアレジン","アレジンFSF",,,"藤商事","5号機","AT","4S0446","2014/11/1","0","0","0"
"7564","S","スーパービンゴネオS2-30","スーパービンゴネオS2-30",,,"ベルコ","5号機","AT","4S0463","2014/10/1","0","0","0"
"7549","S","Dororonえん魔くん メ~ラめら","ドロロンえん魔くんKN",,,"KPE","5号機","ART","4S0753","2014/12/1","0","0","0"
"7548","S","トリプルクラウンZERO1-30","トリプルクラウンZERO1-30",,,"清龍ゲームジャパン","5号機","A","4S0620","2014/10/1","0","0","0"
"7544","S","パチスロ機動新撰組 萌えよ剣~今宵、花散る~","萌えよ剣 今宵花散るTK",,,"北電子","5号機","ART","4S0408","2014/12/1","0","0","0"
"7543","S","パチスロひぐらしのなく頃に煌","パチスロひぐらしのなく頃に煌WX",,,"オーイズミ","5号機","AT","4S0813","2014/11/1","0","0","0"
"7517","S","パチスロ カウボーイビバップ","パチスロカウボーイビバップC1",,,"オリンピア","5号機","AT","4S0638","2014/10/1","0","0","0"
"7514","S","パチスロ バーストエンジェル","パチスロバーストエンジェルEE",,,"山佐","5号機","AT","4S0192","2014/10/1","0","0","0"
"7513","S","戦律のストラタス","戦律のストラタスJW",,,"コナミアミューズメント","5号機","AT","4S0609","2014/9/1","0","0","0"
"7504","S","バビロン(with桜丘ショコラ)","バビロンA",,,"タイヨー","5号機","A","4S0663","2014/9/1","0","0","0"
"7498","S","BLACK LAGOON2","ブラックラグーン2CC",,,"スパイキー","5号機","ART","4S0542","2014/9/1","0","0","0"
"7497","S","パチスロ 三國志","パチスロ三國志X",,,"ニューギン","5号機","AT","4S0504","2014/9/1","0","0","0"
"7496","S","ニューキングハナハナ-30","ニューキングハナハナDX-30",,,"パイオニア","5号機","A","4S0458","2014/9/1","0","0","0"
"7495","S","沖ドキ!-30","沖ドキ!LL-30",,,"アクロス","5号機","AT","4S0320","2014/8/1","0","0","0"
"7494","S","沖ドキ!","沖ドキ!LL",,,"アクロス","5号機","AT","4S0298","2014/8/1","0","0","0"
"7492","S","パチスロ大海物語 with T-ARA","パチスロ大海物語KD",,,"三洋物産","5号機","AT","4S0253","2014/9/1","0","0","0"
"7491","S","ドリームジャンボ","ドリーム幸福のチケットを君にジャンボBB",,,"JPS","5号機","AT","4S0082","2014/9/1","0","0","0"
"7488","S","ささみさん@がんばらないすろっと","ささみさん@がんばらないすろっとDA",,,"DAXEL","5号機","ART","4S0456","2014/9/1","0","0","0"
"7487","S","スロット バットマン","SLOTバットマンBL",,,"エレコ","5号機","ART","4S0475","2014/9/1","0","0","0"
"7482","S","押忍!サラリーマン番長","押忍!サラリーマン番長 俺に日本は狭すぎるA9",,,"大都技研","5号機","AT","4S0483","2014/8/1","0","0","0"
"7481","S","スーパービンゴネオ","スーパービンゴネオS7",,,"ベルコ","5号機","AT","4S0597","2014/10/1","0","0","0"
"7480","S","パチスロ 戦国BASARA3","戦国BASARA3ZV",,,"エンターライズ","5号機","ART","4S0395","2014/8/1","0","0","0"
"7469","S","パチスロ バーチャファイター","パチスロバーチャファイターZZ",,,"タイヨーエレック","5号機","AT","4S0495","2014/7/1","0","0","0"
"7465","S","ニューアイムジャグラーEX-KT","ニューアイムジャグラーEX-KT",,,"北電子","5号機","A","4S0096","2014/8/1","0","0","0"
"7464","S","ワイワイマハロ-30","ワイワイマハロKK-30",,,"北電子","5号機","A","4S0307","2014/7/1","0","0","0"
"7461","S","パチスロ ヘルシング","ヘルシングTH",,,"北電子","5号機","ART","3S1259","2014/8/1","0","0","0"
"7455","S","やじきた道中記乙","やじきた道中記乙MD",,,"メーシー","5号機","AT","4S0437","2014/7/1","0","0","0"
"7453","S","ぱちスロ 必殺仕事人","パチスロ必殺仕事人B",,,"京楽","5号機","ART","4S0365","2014/7/1","0","0","0"
"7447","S","パチスロリング 呪いの7日間","パチスロ リング ノロイノナノカカンFSB",,,"藤商事","5号機","AT","4S0053","2014/7/1","0","0","0"
"7437","S","娘娘娘","ニャンニャンムスメN1",,,"岡崎産業","5号機","AT","4S0172","2014/7/1","0","0","0"
"7432","S","みどりのマキバオー 届け!!日本一のゴールへ!!","みどりのマキバオー2E2",,,"オリンピア","5号機","ART","4S0283","2014/7/1","0","0","0"
"7426","S","パチスロまじかる☆タルるートくん","まじかる☆タルるートくんZ",,,"ニューギン","5号機","ART","4S0168","2014/7/1","0","0","0"
"7424","S","パチスロ鉄拳3rd","パチスロ鉄拳3EE",,,"山佐","5号機","AT","4S0216","2014/6/1","0","0","0"
"7415","S","パチスロ サイボーグ009","パチスロサイボーグ009KE",,,"三洋物産","5号機","AT","4S0006","2014/6/1","0","0","0"
"7413","S","テンパイラッシュ","テンパイラッシュK1",,,"パイオニア","5号機","A","4S0055","2014/6/1","0","0","0"
"7407","S","パチスロ蒼天の拳2","蒼天の拳2ZZT蒼天の拳2ZZ",,,"サミー","5号機","AT","4S0287","2014/6/1","0","0","0"
"7405","S","パチスロ御伽屋HANZO","御伽屋HANZO ZZ",,,"タイヨーエレック","5号機","ART","3S1188","2014/5/1","0","0","0"
"7403","S","シンデレラブレイド2","シンデレラ×ブレイド2ND",,,"ネット","5号機","AT","4S0686","2014/9/1","0","0","0"
"7396","S","パチスロ戦国乙女~剣戟に舞う白き剣聖~西国参戦編","戦国乙女剣戟に舞う白き剣聖西国参戦編L2","戦国乙女 西国参戦編",,"オリンピア","5号機","ART","4S0175","2014/4/1","0","0","0"
"7390","S","メイドルナイト","メイドルナイト",,,"JIN","5号機","AT","3S1208","2014/5/1","0","0","0"
"7389","S","B-MAX","ビーマックスMA",,,"アクロス","5号機","RT","4S0204","2014/5/1","0","0","0"
"7388","S","パチスロ ケロット3","ケロット3EE",,,"山佐","5号機","A","4S0119","2014/5/1","0","0","0"
"7386","S","麻雀格闘倶楽部","麻雀格闘倶楽部KK",,,"KPE","5号機","ART","4S0037","2014/5/1","0","0","0"
"7385","S","餓狼伝説PREMIUM","ガロウデンセツプレミアムBB",,,"SNKプレイモア","5号機","AT","4S0203","2014/5/1","0","0","0"
"7382","S","スーパーマリン-30","スーパーマリンCX-30",,,"オーイズミ","5号機","A","3S1033","2014/5/1","0","0","0"
"7373","S","ハイサイ蝶特急ターボ","ハイサイ蝶特急ターボA",,,"タイヨー","5号機","AT","4S0120","2014/5/1","0","0","0"
"7371","S","パチスロ マクロスフロンティア2","パチスロマクロスフロンティア2G",,,"SANKYO","5号機","ART","4S0166","2014/4/1","0","0","0"
"7359","S","パチスロサムライチャンプルー流転輪廻","サムライチャンプルー流転輪廻X",,,"ニューギン","5号機","ART","3S1053","2014/4/1","0","0","0"
"7354","S","パチスロ ロストアイランド","ロストアイランドXA",,,"サミー","5号機","AT","4S0077","2014/5/1","0","0","0"
"7350","S","ニューペガサス","ニューペガサス",,,"エマ","5号機","A","3S1253","","0","0","0"
"7348","S","ハイハイハイビ-30","ハイビGX-30",,,"パイオニア","5号機","A","3S0695","2014/4/1","0","0","0"
"7345","S","スロット ジャックポット","スロットジャックポット",,,"岡崎産業","5号機","A","2S0772","2014/3/1","0","0","0"
"7340","S","緑ドンVIVA2","緑ドンVIVA2MR",,,"エレコ","5号機","ART","3S1228","2014/4/1","0","0","0"
"7337","S","マジックモンスター3 ぶっちぎり!魔界グランプリ","マジックモンスター3J2",,,"オリンピア","5号機","AT","3S1249","2014/4/1","0","0","0"
"7336","S","パチスロモンスターハンター月下雷鳴","モンスターハンター月下雷鳴ZX",,,"エンターライズ","5号機","AT","3S0962","2014/3/1","0","0","0"
"7328","S","喧嘩祭","喧嘩祭KR",,,"KPE","5号機","AT","3S0735","2014/4/1","0","0","0"
"7321","S","サムライスピリッツ~剣豪八番勝負~","サムライスピリッツ剣豪八番勝負AC",,,"SNKプレイモア","5号機","AT","3S1214","2014/3/1","0","0","0"
"7317","S","パチスロ モンキーターンII","モンキーターン2TT",,,"山佐","5号機","AT","4S0051","2014/3/1","0","0","0"
"7316","S","ンゴロポポス~ピンチ!捕われの爺~","ンゴロポポスA5",,,"大都技研","5号機","ART","3S0917","2014/2/1","0","0","0"
"7314","S","ジャックポットドリームプラス","ジャックポットドリームプラスD1",,,"岡崎産業","5号機","ART","3S1112","2014/2/1","0","0","0"
"7312","S","ハッピージャグラーVII","ハッピージャグラーV II KK",,,"北電子","5号機","A","3S0869","2014/4/1","0","0","0"
"7311","S","マタドール-30","マタドールKA-30",,,"北電子","5号機","A","3S0533","2014/4/1","0","0","0"
"7308","S","ビッグボーナスX64","ビッグボーナスX64A",,,"タイヨー","5号機","A","3S1100","2014/3/1","0","0","0"
"7305","S","ヱヴァンゲリヲン~決意の刻~","ヱヴァンゲリヲン・決意の刻",,,"ビスティ","5号機","RT","3S1032","2014/1/1","0","0","0"
"7299","S","アナザーゴッドハーデス-奪われたZEUSver.-","アナザーゴッドハーデス-X","アナザーゴッドハーデス-奪われた",,"ミズホ","5号機","AT","3S0800","2014/2/1","0","0","0"
"7298","S","パチスロ聖闘士星矢 黄金激闘編","パチスロ聖闘士星矢黄金激闘編YL",,,"三洋物産","5号機","AT","3S1130","2014/2/1","0","0","0"
"7296","S","パチスログラップラー刃牙~最大トーナメント編~","グラップラー刃牙~最大トーナメント編~Y",,,"ニューギン","5号機","ART","3S0751","2014/2/1","0","0","0"
"7291","S","クイーンオアシス","クイーンオアシスDX",,,"パイオニア","5号機","A","3S0679","2014/2/1","0","0","0"
"7287","S","主役は銭形2","主役は銭形2B5",,,"オリンピア","5号機","AT","3S1017","2014/1/1","0","0","0"
"7283","S","ゲゲゲの鬼太郎 ブラック鬼太郎の野望","ゲゲゲノキタロウFSF",,,"藤商事","5号機","ART","3S1003","2014/2/1","0","0","0"
"7275","S","パチスロ輪廻のラグランジェ","ラグランジェZR",,,"サミー","5号機","AT","3S0984","2014/1/1","0","0","0"
"7272","S","バジリスク~甲賀忍法帖~絆","バジリスク絆MKバジリスク絆TK",,,"エレコ","5号機","AT","3S0950","2014/1/1","0","0","0"
"7270","S","ジャックポット","ジャックポットY6",,,"ヤーマ","5号機","A","3S0992","","0","0","0"
"7269","S","SLOT魔法少女まどか☆マギカ","魔法少女まどか☆マギカA",,,"メーシー","5号機","ART","3S0820","2013/12/1","0","0","0"
"7266","S","機動戦士ガンダム","パチスロ機動戦士ガンダムFW",,,"ビスティ","5号機","ART","3S0941","2014/1/1","0","0","0"
"7265","S","シティーハンター","シティーハンターA1",,,"オリンピア","5号機","AT","3S0879","2013/12/1","0","0","0"
"7260","S","パチスロ仮面ライダー UNLIMITED","パチスロ仮面ライダーZR",,,"タイヨーエレック","5号機","AT","3S0776","2013/12/1","0","0","0"
"7259","S","パチスロ クイーンズブレイド2 玉座を継ぐ者 バトルバージョン","クイーンズブレイドGB",,,"JPS","5号機","AT","3S0145","2013/11/1","0","0","0"
"7247","S","パチスロ獣王 王者の帰還","獣王ZS",,,"サミー","5号機","AT","3S0773","2013/11/1","0","0","0"
"7245","S","うる星やつら3","パチスロうる星やつら3ZA",,,"銀座","5号機","AT","3S0746","2013/11/1","0","0","0"
"7243","S","吉宗（5号機）","吉宗A3",,,"大都技研","5号機","AT","3S0711","2013/12/1","0","0","0"
"7242","S","パチスロうみねこのなく頃に","パチスロうみねこのなく頃にHX",,,"オーイズミ","5号機","RT","3S0831","2014/1/1","0","0","0"
"7239","S","パチスロ湘南純愛組!","湘南純愛組!-Z",,,"ニューギン","5号機","ART","3S0527","2013/11/1","0","0","0"
"7238","S","スゴスロ","スゴスロ-C",,,"ネット","5号機","AT","3S0780","2013/11/1","0","0","0"
"7237","S","激闘!西遊記","激闘!西遊記KT",,,"KPE","5号機","AT","3S0815","2014/1/1","0","0","0"
"7222","S","パチスロ スタードライバー","パチスロスタードライバーGG",,,"山佐","5号機","ART","3S0386","2013/11/1","0","0","0"
"7215","S","パチスロ タイガーマスク","パチスロタイガーマスクS",,,"SANKYO","5号機","ART","3S0671","2013/11/1","0","0","0"
"7207","S","パチスロ ギルティギア","ギルティギアヴァステッジXT",,,"D-light","5号機","ART","3S0620","2013/11/1","0","0","0"
"7206","S","パチスロラブ嬢","パチスロラブ嬢A1",,,"オリンピア","5号機","AT","3S0656","2013/10/1","0","0","0"
"7200","S","戦国パチスロ 花の慶次~これより我ら修羅に入る~","花の慶次~これより我ら修羅に入る~Y",,,"ニューギン","5号機","AT","3S0615","2013/9/1","0","0","0"
"7199","S","パチスロ交響詩篇エウレカセブン2","エウレカセブン2ZZ",,,"サミー","5号機","AT","3S0708","2013/10/1","0","0","0"
"7197","S","マジカルハロウィン4","マジカルハロウィン4KA",,,"KPE","5号機","ART","3S0589","2013/11/1","0","0","0"
"7192","S","クイーンハナハナ-30","クイーンハナハナEX-30",,,"パイオニア","5号機","A","3S0636","2013/10/1","0","0","0"
"7190","S","猛虎花形","猛虎花形CC",,,"スパイキー","5号機","AT","3S0448","2013/10/1","0","0","0"
"7188","S","戦空のキセキ~SKY LOVE~","戦空のキセキAC",,,"SNKプレイモア","5号機","AT","3S0625","2013/10/1","0","0","0"
"7187","S","テイルズ オブ デスティニー","テイルズオブデスティニーN",,,"北電子","5号機","ART","3S0628","2013/11/1","0","0","0"
"7182","S","続・回胴のジャンゴ","続回胴のジャンゴ",,,"タイヨー","5号機","AT","3S0091","2013/10/1","0","0","0"
"7181","S","パチスロ化物語","化物語ZX",,,"サミー","5号機","AT","3S0599","2013/9/1","0","0","0"
"7178","S","Persona4 The SLOT","Persona4 The SLOT-Y",,,"ニューギン","5号機","ART","3S0598","2013/9/1","0","0","0"
"7175","S","トリプルクラウンスペシャル-30","トリプルクラウンSP-30",,,"清龍ゲームジャパン","5号機","A","3S0482","2013/8/1","0","0","0"
"7170","S","ジャックポットドリーム","ジャックポットドリームD1",,,"岡崎産業","5号機","ART","3S0389","2013/8/1","0","0","0"
"7166","S","ウルトラマンウォーズ","ウルトラマンウォーズH",,,"ビスティ","5号機","ART","3S0505","2013/9/1","0","0","0"
"7165","S","デビルメイクライ4","デビルメイクライ4 覚醒YA",,,"エンターライズ","5号機","ART","3S0326","2013/9/1","0","0","0"
"7164","S","なでしこ侍","なでしこ侍-B",,,"ネット","5号機","ART","3S0306","2013/9/1","0","0","0"
"7162","S","レインボースリーセブンS1-30","レインボースリーセブンS1-30",,,"ベルコ","5号機","AT","3S0374","2014/9/1","0","0","0"
"7158","S","リバティベルV","リバティベルファイブT",,,"アクロス","5号機","ART","3S0314","2013/9/1","0","0","0"
"7155","S","パチスロ カメレオン","カメレオンR",,,"タイヨーエレック","5号機","ART","2S1299","2013/8/1","0","0","0"
"7154","S","ボンバーパワフルII","ボンバーパワフルII Z",,,"SANKYO","5号機","ART","3S0516","2013/9/1","0","0","0"
"7144","S","2027III","ニーマルニーナナサード3",,,"スター","5号機","ART","3S0411","2013/9/1","0","0","0"
"7140","S","パチスロ PROJECT ARMS","プロジェクトアームズW",,,"ニューギン","5号機","ART","3S0298","2013/8/1","0","0","0"
"7137","S","パチスロRAVE~エンドレスラッシュ~","パチスロRAVE FSG",,,"藤商事","5号機","ART","3S0440","2013/8/1","0","0","0"
"7136","S","戦国乙女~剣戟に舞う白き剣聖~","戦国乙女 剣戟に舞う白き剣聖A1",,,"オリンピア","5号機","ART","3S0295","2013/8/1","0","0","0"
"7135","S","パチスロ クイーンズブレイド2 玉座を継ぐ者","クイーンズブレイドGC",,,"JPS","5号機","AT","3S0292","2013/7/1","0","0","0"
"7131","S","パチスロ 笑ゥせぇるすまん 2","パチスロ笑ゥせぇるすまん2KF",,,"三洋物産","5号機","ART","3S0356","2013/8/1","0","0","0"
"7129","S","回胴黙示録カイジ3","カイジ3S",,,"ロデオ","5号機","AT","3S0271","2013/8/1","0","0","0"
"7127","S","学園黙示録 HIGH SCHOOL OF THE DEAD","H.O.T.D_BB",,,"スパイキー","5号機","ART","3S0304","2013/7/1","0","0","0"
"7126","S","魂斗羅3D","魂斗羅TE",,,"KPE","5号機","AT","2S1141","2013/8/1","0","0","0"
"7118","S","パチスロゼーガペイン","パチスロゼーガペインFF",,,"山佐","5号機","AT","3S0297","2013/8/1","0","0","0"
"7116","S","パチスロBADBOYS","BADBOYS0A",,,"岡崎産業","5号機","ART","3S0063","2013/7/1","0","0","0"
"7114","S","みんなのジャグラー","みんなのジャグラーC",,,"北電子","5号機","A","2S1401","2013/6/1","0","0","0"
"7113","S","大漁II","大漁II T",,,"北電子","5号機","A","2S1087","2013/6/1","0","0","0"
"7112","S","ラクラクビスカス","ラクラクビスカスNA",,,"パイオニア","5号機","A","3S0252","2013/7/1","0","0","0"
"7109","S","ぱちスロAKB48","パチスロAKB48P",,,"京楽","5号機","ART","3S0240","2013/7/1","0","0","0"
"7108","S","緑ドン~キラメキ!炎のオーロラ伝説~","緑ドン3-D",,,"エレコ","5号機","ART","3S0268","2013/7/1","0","0","0"
"7102","S","美らん娘-30","チュランコ01-30",,,"岡崎産業","5号機","A","3S0109","2013/8/1","0","0","0"
"7101","S","パチスロQP","キューピーCX",,,"オーイズミ","5号機","AT","3S0228","2013/7/1","0","0","0"
"7099","S","ドラゴンギャル~修羅の野望~","ドラゴンギャル3D",,,"SNKプレイモア","5号機","AT","3S0201","2013/6/1","0","0","0"
"7098","S","パチスロ 英雄伝説 空の軌跡 THE ANIMATION","英雄伝説空の軌跡J",,,"ニューギン","5号機","ART","3S0175","2013/6/1","0","0","0"
"7093","S","忍魂弐~烈火ノ章~","忍魂弐A2",,,"大都技研","5号機","ART","3S0129","2013/6/1","0","0","0"
"7083","S","コイコイマハロ-30","コイコイマハロKK-30",,,"北電子","5号機","A","3S0039","2013/5/1","0","0","0"
"7080","S","スナイパイ72","スナイパイ72-A",,,"ネット","5号機","AT","3S0161","2013/6/1","0","0","0"
"7079","S","パチスロアタックNo.1~開幕!世界選手権~","パチスロアタックNo.1世界編KJ",,,"三洋物産","5号機","ART","3S0019","2013/6/1","0","0","0"
"7065","S","キャプテンパルサー","キャプテンパルサー2F",,,"山佐","5号機","AT","2S1144","2013/5/1","0","0","0"
"7062","S","まじかるすいーとプリズム・ナナ","まじかるすいーとプリズム・ナナSF",,,"DAXEL","5号機","ART","3S0087","2013/5/1","0","0","0"
"7061","S","パチスロ北斗の拳 転生の章","パチスロ北斗の拳 転生の章ZA",,,"サミー","5号機","AT","3S0088","2013/5/1","0","0","0"
"7060","S","ハローサンタアルティメットマシンガンバージョン","ハローサンタUMV-S",,,"タイヨー","5号機","ART","3S0064","2013/6/1","0","0","0"
"7059","S","スーパー花浪漫2-30","スーパー花浪漫2-30",,,"タイヨー","5号機","A","3S0041","2013/5/1","0","0","0"
"7056","S","キャッツ・アイ-コレクション奪還作戦","キャッツアイ-コレクション奪還作戦A2",,,"オリンピア","5号機","ART","2S1464","2013/5/1","0","0","0"
"7048","S","パチスロ 創聖のアクエリオンII","パチスロ創聖のアクエリオンII G",,,"SANKYO","5号機","ART","2S1348","2013/5/1","0","0","0"
"7039","S","鬼の城","鬼の城T",,,"メーシー","5号機","ART","2S1145","2013/5/1","0","0","0"
"7038","S","龍虎の拳","龍虎の拳B",,,"SNKプレイモア","5号機","AT","2S1388","2013/5/1","0","0","0"
"7036","S","戦国パチスロ信長の野望-天下創世-「2013年」","パチスロ信長の野望-天下創世-J",,,"ニューギン","5号機","ART","3S0089","2013/4/1","0","0","0"
"7031","S","クランキーコレクション","クランキーコレクションCL",,,"アクロス","5号機","A","2S1341","2013/3/1","0","0","0"
"7030","S","新鬼武者 再臨","新鬼武者AW",,,"ロデオ","5号機","AT","2S1419","2013/3/1","0","0","0"
"7029","S","パチスロ戦国嵐","パチスロ戦国嵐KG",,,"三洋物産","5号機","AT","2S1424","2013/4/1","0","0","0"
"7027","S","アントニオ猪木が伝説にするパチスロ機","アントニオ猪木が伝説にするパチスロ機P",,,"オリンピア","5号機","ART","2S1297","2013/3/1","0","0","0"
"7026","S","キンバリー-30","キンバリーA-30",,,"パイオニア","5号機","A","2S0608","2013/3/1","0","0","0"
"7025","S","スーパーシオ-30","スーパーシオA-30",,,"パイオニア","5号機","A","2S1457","2013/3/1","0","0","0"
"7021","S","パチスロ戦国無双2","パチスロセンゴクムソウ2E",,,"山佐","5号機","AT","2S1002","2013/4/1","0","0","0"
"7014","S","鬼浜爆走紅蓮隊~友情挽歌編~","オニハマバクソウグレンタイ3S",,,"ベルコ","5号機","AT","2S1380","2013/4/1","0","0","0"
"7013","S","パチスロあしたのジョー2","パチスロあしたのジョー2ZS",,,"タイヨーエレック","5号機","AT","2S1079","2013/3/1","0","0","0"
"7004","S","ジャグラーガールズ","ジャグラーガールズK",,,"北電子","5号機","A","2S1131","2013/4/1","0","0","0"
"6993","S","パチスロ「EVANGELION」","EVANGELION・A",,,"ビスティ","5号機","ART","2S1267","2013/2/1","0","0","0"
"6991","S","絶対衝激II","絶対衝激2G",,,"アリストクラートテクノロジーズ","5号機","AT","2S1234","2013/2/1","0","0","0"
"6985","S","ヴァン・ヘルシング~ハンティングラッシュ~","ヴァン・ヘルシングFSB",,,"藤商事","5号機","ART","2S1210","2013/2/1","0","0","0"
"6982","S","パチスロ天才バカボン","パチスロ天才バカボン7",,,"D-light","5号機","ART","2S1189","2013/2/1","0","0","0"
"6981","S","メタルスラッグ3","メタルスラッグ3C",,,"SNKプレイモア","5号機","ART","2S1023","2013/2/1","0","0","0"
"6980","S","ハイサイ蝶特急2","ハイサイ蝶特急2",,,"タイヨー","5号機","ART","2S1296","2013/2/1","0","0","0"
"6976","S","メガミリオネア ヴィーナスヴァージョン","メガミリオネアM",,,"ラスター","5号機","ART","2S1158","2013/2/1","0","0","0"
"6974","S","パチスロ らんま1/2「2013年」","パチスロ らんま1/2S",,,"SANKYO","5号機","ART","2S1179","2013/1/1","0","0","0"
"6963","S","スカイガールズ~よろしく!ゼロ~","スカイガールズFU",,,"コナミアミューズメント","5号機","ART","2S1107","2013/2/1","0","0","0"
"6962","S","スペシャルジャックポット","スペシャルジャックポット",,,"岡崎産業","5号機","A","2S1115","2013/1/1","0","0","0"
"6961","S","パチスロ宇宙戦艦ヤマト2~テレサ、愛の導き~","パチスロ宇宙戦艦ヤマト2",,,"山佐","5号機","ART","2S0886","2013/1/1","0","0","0"
"6954","S","魁!!男塾 天挑五輪大武會編","魁!!男塾2AS",,,"ロデオ","5号機","AT","2S1180","2013/1/1","0","0","0"
"6944","S","DARKER THAN BLACK-黒の契約者-","ダーカーザンブラックA",,,"SNKプレイモア","5号機","ART","2S0966","2013/1/1","0","0","0"
"6942","S","ヒマワリパラダイス H1","ヒマワリパラダイスH1",,,"ソフィア","5号機","A","2S0952","2013/1/1","0","0","0"
"6941","S","ヒマワリパラダイス A3","ヒマワリパラダイスA3",,,"ソフィア","5号機","A","2S0454","2013/10/1","0","0","0"
"6940","S","十字架2","十字架2SD",,,"ネット","5号機","AT","2S1164","2013/1/1","0","0","0"
"6937","S","ケータイ少女","ケータイ少女S",,,"北電子","5号機","ART","2S0939","2013/1/1","0","0","0"
"6936","S","デュアルストーリー","デュアルストーリーN",,,"北電子","5号機","ART","2S0601","2013/1/1","0","0","0"
"6929","S","ゴルゴ13-薔薇十字団の陰謀-","ゴルゴ13薔薇十字団の陰謀",,,"オリンピア","5号機","ART","2S0867","2013/1/1","0","0","0"
"6927","S","ミリオンゴッド-神々の系譜-ZEUS ver.","ミリオンゴッド-神々の系譜-ゼウスUV",,,"エレコ","5号機","ART","2S1080","2013/1/1","0","0","0"
"6926","S","パチスロ攻殻機動隊S.A.C.","攻殻機動隊F",,,"サミー","5号機","AT","2S1031","2012/12/1","0","0","0"
"6913","S","キュロゴス2","キュロゴス2E",,,"山佐","5号機","ART","2S0984","2012/11/1","0","0","0"
"6908","S","麻雀物語2 激闘!麻雀グランプリ","麻雀物語2激闘!麻雀グランプリY",,,"オリンピア","5号機","ART","2S0937","2012/11/1","0","0","0"
"6907","S","SLOT牙狼","SLOT牙狼XG",,,"エレコ","5号機","ART","2S1032","2012/12/1","0","0","0"
"6906","S","戦国コレクション","戦国コレクションTU",,,"KPE","5号機","AT","2S1008","2013/1/1","0","0","0"
"6901","S","秘宝伝~太陽を求める者達~","秘宝伝太陽を求める者達M",,,"大都技研","5号機","ART","2S0968","2012/11/1","0","0","0"
"6893","S","バイオハザード5","バイオハザード5Z",,,"エンターライズ","5号機","ART","2S0907","2012/12/1","0","0","0"
"6892","S","ビキニパイ2","ビキニパイ2",,,"ネット","5号機","ART","2S0869","2012/11/1","0","0","0"
"6891","S","ビガーSpecial","ビガーR",,,"エマ","5号機","ART","2S0863","2012/11/1","0","0","0"
"6886","S","パチスロ大工の源さん~いくぜっ!炎の源祭編~","パチスロ大工の源さん2炎の源祭編ZP",,,"三洋物産","5号機","ART","2S0598","2013/1/1","0","0","0"
"6884","S","BASTARD!!","BASTARD!!DG",,,"DAXEL","5号機","ART","2S0832","2012/11/1","0","0","0"
"6879","S","戦国パチスロ 花の慶次~天に愛されし漢~","花の慶次~天に愛されし漢~W",,,"ニューギン","5号機","ART","2S0897","2012/10/1","0","0","0"
"6870","S","ニューワンバー-30","ニューワンバーE-30",,,"ベルコ","5号機","ART","2S0635","2012/9/1","0","0","0"
"6868","S","ドカベン","ドカベン2G",,,"タイヨーエレック","5号機","ART","2S0764","2012/9/1","0","0","0"
"6856","S","KOF3","KOF3D",,,"SNKプレイモア","5号機","ART","2S0740","2012/10/1","0","0","0"
"6853","S","ランブルローズ3D","ランブルローズ3DZ",,,"KPE","5号機","ART","2S0721","2012/11/1","0","0","0"
"6852","S","キュインぱちすろ南国育ち 1st vacation","キュインぱちすろ南国育ちY",,,"オリンピア","5号機","ART","2S0776","2012/10/1","0","0","0"
"6850","S","2027 Revise","ニーマルニーナナリヴァイズ2",,,"スター","5号機","ART","2S0689","2012/10/1","0","0","0"
"6846","S","パチスロ 一騎当千XX","一騎当千XX3",,,"バルテック","5号機","ART","2S0713","2012/9/1","0","0","0"
"6833","S","パチスロキン肉マン~キン肉星王位争奪編~","パチスロキンニクマン2S-D",,,"山佐","5号機","ART","2S0595","2012/10/1","0","0","0"
"6832","S","ドラゴンハナハナ-30","Dハナハナ-30",,,"パイオニア","5号機","A","2S0582","2012/9/1","0","0","0"
"6831","S","美らがっぱ","チュラガッパFSAチュラガッパ30FSA",,,"藤商事","5号機","A","2S0267","2012/8/1","0","0","0"
"6828","S","リングにかけろ1 ギリシア十二神編","リングにかけろ1 ギリシア十二神編X",,,"サミー","5号機","ART","2S0645","2012/9/1","0","0","0"
"6827","S","トロピカーナ-30","トロピカーナP-30",,,"エレコ","5号機","ART","2S0518","2012/9/1","0","0","0"
"6826","S","トロピカーナ-25","トロピカーナC",,,"エレコ","5号機","ART","2S0501","2012/9/1","0","0","0"
"6820","S","クレアの秘宝伝~はじまりの扉と太陽の石~","クレアの秘宝伝K",,,"大都技研","5号機","A","1S1039","2012/8/1","0","0","0"
"6810","S","パチスロ 覇王伝 零","回胴覇王伝零S",,,"SANKYO","5号機","ART","2S0359","2012/8/1","0","0","0"
"6809","S","夜王","夜王R",,,"ビスティ","5号機","ART","2S0427","2012/8/1","0","0","0"
"6804","S","パチスロ聖闘士星矢","パチスロ聖闘士星矢KK",,,"三洋物産","5号機","ART","2S0549","2012/9/1","0","0","0"
"6802","S","戦人~上杉謙信~","戦人上杉謙信KH",,,"KPE","5号機","ART","2S0537","2012/8/1","0","0","0"
"6799","S","マイジャグラーII","マイジャグラーII KK",,,"北電子","5号機","A","3S0218","2012/7/1","0","0","0"
"6798","S","マハロ-30","マハロE-30",,,"北電子","5号機","A","2S0225","2012/8/1","0","0","0"
"6789","S","パチスロ喰霊-零-","パチスロガレイゼロC",,,"オーイズミ","5号機","ART","2S0497","2012/10/1","0","0","0"
"6788","S","兎-野性の闘牌-","兎-野性の闘牌-W",,,"ニューギン","5号機","ART","2S0271","2012/8/1","0","0","0"
"6778","S","押忍!!豪炎高校應援團","ゴウエンコウコウオウエンダンZ",,,"山佐","5号機","ART","2S0398","2012/8/1","0","0","0"
"6774","S","パチスロ海物語ミラクルマリン","パチスロ海物語ミラクルマリンKD",,,"三洋物産","5号機","ART","2S0268","2012/8/1","0","0","0"
"6766","S","メガミリオネア","メガミリオネアV",,,"ラスター","5号機","ART","2S0445","2012/7/1","0","0","0"
"6763","S","シオサイA-30","シオサイA-30",,,"パイオニア","5号機","A","2S0419","2012/7/1","0","0","0"
"6759","S","ドンちゃん祭","ドンちゃん祭NB",,,"エレコ","5号機","ART","2S0275","2012/8/1","0","0","0"
"6756","S","パチスロ パトラッシュ","パチスロ パトラッシュV",,,"SANKYO","5号機","ART","2S0385","2012/7/1","0","0","0"
"6749","S","スーパー5","スーパー5",,,"ネイチャー・アセスメント","5号機","ART","2S0307","2012/7/1","0","0","0"
"6745","S","天空のシンフォニア~光を求めて~","テンクウノシンフォニアヒカリヲモトメテ",,,"コルモ","5号機","ART","2S0338","2012/7/1","0","0","0"
"6742","S","餓狼伝説☆双撃","餓狼伝説☆双撃C",,,"SNKプレイモア","5号機","ART","2S0222","2012/6/1","0","0","0"
"6740","S","シンデレラブレイド","シンデレラ×ブレイドB",,,"ネット","5号機","ART","2S0297","2012/7/1","0","0","0"
"6738","S","めぞん一刻~夏色の風と~","めぞん一刻夏色の風と/A",,,"オリンピア","5号機","ART","2S0252","2012/6/1","0","0","0"
"6737","S","アイドルマスターライブインスロット","アイドルマスターライブインスロットZ",,,"サミー","5号機","ART","2S0245","2012/6/1","0","0","0"
"6732","S","天 天和通りの快男児","テンXSFB",,,"藤商事","5号機","ART","1S1158","2012/5/1","0","0","0"
"6728","S","GTO~Limit Break~","GTO~LimitBreak~R",,,"ビスティ","5号機","ART","2S0011","2012/6/1","0","0","0"
"6727","S","セブンバー30","セブンバーR30",,,"コナミアミューズメント","5号機","A","2S0272","2012/7/1","0","0","0"
"6724","S","ニューパルサーSP","ニューパルサーSP-B",,,"山佐","5号機","A","2S0079","2012/6/1","0","0","0"
"6723","S","それいけ!こすみっくヒーローズ","それいけ!こすみっくヒーローズE",,,"オーイズミ","5号機","ART","2S0164","2012/6/1","0","0","0"
"6720","S","パイレーツワールド","パイレーツワールドU",,,"大都技研","5号機","ART","2S0091","2012/5/1","0","0","0"
"6715","S","鉄のラインバレル","鉄のラインバレルC",,,"スパイキー","5号機","ART","2S0175","2012/6/1","0","0","0"
"6714","S","パチスロ 熱血!華成学園ヒーロー部","熱血!華成学園~正義参上~XF",,,"D-light","5号機","ART","1S1274","2012/5/1","0","0","0"
"6705","S","スーパー花浪漫-30","スーパー花浪漫-30",,,"タイヨー","5号機","A","1S1205","2012/5/1","0","0","0"
"6699","S","スカイラブ4","スカイラブ4A",,,"SNKプレイモア","5号機","ART","2S0200","2012/5/1","0","0","0"
"6692","S","SOLAR7","ソーラーセブン1A",,,"ハイライツ・エンタテインメント","5号機","RT","1S1112","2012/5/1","0","0","0"
"6691","S","スパイガール2","スパイガール2P",,,"KPE","5号機","ART","2S0029","2012/5/1","0","0","0"
"6690","S","バジリスク~甲賀忍法帖~II","バジリスクII-NH",,,"メーシー","5号機","ART","2S0260","2012/6/1","0","0","0"
"6689","S","パチスロ鉄拳デビルVer.","パチスロ鉄拳2デビルVer.",,,"山佐","5号機","ART","2S0004","2012/5/1","0","0","0"
"6688","S","オアシス","オアシスA",,,"パイオニア","5号機","A","2S0051","2012/6/1","0","0","0"
"6687","S","トリプルクラウンZERO-30","トリプルクラウンZERO-30",,,"清龍ゲームジャパン","5号機","A","2S0065","2012/4/1","0","0","0"
"6686","S","真田純勇士すぺしゃる","真田純勇士すぺしゃるW",,,"ニューギン","5号機","ART","1S1318","2012/5/1","0","0","0"
"6685","S","ねぇ~ねぇ~島娘","ねぇ~ねぇ~島娘2",,,"オリンピア","5号機","ART","2S0138","2012/4/1","0","0","0"
"6680","S","パチスロ コードギアス 反逆のルルーシュ","コードギアス反逆のルルーシュZF",,,"サミー","5号機","ART","2S0027","2012/4/1","0","0","0"
"6675","S","パチスロ マクロスフロンティア はじまりの歌、銀河に響け!","パチスロ マクロスフロンティア はじまりの歌、銀河に響け!A",,,"SANKYO","5号機","ART","2S0018","2012/4/1","0","0","0"
"6664","S","パチスロ クイーンズブレイド 流浪の戦士","クイーンズブレイドR2",,,"JPS","5号機","RT","2S0037","2012/4/1","0","0","0"
"6660","S","一騎当千3 Valiant Venus","一騎当千3",,,"タイヨー","5号機","ART","1S1217","2012/4/1","0","0","0"
"6656","S","フルメタル・パニック!TSR","フルメタル・パニック!TSR M",,,"タイヨーエレック","5号機","ART","1S0797","2012/4/1","0","0","0"
"6653","S","チャレンジマンA","チャレンジマンA",,,"岡崎産業","5号機","ART","1S1037","2012/3/1","0","0","0"
"6649","S","パチスロ「モンスターハンター」","モンスターハンターZS",,,"ロデオ","5号機","ART","1S1230","2012/3/1","0","0","0"
"6641","S","ニューアイムジャグラーEX","ニューアイムジャグラーEX-C",,,"北電子","5号機","A","1S1213","2012/3/1","0","0","0"
"6637","S","パチスロ「銀河鉄道999」","パチスロギンガテツドウ999S",,,"山佐","5号機","ART","1S1242","2012/3/1","0","0","0"
"6622","S","女番長","スケバンC",,,"コナミアミューズメント","5号機","ART","1S1167","2012/3/1","0","0","0"
"6621","S","夜勤病棟 壱","夜勤病棟壱",,,"JIN","5号機","RT","1S1034","2012/2/1","0","0","0"
"6620","S","シスタークエスト3~黄金の大地と東の勇者~","シスタークエスト3E",,,"SNKプレイモア","5号機","ART","1S1072","2012/3/1","0","0","0"
"6616","S","天誅~Deadly Blow~","天誅DeadlyBlow-Z",,,"ニューギン","5号機","ART","1S1124","2012/3/1","0","0","0"
"6610","S","新・ドロンジョにおまかせ","新・ドロンジョにおまかせC",,,"オリンピア","5号機","ART","1S1155","2012/2/1","0","0","0"
"6607","S","パチスロ ミッションインポッシブル","ミッションインポッシブル",,,"D-light","5号機","ART","1S0937","2012/2/1","0","0","0"
"6602","S","ヱヴァンゲリヲン~生命の鼓動~","ヱヴァンゲリヲン・生命の鼓動",,,"ビスティ","5号機","RT","1S1168","2012/2/1","0","0","0"
"6601","S","世界で叩け!モグモグ風林火山","世界で叩け!モグモグ風林火山ML",,,"ネット","5号機","ART","1S1119","2012/2/1","0","0","0"
"6596","S","チェリーパラダイス","チェリーパラダイスA3",,,"ソフィア","5号機","A","1S0966","2012/2/1","0","0","0"
"6590","S","ToHeart2","トゥハート2",,,"タイヨーエレック","5号機","ART","1S0600","2012/2/1","0","0","0"
"6586","S","パチスロ サクラ大戦3 ~Loop ver.~","サクラ大戦3RR",,,"サミー","5号機","ART","1S0215","2012/1/1","0","0","0"
"6585","S","BLACK LAGOON","ブラックラグーンB",,,"スパイキー","5号機","ART","1S0867","2012/2/1","0","0","0"
"6581","S","ぷよぷよ!M","ぷよぷよ!M",,,"タイヨーエレック","5号機","ART","0S1342","2011/12/1","0","0","0"
"6567","S","コンチネンタルV","コンチネンタルファイブ",,,"メーシー","5号機","ART","1S0658","2012/2/1","0","0","0"
"6560","S","パチスロ鉄拳2nd","パチスロ鉄拳2ZX",,,"山佐","5号機","ART","1S0918","2012/1/1","0","0","0"
"6559","S","BIG APPLE-30","ビッグアップルA30",,,"イープレイ","5号機","RT","0S0527","","0","0","0"
"6552","S","ハイパー娘","ハイパー娘A",,,"SNKプレイモア","5号機","ART","1S0724","2011/12/1","0","0","0"
"6551","S","トリプルチャンスV-30","トリプルチャンスV-30",,,"ウィザード","5号機","A","1S0904","2011/12/1","0","0","0"
"6548","S","悪魔城ドラキュラIII","悪魔城ドラキュラIIIY",,,"KPE","5号機","ART","1S0769","2012/1/1","0","0","0"
"6544","S","クイーンジャック-30","クイーンジャック-30",,,"岡崎産業","5号機","A","1S0667","","0","0","0"
"6543","S","クイーンジャック","クイーンジャック",,,"岡崎産業","5号機","A","1S0214","2011/11/1","0","0","0"
"6542","S","不二子~100億$の女神~","不二子100億$の女神Y",,,"オリンピア","5号機","RT","1S0767","2012/1/1","0","0","0"
"6541","S","PiaキャロットへようこそG.O.","PiaキャロットへようこそGO-S",,,"タイヨー","5号機","ART","1S0880","2011/12/1","0","0","0"
"6535","S","パチスロ「黒ひげ危機一発」","黒ひげ危機一発B",,,"山佐","5号機","ART","0S0192","2011/11/1","0","0","0"
"6534","S","巨人の星V","巨人の星5E",,,"アリストクラートテクノロジーズ","5号機","ART","1S0757","2011/11/1","0","0","0"
"6526","S","ストリートファイターIV","ストリートファイターIVX",,,"エンターライズ","5号機","ART","1S0375","2011/11/1","0","0","0"
"6523","S","アゲパラ","アゲパラ",,,"SANKO","5号機","RT","1S0587","2011/11/1","0","0","0"
"6522","S","クロスバレット","クロスバレット",,,"ニューギン","5号機","ART","1S0644","2011/11/1","0","0","0"
"6513","S","パチスロ北斗の拳 世紀末救世主伝説","パチスロ北斗の拳F",,,"サミー","5号機","ART","1S0777","2011/11/1","0","0","0"
"6506","S","浮浪雲","ハグレグモA5",,,"北電子","5号機","RT","1S0089","2011/11/1","0","0","0"
"6504","S","ミラクルジャグラーK","ミラクルジャグラーK",,,"北電子","5号機","A","1S0156","2011/11/1","0","0","0"
"6501","S","赤ドン雅","赤ドン雅Y",,,"エレコ","5号機","ART","1S0702","2011/11/1","0","0","0"
"6500","S","キャッツ・アイ -恋ふたたび","キャッツアイ恋ふたたびA",,,"オリンピア","5号機","ART","1S0751","2011/11/1","0","0","0"
"6497","S","がんばれゴエモン2 奇天烈回胴活劇","がんばれゴエモン2E",,,"KPE","5号機","ART","1S0401","2011/11/1","0","0","0"
"6496","S","ラーゼフォン","ラーゼフォンX",,,"ロデオ","5号機","ART","1S0691","2011/10/1","0","0","0"
"6492","S","必勝金閣寺物語~古都絢爛~","キンカクジモノガタリ",,,"コナミアミューズメント","5号機","ART","1S0722","2011/11/1","0","0","0"
"6491","S","押忍!番長2","オスバンチョウ2Q",,,"大都技研","5号機","ART","1S0622","2011/10/1","0","0","0"
"6488","S","デートラインギンガ3","デートラインギンガ3",,,"ラスター","5号機","ART","0S1343","2011/9/1","0","0","0"
"6478","S","バツ&テリー","バツアンドテリー",,,"バルテック","5号機","ART","1S0554","2011/10/1","0","0","0"
"6476","S","パチスロ「ケロット2」","ケロット2A",,,"山佐","5号機","A","1S0294","2011/10/1","0","0","0"
"6475","S","パチスロ快盗天使ツインエンジェル3","ツインエンジェル3X",,,"サミー","5号機","RT","1S0560","2011/9/1","0","0","0"
"6473","S","パチスロ X JAPAN","X JAPAN・強行突破F",,,"SANKYO","5号機","ART","1S0652","2011/10/1","0","0","0"
"6472","S","サムライスピリッツ鬼","サムライスピリッツ鬼C",,,"SNKプレイモア","5号機","ART","1S0638","2011/10/1","0","0","0"
"6469","S","REVO","レヴォVI",,,"スター","5号機","A","1S0570","2011/10/1","0","0","0"
"6460","S","キングハナハナ-30（5号機）","ハナハナK-30",,,"パイオニア","5号機","A","1S0054","2011/10/1","0","0","0"
"6458","S","ウイングマン","ウイングマンY",,,"オリンピア","5号機","ART","1S0489","2011/9/1","0","0","0"
"6453","S","エージェント・クライシス","エージェントクライシス",,,"エレコ","5号機","AT","1S0597","2011/9/1","0","0","0"
"6450","S","デルピエロ","デルピエロ",,,"オーイズミ","5号機","ART","1S0143","2011/9/1","0","0","0"
"6446","S","マジカルスロット 魔法少女隊アルス","マホウショウジョタイアルスFSB",,,"藤商事","5号機","ART","1S0531","2011/9/1","0","0","0"
"6445","S","激シーサー","激シーサー2",,,"ネット","5号機","ART","1S0137","2011/9/1","0","0","0"
"6443","S","スロット 未来少年コナン","未来少年コナンV",,,"ニューギン","5号機","ART","1S0277","2011/9/1","0","0","0"
"6439","S","探偵物語TURBO","探偵物語TURBO/Y",,,"オリンピア","5号機","ART","1S0346","2011/9/1","0","0","0"
"6435","S","夢夢ワールドDXII","夢夢ワールドDXIIZ",,,"SANKYO","5号機","ART","1S0513","2011/9/1","0","0","0"
"6434","S","政宗","マサムネW",,,"大都技研","5号機","ART","1S0427","2011/8/1","0","0","0"
"6427","S","旋風の用心棒 胡蝶の記憶","旋風の用心棒 胡蝶の記憶R",,,"ロデオ","5号機","ART","1S0382","2011/7/1","0","0","0"
"6426","S","パチスロ「ウルトラセブン」","パチスロウルトラセブンB",,,"山佐","5号機","ART","1S0081","2011/8/1","0","0","0"
"6424","S","ペガサスNEO","ペガサスNEO",,,"エマ","5号機","A","1S0456","2011/7/1","0","0","0"
"6415","S","トリプルクラウン25Φ","トリプルクラウン25T",,,"清龍ゲームジャパン","5号機","A","1S0376","2011/7/1","0","0","0"
"6414","S","ビッグフォーU-30","ビッグフォーUビッグフォーU-30",,,"ベルコ","5号機","A","0S1180","2011/7/1","0","0","0"
"6413","S","ビッグフォーU",,,,"ベルコ","5号機","A",,"2011/7/1","0","0","0"
"6412","S","アニマル","アニマル",,,"ラスター","5号機","ART","1S0183","1998/9/1","0","0","0"
"6411","S","銀と金","銀と金M",,,"タイヨーエレック","5号機","ART","1S0428","2011/8/1","0","0","0"
"6406","S","ぱちすろ黄門ちゃま 光れ!正義の印籠編!","ぱちすろ黄門ちゃまA",,,"オリンピア","5号機","ART","1S0387","2011/7/1","0","0","0"
"6402","S","GRADIUS THE SLOT","グラディウスD",,,"KPE","5号機","ART","1S0201","2011/7/1","0","0","0"
"6395","S","ミルキーマーチ","ミルキーマーチ",,,"パイオニア","5号機","A","1S0231","2011/7/1","0","0","0"
"6393","S","スカイラブ3","スカイラブ3F",,,"SNKプレイモア","5号機","ART","1S0370","2011/6/1","0","0","0"
"6392","S","トリプルチャンス-30","トリプルチャンス-30",,,"ウィザード","5号機","A","1S0329","2011/7/1","0","0","0"
"6391","S","サイバードラゴン2","サイバードラゴン2",,,"山佐","5号機","ART","1S0310","2011/6/1","0","0","0"
"6388","S","ミリオンゴッド~神々の系譜~","ミリオンゴッド-神々の系譜-E",,,"ミズホ","5号機","ART","1S0338","2011/7/1","0","0","0"
"6381","S","鬼浜外伝 ハヤト疾風伝","鬼浜外伝ハヤト疾風伝",,,"コナミアミューズメント","5号機","ART","1S0286","2011/6/1","0","0","0"
"6380","S","竜馬翔ける","竜馬翔ける",,,"岡崎産業","5号機","ART","1S0099","2011/7/1","0","0","0"
"6376","S","センゴク回胴記","センゴクカイドウキW",,,"ニューギン","5号機","ART","1S0051","2011/6/1","0","0","0"
"6372","S","大逆転","ダイギャクテン",,,"ラスター","5号機","ART","1S0184","2011/6/1","0","0","0"
"6363","S","パチスロエイリヤンビギンズ","エイリヤンビギンズA",,,"サミー","5号機","RT","1S0002","2011/5/1","0","0","0"
"6361","S","プロゴルファー猿","プロゴルファー猿B",,,"スパイキー","5号機","ART","1S0198","2011/6/1","0","0","0"
"6360","S","不死鳥 沖 圭一郎-30","不死鳥 沖圭一郎-30",,,"エマ","5号機","A","0S1292","","0","0","0"
"6359","S","リオスパ Rioの大温泉","リオの大温泉3",,,"ネット","5号機","A","1S0032","2011/6/1","0","0","0"
"6358","S","ハネスロ林家一家","林家一家X",,,"オーイズミ","5号機","ART","9S1356","2011/6/1","0","0","0"
"6357","S","蝶々乱舞","蝶々乱舞",,,"オリンピア","5号機","ART","1S0080","2011/6/1","0","0","0"
"6350","S","パチスロ 笑ゥせぇるすまん","笑ゥせぇるすまんKK",,,"三洋物産","5号機","ART","1S0180","2011/6/1","0","0","0"
"6345","S","サムライ7","サムライ7S",,,"ビスティ","5号機","ART","0S1418","2011/5/1","0","0","0"
"6344","S","ドラゴンギャル~ルーと伝説の黄金龍~","ドラゴンギャル2C",,,"SNKプレイモア","5号機","ART","0S1373","2011/5/1","0","0","0"
"6341","S","バリスタゴルフ","バリスタゴルフ",,,"アイウィル","5号機","ART","0S1414","2011/5/1","0","0","0"
"6336","S","メーメーパラダイス","ザコクチシリーズ",,,"ラスター","5号機","A","0S0846","","0","0","0"
"6333","S","雀龍桜花","雀龍桜花U",,,"KPE","5号機","ART","0S0961","2011/5/1","0","0","0"
"6332","S","ドラゴノーツ~ザ・レゾナンス~","ドラゴノーツ",,,"オリンピア","5号機","ART","0S1325","2011/5/1","0","0","0"
"6326","S","キングハイビ-30","キングハイビV-30",,,"パイオニア","5号機","A","0S1420","2011/6/1","0","0","0"
"6320","S","VIP ~いただきプロジェクト~","VIPイタダキプロジェクトU",,,"SNKプレイモア","5号機","ART","9S1449","2011/3/1","0","0","0"
"6319","S","ダイナミックサンダーV","ダイナミックサンダーVRF",,,"エレコ","5号機","RT","0S0887","2011/5/1","0","0","0"
"6318","S","ドルマッチ","ドルマッチ",,,"JPS","5号機","ART","0S1364","2011/4/1","0","0","0"
"6317","S","不死鳥 沖 圭一郎","不死鳥 沖圭一郎-25",,,"エマ","5号機","A","1S0018","","0","0","0"
"6314","S","レッツドラゴーン","レッツドラゴーン",,,"SANKO","5号機","A","0S0263","2011/6/1","0","0","0"
"6313","S","スターマン バイキング","スターマンS666",,,"SANKO","5号機","RT","0S1251","2011/6/1","0","0","0"
"6301","S","天下布武2","天下布武2A",,,"山佐","5号機","ART","1S0066","2011/4/1","0","0","0"
"6297","S","ココナナ","ココナナ",,,"ネット","5号機","ART","0S1185","2011/4/1","0","0","0"
"6289","S","パチスロ「ぼのぼの」~スウィートver.~","ぼのぼのスイート",,,"山佐","5号機","RT","0S1362","2011/3/1","0","0","0"
"6288","S","ハネスロ リラックマ","ハネスロRK",,,"オーイズミ","5号機","RT","0S0177","2011/5/1","0","0","0"
"6287","S","G-SPIN","ジースピン2",,,"ユニバーサルエンターテインメント","5号機","ART","9S1126","2011/3/1","0","0","0"
"6286","S","マジカルハロウィン3","マジカルハロウィン3N",,,"KPE","5号機","ART","0S1357","2011/9/1","0","0","0"
"6284","S","神たま2 ~あっぱれ超みこし祭~","カミタマ2A",,,"SNKプレイモア","5号機","ART","0S1386","2011/3/1","0","0","0"
"6279","S","パチスロ鉄拳伝タフ 2nd ROUND","パチスロ鉄拳伝タフ2Y",,,"オリンピア","5号機","ART","0S1224","2011/4/1","0","0","0"
"6276","S","パチスロスーパー海物語IN沖縄30KD","パチスロスーパー海物語IN沖縄30KD",,,"三洋物産","5号機","A","0S1110","2011/2/1","0","0","0"
"6273","S","パチスロろくでなしBLUES","ろくでなしBLUES-F",,,"サミー","5号機","RT","0S0999","2011/2/1","0","0","0"
"6272","S","パチスロ装甲騎兵ボトムズ","装甲騎兵ボトムズS",,,"サミー","5号機","ART","0S1260","2011/3/1","0","0","0"
"6269","S","モバスロ ヱヴァンゲリヲン~真実の翼~","ヱヴァンゲリヲン・真実の翼G",,,"ビスティ","5号機","RT","0S1265","2011/3/1","0","0","0"
"6263","S","シオサイマックス-30","シオサイマックスS-30",,,"パイオニア","5号機","A","0S1121","2011/2/1","0","0","0"
"6256","S","BREAKER",,,,"ラスター","5号機","A",,"2011/2/1","0","0","0"
"6247","S","GETだ!BILLY","GETだ!BILLY-B",,,"エレコ","5号機","A","0S1131","2011/3/1","0","0","0"
"6245","S","残機尽きるまで私は戦う","残機尽きるまで私は戦うS",,,"トリビー","5号機","ART","0S1201","2011/3/1","0","0","0"
"6244","S","戦国BASARA2","戦国BASARA2V",,,"エンターライズ","5号機","ART","0S1154","2011/2/1","0","0","0"
"6240","S","パチスロ「モンキーターン」","モンキーターン",,,"山佐","5号機","ART","0S1073","2011/3/1","0","0","0"
"6239","S","アイムジャグラーAPEX","アイムジャグラーAPEXVI",,,"北電子","5号機","A","0S1109","2011/3/1","0","0","0"
"6238","S","テンションブースター","テンションブースター2",,,"北電子","5号機","RT","0S0765","2011/3/1","0","0","0"
"6232","S","パチスロ 創聖のアクエリオン","パチスロ創聖のアクエリオンV",,,"SANKYO","5号機","ART","0S1291","2011/3/1","0","0","0"
"6221","S","パチスロ真・三國無双","真・三国無双4G",,,"オリンピア","5号機","ART","0S0797","2011/2/1","0","0","0"
"6219","S","幕末維新龍馬烈伝","幕末維新龍馬烈伝E",,,"DAXEL","5号機","ART","0S1031","2011/2/1","0","0","0"
"6216","S","楽々温泉記","楽々温泉記",,,"アイウィル","5号機","A","0S0727","2011/2/1","0","0","0"
"6214","S","一騎当千BB Gaiden","一騎当千BB外伝S",,,"タイヨー","5号機","ART","0S1182","2011/2/1","0","0","0"
"6213","S","キャプテンハーロックG","キャプテンハーロックG",,,"SANKYO","5号機","ART","0S0498","2011/1/1","0","0","0"
"6212","S","じゃりン子チエ 雷蔵伝説","ジャリンコチエ2",,,"バルテック","5号機","ART","0S0992","2011/1/1","0","0","0"
"6209","S","超重神グラヴィオン","超重神グラヴィオンXA",,,"ロデオ","5号機","ART","0S1083","2011/1/1","0","0","0"
"6202","S","凄忍","スゴニン2",,,"ユニバーサルエンターテインメント","5号機","ART","9S1007","2011/1/1","0","0","0"
"6201","S","燃えよ!功夫大戦","カンフー大戦G",,,"山佐","5号機","ART","0S0822","2011/1/1","0","0","0"
"6200","S","秘宝伝~封じられた女神~","ヒホウデンフウジラレタメガミ",,,"大都技研","5号機","ART","0S1019","2011/2/1","0","0","0"
"6199","S","サムライチャンプルー極","サムライチャンプルー極Y",,,"ニューギン","5号機","ART","0S0826","2011/1/1","0","0","0"
"6197","S","あっぱれ剣士道","あっぱれ剣士道E",,,"タイヨーエレック","5号機","RT","0S0654","2011/1/1","0","0","0"
"6182","S","パチスロスーパー海物語IN沖縄","パチスロスーパー海物語IN沖縄KD",,,"三洋物産","5号機","A","0S0933","2011/2/1","0","0","0"
"6181","S","頑固一徹","頑固一徹",,,"アリストクラートテクノロジーズ","5号機","A","0S1138","2011/2/1","0","0","0"
"6177","S","NEOイミソーレ-30","イミソーレ2X-30",,,"エマ","5号機","A","0S1081","2011/2/1","0","0","0"
"6176","S","スーパーコケコケ",,,,"ラスター","5号機","A",,"2010/12/1","0","0","0"
"6169","S","シスタークエスト2~魔剣の騎士と白銀の巫女~","シスタークエスト2D",,,"SNKプレイモア","5号機","A","0S0717","2011/1/1","0","0","0"
"6165","S","リーチジャック",,,,"ヤーマ","5号機","A",,"2010/8/1","0","0","0"
"6163","S","ロンゴロンゴ","ロンゴロンゴ3",,,"アリストクラートテクノロジーズ","5号機","ART","0S0025","2010/12/1","0","0","0"
"6159","S","サクラ大戦3","サクラ大戦3AX",,,"サミー","5号機","ART","0S0914","2011/1/1","0","0","0"
"6156","S","ハーレムエース2","ハーレムエース2B",,,"ネット","5号機","RT","0S1036","2011/1/1","0","0","0"
"6146","S","走れメロス","ハシレメロス",,,"JPS","5号機","ART","0S0626","2010/12/1","0","0","0"
"6144","S","幻想水滸伝","幻想水滸伝E",,,"KPE","5号機","ART","0S0881","2011/1/1","0","0","0"
"6140","S","スペシャルハナハナII-30","ハナハナG-30",,,"パイオニア","5号機","A","0S0790","2010/12/1","0","0","0"
"6139","S","エピソードドライブ","エピソード ドライブZ",,,"ニューギン","5号機","RT","0S0398","2010/11/1","0","0","0"
"6131","S","俺の空~蒼き正義魂~","俺の空 蒼き正義魂",,,"ロデオ","5号機","ART","0S0855","2010/11/1","0","0","0"
"6128","S","パチスロ戦国無双~猛将伝~","パチスロモウショウデンH",,,"山佐","5号機","ART","0S0741","2010/11/1","0","0","0"
"6127","S","月面兎兵器ミーナ","月面兎兵器ミーナB",,,"スパイキー","5号機","ART","0S0800","2010/11/1","0","0","0"
"6126","S","アントニオ猪木が元気にするパチスロ機","アントニオ猪木が元気にするパチスロ機",,,"オリンピア","5号機","ART","0S0456","2010/11/1","0","0","0"
"6125","S","捕物帳 斬","トリモノチョウザンR",,,"ベルコ","5号機","ART","0S0908","2010/11/1","0","0","0"
"6124","S","エニィバー30","エニィバー-30",,,"ヤーマ","5号機","RT","0S0738","","0","0","0"
"6123","S","エニィバー","エニィバー",,,"ヤーマ","5号機","RT","0S0625","2010/11/1","0","0","0"
"6122","S","極楽パロディウスA","極楽パロディウスAK",,,"KPE","5号機","A","0S0282","2010/10/1","0","0","0"
"6120","S","緑ドンVIVA!情熱南米編","緑ドンE",,,"エレコ","5号機","ART","0S1079","2010/12/1","0","0","0"
"6119","S","サイボーグ009~地上より永遠に~","サイボーグ009V",,,"コナミアミューズメント","5号機","ART","0S0774","2010/11/1","0","0","0"
"6116","S","パチスロ超時空要塞マクロス","超時空要塞マクロスZG",,,"SANKYO","5号機","ART","0S0666","2010/11/1","0","0","0"
"6114","S","ニューパルサーV2~ブラックVer.~","ニューパルサーV2",,,"山佐","5号機","A","0S0459","2010/11/1","0","0","0"
"6113","S","ジャイアン~情熱のタイ編~","ジャイアン",,,"ラスター","5号機","ART","0S0384","2010/10/1","0","0","0"
"6112","S","009-1","ゼロゼロナインワン",,,"オーイズミ","5号機","ART","0S0395","2011/1/1","0","0","0"
"6111","S","TRIPLE STAR-30","ベースボールゲームトリプルスター-30",,,"プレノ","5号機","A","0S0233","","0","0","0"
"6108","S","舞-HiME","マイヒメL",,,"岡崎産業","5号機","RT","0S0424","2010/10/1","0","0","0"
"6101","S","ワニワニパニック~キミのハートをワニづかみ~","パチスロワニワニパニック",,,"Daiichi","5号機","A","9S1084","2010/9/1","0","0","0"
"6093","S","ワンバー7N-30","ワンバー7N-30",,,"ベルコ","5号機","ART","0S0273","","0","0","0"
"6088","S","天空のシンフォニア","テンクウノシンフォニア",,,"コルモ","5号機","ART","0S0446","2010/9/1","0","0","0"
"6087","S","ハナノマイ-30","ハナノマイ-30",,,"パイオニア","5号機","A","0S0316","2010/8/1","0","0","0"
"6084","S","ビッグシオV","ビッグシオV",,,"パイオニア","5号機","ART","0S0376","2010/9/1","0","0","0"
"6083","S","マッハGoGoGo3","マッハGoGoGo3C",,,"アリストクラートテクノロジーズ","5号機","ART","0S0613","2010/9/1","0","0","0"
"6080","S","出番だ!葉月ちゃん","出番だ!葉月ちゃんEA",,,"エレコ","5号機","RT","0S0151","2010/9/1","0","0","0"
"6079","S","極お父さん~舞い降りた天使???~","ハイパーオトウサンD",,,"SNKプレイモア","5号機","ART","0S0328","2010/9/1","0","0","0"
"6078","S","ロケットパニック","ロケットパニック2",,,"JPS","5号機","ART","9S1020","2010/9/1","0","0","0"
"6074","S","茉莉花の剣","茉莉花の剣2",,,"ネット","5号機","ART","0S0597","2010/9/1","0","0","0"
"6066","S","Myジャグラー","マイジャグラー",,,"北電子","5号機","A","0S0044","2010/9/1","0","0","0"
"1","V","バラエティ",,,"バラエティ","NA","NA","NA",,"","0","0","1"
